{"parameters": [[64, 0.4, 50, 32]], "report": {"air_conditioner": {"precision": 0.31986062717770036, "recall": 0.57375, "f1-score": 0.4107382550335571, "support": 800}, "car_horn": {"precision": 0.0, "recall": 0.0, "f1-score": 0.0, "support": 211}, "children_playing": {"precision": 0.174090571640683, "recall": 0.5944233206590621, "f1-score": 0.2693080677576802, "support": 789}, "dog_bark": {"precision": 0.49633699633699635, "recall": 0.46563573883161513, "f1-score": 0.4804964539007092, "support": 582}, "drilling": {"precision": 0.5346260387811634, "recall": 0.26620689655172414, "f1-score": 0.3554327808471455, "support": 725}, "engine_idling": {"precision": 0.44084278768233387, "recall": 0.32075471698113206, "f1-score": 0.3713310580204777, "support": 848}, "gun_shot": {"precision": 0.0, "recall": 0.0, "f1-score": 0.0, "support": 83}, "jackhammer": {"precision": 0.26666666666666666, "recall": 0.1692047377326565, "f1-score": 0.2070393374741201, "support": 591}, "siren": {"precision": 0.0, "recall": 0.0, "f1-score": 0.0, "support": 926}, "street_music": {"precision": 0.14067278287461774, "recall": 0.0575, "f1-score": 0.0816326530612245, "support": 800}, "accuracy": 0.28481510621557826, "macro avg": {"precision": 0.23730964711601618, "recall": 0.24474754107561897, "f1-score": 0.21759786060949143, "support": 6355}, "weighted avg": {"precision": 0.26966024909605785, "recall": 0.28481510621557826, "f1-score": 0.24877537055383137, "support": 6355}}, "finalAcc": 0.34629157185554504, "finalVal": 0.2998768389225006, "finalAccData": [0.12651965022087097, 0.14206954836845398, 0.14508529007434845, 0.1400904655456543, 0.1442842334508896, 0.13900668919086456, 0.13650928437709808, 0.13994911313056946, 0.13745170831680298, 0.14348317682743073, 0.14960889518260956, 0.1505984365940094, 0.15488643944263458, 0.1533314436674118, 0.15507492423057556, 0.1551220417022705, 0.15337857604026794, 0.1671849936246872, 0.16694939136505127, 0.1766563057899475, 0.1771746277809143, 0.18259353935718536, 0.18570351600646973, 0.18867212533950806, 0.19404391944408417, 0.19526906311511993, 0.19541043043136597, 0.19771935045719147, 0.20214872062206268, 0.20455187559127808, 0.2042691558599472, 0.21133729815483093, 0.21736876666545868, 0.21972481906414032, 0.21746301651000977, 0.21977193653583527, 0.2374422699213028, 0.25525397062301636, 0.25831684470176697, 0.26500800251960754, 0.27080386877059937, 0.2798982262611389, 0.2868250012397766, 0.2968617379665375, 0.3068985044956207, 0.3135896623134613, 0.3282913863658905, 0.33319196105003357, 0.3412025272846222, 0.34629157185554504], "finalValData": [0.1428571492433548, 0.14131774008274078, 0.13854679465293884, 0.1394704431295395, 0.14008620381355286, 0.13639162480831146, 0.14224137365818024, 0.1339285671710968, 0.13269704580307007, 0.13362069427967072, 0.13084974884986877, 0.13300491869449615, 0.13423645496368408, 0.13331280648708344, 0.1394704431295395, 0.14039409160614014, 0.14070196449756622, 0.14347290992736816, 0.14685960114002228, 0.14870689809322357, 0.1607142835855484, 0.16348522901535034, 0.16379310190677643, 0.189039409160614, 0.17272166907787323, 0.18811576068401337, 0.1785714328289032, 0.19334974884986877, 0.16717980802059174, 0.17733989655971527, 0.19027093052864075, 0.189039409160614, 0.20320196449756622, 0.1681034415960312, 0.19519704580307007, 0.18626847863197327, 0.17795567214488983, 0.19919951260089874, 0.2213670015335083, 0.2019704431295395, 0.2176724076271057, 0.21921181678771973, 0.2786329984664917, 0.2844827473163605, 0.2894088625907898, 0.28263548016548157, 0.26847290992736816, 0.30110836029052734, 0.283559113740921, 0.2998768389225006]}