{"parameters": [[64, 0.4, 40, 32]], "report": {"air_conditioner": {"precision": 0.1822950819672131, "recall": 0.695, "f1-score": 0.2888311688311688, "support": 800}, "car_horn": {"precision": 0.0, "recall": 0.0, "f1-score": 0.0, "support": 211}, "children_playing": {"precision": 0.2915742793791574, "recall": 0.3333333333333333, "f1-score": 0.3110585452395032, "support": 789}, "dog_bark": {"precision": 0.540447504302926, "recall": 0.5395189003436426, "f1-score": 0.5399828030954428, "support": 582}, "drilling": {"precision": 0.5603217158176944, "recall": 0.2882758620689655, "f1-score": 0.3806921675774135, "support": 725}, "engine_idling": {"precision": 0.0, "recall": 0.0, "f1-score": 0.0, "support": 848}, "gun_shot": {"precision": 0.75, "recall": 0.07228915662650602, "f1-score": 0.13186813186813184, "support": 83}, "jackhammer": {"precision": 0.29914529914529914, "recall": 0.41455160744500846, "f1-score": 0.3475177304964539, "support": 591}, "siren": {"precision": 0.0, "recall": 0.0, "f1-score": 0.0, "support": 926}, "street_music": {"precision": 0.12861736334405144, "recall": 0.1, "f1-score": 0.11251758087201125, "support": 800}, "accuracy": 0.26325727773406765, "macro avg": {"precision": 0.27524012439563417, "recall": 0.2442968859817456, "f1-score": 0.21124681279801255, "support": 6355}, "weighted avg": {"precision": 0.2263730331937325, "recall": 0.26325727773406765, "f1-score": 0.21606672518019573, "support": 6355}}, "finalAcc": 0.27824899554252625, "finalVal": 0.2967980206012726, "finalAccData": [0.1189803034067154, 0.14753557741641998, 0.1440957486629486, 0.1469230055809021, 0.13928942382335663, 0.14277637004852295, 0.1437658965587616, 0.14532089233398438, 0.14993874728679657, 0.14970314502716064, 0.1551220417022705, 0.1593158096075058, 0.16096504032611847, 0.1625671535730362, 0.16732636094093323, 0.1681274175643921, 0.16685515642166138, 0.17067193984985352, 0.17434737086296082, 0.17830553650856018, 0.1814626306295395, 0.18014325201511383, 0.1859862357378006, 0.18791820108890533, 0.19550466537475586, 0.19559890031814575, 0.19710677862167358, 0.20346809923648834, 0.20389218628406525, 0.2029968947172165, 0.21190273761749268, 0.21491847932338715, 0.22250494360923767, 0.2204316258430481, 0.22363585233688354, 0.23499198257923126, 0.2534162700176239, 0.2652907371520996, 0.27344265580177307, 0.27824899554252625], "finalValData": [0.15455664694309235, 0.14316502213478088, 0.13700738549232483, 0.14316502213478088, 0.13608373701572418, 0.13669951260089874, 0.13885468244552612, 0.13700738549232483, 0.13700738549232483, 0.13700738549232483, 0.13823892176151276, 0.1376231461763382, 0.1376231461763382, 0.14408867061138153, 0.1447044312953949, 0.14039409160614014, 0.14316502213478088, 0.14593596756458282, 0.1443965584039688, 0.10929802805185318, 0.14224137365818024, 0.1376231461763382, 0.14347290992736816, 0.16471675038337708, 0.1659482717514038, 0.18165025115013123, 0.1696428507566452, 0.19766010344028473, 0.18103447556495667, 0.18165025115013123, 0.18442118167877197, 0.19889162480831146, 0.20227833092212677, 0.18288177251815796, 0.19027093052864075, 0.23245073854923248, 0.23491379618644714, 0.23306649923324585, 0.2626231610774994, 0.2967980206012726]}