{"parameters": [[256, 0.5, 40, 16]], "report": {"air_conditioner": {"precision": 0.49165596919127086, "recall": 0.47875, "f1-score": 0.4851171627612413, "support": 800}, "car_horn": {"precision": 0.62, "recall": 0.14691943127962084, "f1-score": 0.2375478927203065, "support": 211}, "children_playing": {"precision": 0.3171774768353528, "recall": 0.5640050697084917, "f1-score": 0.40602189781021897, "support": 789}, "dog_bark": {"precision": 0.7632978723404256, "recall": 0.49312714776632305, "f1-score": 0.5991649269311066, "support": 582}, "drilling": {"precision": 0.47433264887063653, "recall": 0.31862068965517243, "f1-score": 0.3811881188118812, "support": 725}, "engine_idling": {"precision": 0.6807387862796834, "recall": 0.30424528301886794, "f1-score": 0.42053789731051344, "support": 848}, "gun_shot": {"precision": 0.6347826086956522, "recall": 0.8795180722891566, "f1-score": 0.7373737373737373, "support": 83}, "jackhammer": {"precision": 0.35361216730038025, "recall": 0.15736040609137056, "f1-score": 0.21779859484777517, "support": 591}, "siren": {"precision": 0.6868571428571428, "recall": 0.6490280777537797, "f1-score": 0.6674069961132704, "support": 926}, "street_music": {"precision": 0.2714987714987715, "recall": 0.5525, "f1-score": 0.3640856672158154, "support": 800}, "accuracy": 0.44752163650668764, "macro avg": {"precision": 0.5293953443869317, "recall": 0.45440741775627835, "f1-score": 0.45162428918958664, "support": 6355}, "weighted avg": {"precision": 0.5121471764524966, "recall": 0.44752163650668764, "f1-score": 0.44680842256611647, "support": 6355}}, "finalAcc": 0.5913674235343933, "finalVal": 0.44581282138824463, "finalAccData": [0.14056168496608734, 0.14706437289714813, 0.13203279674053192, 0.1481952667236328, 0.16921119391918182, 0.18476109206676483, 0.19206483662128448, 0.205635666847229, 0.21576665341854095, 0.22919611632823944, 0.23899726569652557, 0.236923947930336, 0.2560550272464752, 0.2796626091003418, 0.2922438979148865, 0.29808688163757324, 0.3189614415168762, 0.31962114572525024, 0.33672603964805603, 0.35156911611557007, 0.36287814378738403, 0.37414005398750305, 0.3763076066970825, 0.3941664397716522, 0.4206955134868622, 0.45825088024139404, 0.4639996290206909, 0.4760625660419464, 0.49929317831993103, 0.5140891671180725, 0.5181886553764343, 0.5257280468940735, 0.5393459796905518, 0.545989990234375, 0.5531995296478271, 0.5662519931793213, 0.5693619847297668, 0.5811893343925476, 0.5853831171989441, 0.5913674235343933], "finalValData": [0.1480911374092102, 0.13977833092212677, 0.14162561297416687, 0.13546797633171082, 0.1551724076271057, 0.15640394389629364, 0.1748768538236618, 0.18688423931598663, 0.22721675038337708, 0.2663177251815796, 0.24076354503631592, 0.2697044312953949, 0.24938423931598663, 0.29033252596855164, 0.2897167503833771, 0.35437193512916565, 0.32758620381355286, 0.33466747403144836, 0.3362068831920624, 0.3503694534301758, 0.33497536182403564, 0.34913793206214905, 0.3408251106739044, 0.35775861144065857, 0.373460590839386, 0.33866995573043823, 0.3466748893260956, 0.3805418610572815, 0.3928571343421936, 0.36730295419692993, 0.36145320534706116, 0.4147167503833771, 0.4067118167877197, 0.42087438702583313, 0.43626847863197327, 0.4341132938861847, 0.439039409160614, 0.42980295419692993, 0.45997536182403564, 0.44581282138824463]}