{"parameters": [[128, 0.5, 30, 32]], "report": {"air_conditioner": {"precision": 0.0, "recall": 0.0, "f1-score": 0.0, "support": 800}, "car_horn": {"precision": 0.0, "recall": 0.0, "f1-score": 0.0, "support": 211}, "children_playing": {"precision": 0.08264462809917356, "recall": 0.012674271229404309, "f1-score": 0.021978021978021973, "support": 789}, "dog_bark": {"precision": 0.0, "recall": 0.0, "f1-score": 0.0, "support": 582}, "drilling": {"precision": 0.5406824146981627, "recall": 0.28413793103448276, "f1-score": 0.3725135623869801, "support": 725}, "engine_idling": {"precision": 0.0, "recall": 0.0, "f1-score": 0.0, "support": 848}, "gun_shot": {"precision": 0.0, "recall": 0.0, "f1-score": 0.0, "support": 83}, "jackhammer": {"precision": 0.25, "recall": 0.1895093062605753, "f1-score": 0.21559191530317615, "support": 591}, "siren": {"precision": 0.0, "recall": 0.0, "f1-score": 0.0, "support": 926}, "street_music": {"precision": 0.13612759643916914, "recall": 0.9175, "f1-score": 0.23708010335917315, "support": 800}, "accuracy": 0.16711250983477577, "macro avg": {"precision": 0.10094546392365053, "recall": 0.14038215085244624, "f1-score": 0.08471636030273513, "support": 6355}, "weighted avg": {"precision": 0.11232941610979563, "recall": 0.16711250983477577, "f1-score": 0.09512067611372707, "support": 6355}}, "finalAcc": 0.20021675527095795, "finalVal": 0.22629310190677643, "finalAccData": [0.12783902883529663, 0.1377815455198288, 0.13782866299152374, 0.14065591990947723, 0.13886532187461853, 0.14108000695705414, 0.14046743512153625, 0.14126849174499512, 0.14423711597919464, 0.14876072108745575, 0.14810103178024292, 0.14894920587539673, 0.14762981235980988, 0.15064555406570435, 0.15766657888889313, 0.15380266308784485, 0.16638393700122833, 0.16115352511405945, 0.1670907586812973, 0.17312222719192505, 0.18080294132232666, 0.1845254898071289, 0.18216945230960846, 0.17731599509716034, 0.1872585117816925, 0.18363019824028015, 0.1882951706647873, 0.19244180619716644, 0.19305437803268433, 0.20021675527095795], "finalValData": [0.16102217137813568, 0.12346059083938599, 0.14501231908798218, 0.13823892176151276, 0.13823892176151276, 0.13793103396892548, 0.13516010344028473, 0.1376231461763382, 0.1376231461763382, 0.1376231461763382, 0.13700738549232483, 0.1376231461763382, 0.13823892176151276, 0.1373152732849121, 0.14039409160614014, 0.1391625553369522, 0.13885468244552612, 0.13977833092212677, 0.14685960114002228, 0.17456896603107452, 0.18103447556495667, 0.1819581240415573, 0.1785714328289032, 0.20566502213478088, 0.20504926145076752, 0.1964285671710968, 0.22352217137813568, 0.1927339881658554, 0.21213054656982422, 0.22629310190677643]}