{"parameters": [[512, 0.5, 30, 32]], "report": {"air_conditioner": {"precision": 0.19699499165275458, "recall": 0.295, "f1-score": 0.23623623623623624, "support": 800}, "car_horn": {"precision": 0.75, "recall": 0.04265402843601896, "f1-score": 0.08071748878923768, "support": 211}, "children_playing": {"precision": 0.29969650986342944, "recall": 0.5006337135614702, "f1-score": 0.3749406739439962, "support": 789}, "dog_bark": {"precision": 0.7255369928400954, "recall": 0.5223367697594502, "f1-score": 0.6073926073926075, "support": 582}, "drilling": {"precision": 0.5236220472440944, "recall": 0.36689655172413793, "f1-score": 0.43146796431467965, "support": 725}, "engine_idling": {"precision": 0.3200992555831266, "recall": 0.15212264150943397, "f1-score": 0.20623501199040767, "support": 848}, "gun_shot": {"precision": 0.8395061728395061, "recall": 0.8192771084337349, "f1-score": 0.8292682926829269, "support": 83}, "jackhammer": {"precision": 0.4027027027027027, "recall": 0.2521150592216582, "f1-score": 0.3100936524453694, "support": 591}, "siren": {"precision": 0.6338624338624339, "recall": 0.6468682505399568, "f1-score": 0.6402993051843934, "support": 926}, "street_music": {"precision": 0.3006357856494096, "recall": 0.41375, "f1-score": 0.34823776959495006, "support": 800}, "accuracy": 0.3911880409126672, "macro avg": {"precision": 0.49926568922375514, "recall": 0.40116541231858616, "f1-score": 0.4064889002574804, "support": 6355}, "weighted avg": {"precision": 0.4344265577250925, "recall": 0.3911880409126672, "f1-score": 0.38814392160951094, "support": 6355}}, "finalAcc": 0.5098011493682861, "finalVal": 0.4535098373889923, "finalAccData": [0.15644143521785736, 0.18056733906269073, 0.20318537950515747, 0.21397605538368225, 0.22113844752311707, 0.23032702505588531, 0.2525680959224701, 0.2673640549182892, 0.2755630910396576, 0.29464706778526306, 0.2989822030067444, 0.30883046984672546, 0.3284798860549927, 0.3342757523059845, 0.3397417664527893, 0.35345396399497986, 0.3602393865585327, 0.37216097116470337, 0.36961644887924194, 0.37970030307769775, 0.38780510425567627, 0.39859580993652344, 0.4122137427330017, 0.4253133535385132, 0.43841296434402466, 0.44892093539237976, 0.46173781156539917, 0.47295260429382324, 0.49491095542907715, 0.5098011493682861], "finalValData": [0.22383004426956177, 0.2302955687046051, 0.2894088625907898, 0.28633004426956177, 0.32019704580307007, 0.28294333815574646, 0.29587438702583313, 0.309421181678772, 0.30295565724372864, 0.32450738549232483, 0.3072659969329834, 0.34759852290153503, 0.341440886259079, 0.3358990252017975, 0.33651477098464966, 0.3623768389225006, 0.3463670015335083, 0.34390392899513245, 0.3931650221347809, 0.4174876809120178, 0.3876231610774994, 0.42395320534706116, 0.3962438404560089, 0.439039409160614, 0.47044333815574646, 0.42980295419692993, 0.4658251106739044, 0.44889163970947266, 0.47075122594833374, 0.4535098373889923]}