{"parameters": [[128, 0.4, 40, 16]], "report": {"air_conditioner": {"precision": 0.26376554174067496, "recall": 0.37125, "f1-score": 0.308411214953271, "support": 800}, "car_horn": {"precision": 0.7272727272727273, "recall": 0.07582938388625593, "f1-score": 0.13733905579399142, "support": 211}, "children_playing": {"precision": 0.2697967764540995, "recall": 0.4879594423320659, "f1-score": 0.3474729241877256, "support": 789}, "dog_bark": {"precision": 0.6546610169491526, "recall": 0.5309278350515464, "f1-score": 0.5863377609108159, "support": 582}, "drilling": {"precision": 0.5375939849624061, "recall": 0.39448275862068966, "f1-score": 0.45505171042163883, "support": 725}, "engine_idling": {"precision": 0.4881656804733728, "recall": 0.1945754716981132, "f1-score": 0.2782462057335582, "support": 848}, "gun_shot": {"precision": 0.881578947368421, "recall": 0.8072289156626506, "f1-score": 0.8427672955974843, "support": 83}, "jackhammer": {"precision": 0.3686440677966102, "recall": 0.14720812182741116, "f1-score": 0.21039903264812576, "support": 591}, "siren": {"precision": 0.6666666666666666, "recall": 0.6285097192224622, "f1-score": 0.6470261256253476, "support": 926}, "street_music": {"precision": 0.33280127693535516, "recall": 0.52125, "f1-score": 0.4062347783731125, "support": 800}, "accuracy": 0.4108575924468922, "macro avg": {"precision": 0.5190946686619486, "recall": 0.41592216483011957, "f1-score": 0.4219286104245071, "support": 6355}, "weighted avg": {"precision": 0.4621059850596277, "recall": 0.4108575924468922, "f1-score": 0.405256810093517, "support": 6355}}, "finalAcc": 0.5594666004180908, "finalVal": 0.42241379618644714, "finalAccData": [0.13886532187461853, 0.1529073566198349, 0.15790218114852905, 0.16275563836097717, 0.16421638429164886, 0.16911695897579193, 0.17194421589374542, 0.17976628243923187, 0.17689190804958344, 0.18721137940883636, 0.19484497606754303, 0.19946281611919403, 0.20770898461341858, 0.216237872838974, 0.22297616302967072, 0.24107058346271515, 0.2542644441127777, 0.2648666501045227, 0.2789557874202728, 0.28729620575904846, 0.3037413954734802, 0.31712374091148376, 0.33319196105003357, 0.34558477997779846, 0.36551693081855774, 0.38210347294807434, 0.39228159189224243, 0.40509846806526184, 0.43063801527023315, 0.4409574866294861, 0.4561304450035095, 0.4634813070297241, 0.4811987578868866, 0.5052775144577026, 0.5190839767456055, 0.5261049866676331, 0.5361417531967163, 0.5409480929374695, 0.5548487305641174, 0.5594666004180908], "finalValData": [0.17025862634181976, 0.15147782862186432, 0.15424877405166626, 0.157019704580307, 0.14747537672519684, 0.14901477098464966, 0.1748768538236618, 0.17949508130550385, 0.1714901477098465, 0.1751847267150879, 0.19365763664245605, 0.2355295568704605, 0.18442118167877197, 0.23676107823848724, 0.1730295568704605, 0.2607758641242981, 0.2549261152744293, 0.22629310190677643, 0.2946428656578064, 0.2931034564971924, 0.2943349778652191, 0.3032635450363159, 0.30110836029052734, 0.30818966031074524, 0.3771551847457886, 0.3374384343624115, 0.33497536182403564, 0.37253695726394653, 0.371921181678772, 0.4174876809120178, 0.42949506640434265, 0.40240147709846497, 0.3925492465496063, 0.3947044312953949, 0.41163793206214905, 0.42087438702583313, 0.44027093052864075, 0.4532019793987274, 0.4227216839790344, 0.42241379618644714]}