{"parameters": [[512, 0.3, 50, 32]], "report": {"air_conditioner": {"precision": 0.3177842565597668, "recall": 0.2725, "f1-score": 0.29340511440107675, "support": 800}, "car_horn": {"precision": 0.5773195876288659, "recall": 0.26540284360189575, "f1-score": 0.36363636363636365, "support": 211}, "children_playing": {"precision": 0.427262313860252, "recall": 0.47275031685678076, "f1-score": 0.44885679903730447, "support": 789}, "dog_bark": {"precision": 0.6563944530046225, "recall": 0.7319587628865979, "f1-score": 0.6921202274573518, "support": 582}, "drilling": {"precision": 0.4744744744744745, "recall": 0.43586206896551727, "f1-score": 0.4543493889288282, "support": 725}, "engine_idling": {"precision": 0.5656565656565656, "recall": 0.2641509433962264, "f1-score": 0.360128617363344, "support": 848}, "gun_shot": {"precision": 0.8, "recall": 0.8674698795180723, "f1-score": 0.8323699421965319, "support": 83}, "jackhammer": {"precision": 0.3902439024390244, "recall": 0.16243654822335024, "f1-score": 0.22939068100358426, "support": 591}, "siren": {"precision": 0.6240601503759399, "recall": 0.6274298056155507, "f1-score": 0.6257404415724286, "support": 926}, "street_music": {"precision": 0.30447414294015107, "recall": 0.655, "f1-score": 0.41570805236017455, "support": 800}, "accuracy": 0.4541306058221872, "macro avg": {"precision": 0.5137669846939663, "recall": 0.4754961169063991, "f1-score": 0.47157056279569876, "support": 6355}, "weighted avg": {"precision": 0.47794449994247046, "recall": 0.4541306058221872, "f1-score": 0.4437237472896776, "support": 6355}}, "finalAcc": 0.8508151769638062, "finalVal": 0.5024630427360535, "finalAccData": [0.20874564349651337, 0.23494486510753632, 0.2511073350906372, 0.26774102449417114, 0.2864951491355896, 0.31533315777778625, 0.3328149914741516, 0.37173688411712646, 0.4116954207420349, 0.45080575346946716, 0.48543962836265564, 0.5212986469268799, 0.551314651966095, 0.5817548036575317, 0.6038073897361755, 0.6227499842643738, 0.6374987959861755, 0.6545565724372864, 0.6626142859458923, 0.6756667494773865, 0.6942794919013977, 0.70323246717453, 0.7135048508644104, 0.7234473824501038, 0.7319291234016418, 0.7443690299987793, 0.746300995349884, 0.7551126480102539, 0.7668928503990173, 0.7739138603210449, 0.7773537039756775, 0.7806521654129028, 0.7897936105728149, 0.7945528030395508, 0.800018846988678, 0.8071812391281128, 0.8078880310058594, 0.812317430973053, 0.8160399794578552, 0.8253228068351746, 0.8274432420730591, 0.8273960947990417, 0.8338516354560852, 0.835359513759613, 0.8441711664199829, 0.8405899405479431, 0.8462916016578674, 0.8465743064880371, 0.8528413772583008, 0.8508151769638062], "finalValData": [0.2894088625907898, 0.24045567214488983, 0.2284482717514038, 0.2521551847457886, 0.27432265877723694, 0.3088054060935974, 0.3479064106941223, 0.378078818321228, 0.4602832496166229, 0.46674877405166626, 0.45043104887008667, 0.46151477098464966, 0.4575123190879822, 0.4836822748184204, 0.48306649923324585, 0.5012315511703491, 0.47814038395881653, 0.4950738847255707, 0.49384236335754395, 0.48983991146087646, 0.47383004426956177, 0.4941502511501312, 0.4876847267150879, 0.49199506640434265, 0.4959975481033325, 0.49045565724372864, 0.4959975481033325, 0.5073891878128052, 0.5083128213882446, 0.503078818321228, 0.49199506640434265, 0.4978448152542114, 0.5055418610572815, 0.506465494632721, 0.48306649923324585, 0.5123152732849121, 0.49568966031074524, 0.4959975481033325, 0.48706895112991333, 0.5058497786521912, 0.5033866763114929, 0.4839901626110077, 0.5003078579902649, 0.49938422441482544, 0.5043103694915771, 0.49876847863197327, 0.5, 0.5040024518966675, 0.5089285969734192, 0.5024630427360535]}