{"parameters": [[256, 0.4, 40, 16]], "report": {"air_conditioner": {"precision": 0.4122222222222222, "recall": 0.46375, "f1-score": 0.43647058823529417, "support": 800}, "car_horn": {"precision": 0.5789473684210527, "recall": 0.26066350710900477, "f1-score": 0.35947712418300654, "support": 211}, "children_playing": {"precision": 0.3417004048582996, "recall": 0.5348542458808618, "f1-score": 0.4169960474308301, "support": 789}, "dog_bark": {"precision": 0.7623318385650224, "recall": 0.584192439862543, "f1-score": 0.6614785992217899, "support": 582}, "drilling": {"precision": 0.5073170731707317, "recall": 0.4303448275862069, "f1-score": 0.46567164179104475, "support": 725}, "engine_idling": {"precision": 0.5736738703339882, "recall": 0.3443396226415094, "f1-score": 0.43036109064112005, "support": 848}, "gun_shot": {"precision": 0.6990291262135923, "recall": 0.8674698795180723, "f1-score": 0.7741935483870969, "support": 83}, "jackhammer": {"precision": 0.45054945054945056, "recall": 0.20812182741116753, "f1-score": 0.2847222222222222, "support": 591}, "siren": {"precision": 0.7304878048780488, "recall": 0.6468682505399568, "f1-score": 0.6861397479954181, "support": 926}, "street_music": {"precision": 0.3053715967623252, "recall": 0.51875, "f1-score": 0.38443723946271424, "support": 800}, "accuracy": 0.4722265932336743, "macro avg": {"precision": 0.5361630755974734, "recall": 0.48593546005493227, "f1-score": 0.48999478495705373, "support": 6355}, "weighted avg": {"precision": 0.5136928197579939, "recall": 0.4722265932336743, "f1-score": 0.4747472558908615, "support": 6355}}, "finalAcc": 0.673546314239502, "finalVal": 0.49230295419692993, "finalAccData": [0.16209593415260315, 0.19969843327999115, 0.22165676951408386, 0.2553010880947113, 0.2888040840625763, 0.2995005249977112, 0.31415513157844543, 0.3264065682888031, 0.3401658535003662, 0.3535953164100647, 0.37065309286117554, 0.3818678855895996, 0.40029215812683105, 0.4094807207584381, 0.42526623606681824, 0.43600979447364807, 0.45617756247520447, 0.4668268859386444, 0.47347092628479004, 0.495052307844162, 0.504570722579956, 0.5186127424240112, 0.537414014339447, 0.5504664778709412, 0.5608330965042114, 0.5727075934410095, 0.5809066295623779, 0.5931109189987183, 0.5959382057189941, 0.6058806777000427, 0.6169540882110596, 0.6242107152938843, 0.6292055249214172, 0.6390538215637207, 0.6362265348434448, 0.6459805965423584, 0.6583734154701233, 0.662567138671875, 0.6680802702903748, 0.673546314239502], "finalValData": [0.189039409160614, 0.20104679465293884, 0.2503078877925873, 0.29156404733657837, 0.3229679763317108, 0.3001847267150879, 0.32419949769973755, 0.3282019793987274, 0.3408251106739044, 0.35437193512916565, 0.3676108419895172, 0.36176109313964844, 0.38793104887008667, 0.40486451983451843, 0.4094827473163605, 0.4147167503833771, 0.4393472969532013, 0.44181033968925476, 0.42549261450767517, 0.4091748893260956, 0.4233374297618866, 0.44181033968925476, 0.4519704580307007, 0.4424261152744293, 0.4750615656375885, 0.4716748893260956, 0.45658865571022034, 0.4658251106739044, 0.4658251106739044, 0.4729064106941223, 0.48275861144065857, 0.46305418014526367, 0.5326354503631592, 0.4913793206214905, 0.4836822748184204, 0.5129310488700867, 0.5129310488700867, 0.4981527030467987, 0.4762931168079376, 0.49230295419692993]}