{"parameters": [[128, 0.3, 40, 32]], "report": {"air_conditioner": {"precision": 0.27884615384615385, "recall": 0.54375, "f1-score": 0.3686440677966102, "support": 800}, "car_horn": {"precision": 0.8181818181818182, "recall": 0.08530805687203792, "f1-score": 0.15450643776824036, "support": 211}, "children_playing": {"precision": 0.3580819798917247, "recall": 0.5868187579214195, "f1-score": 0.44476464937560034, "support": 789}, "dog_bark": {"precision": 0.7815126050420168, "recall": 0.4793814432989691, "f1-score": 0.5942492012779553, "support": 582}, "drilling": {"precision": 0.507399577167019, "recall": 0.3310344827586207, "f1-score": 0.40066777963272115, "support": 725}, "engine_idling": {"precision": 0.3347107438016529, "recall": 0.38207547169811323, "f1-score": 0.35682819383259906, "support": 848}, "gun_shot": {"precision": 0.6511627906976745, "recall": 0.6746987951807228, "f1-score": 0.6627218934911243, "support": 83}, "jackhammer": {"precision": 0.3373015873015873, "recall": 0.14382402707275804, "f1-score": 0.20166073546856467, "support": 591}, "siren": {"precision": 0.6867469879518072, "recall": 0.5539956803455723, "f1-score": 0.6132695756126718, "support": 926}, "street_music": {"precision": 0.33500837520938026, "recall": 0.25, "f1-score": 0.2863278453829635, "support": 800}, "accuracy": 0.41117230527143983, "macro avg": {"precision": 0.5088952619090834, "recall": 0.4030886715148213, "f1-score": 0.4083640379639051, "support": 6355}, "weighted avg": {"precision": 0.46295922421813124, "recall": 0.41117230527143983, "f1-score": 0.4073171077665873, "support": 6355}}, "finalAcc": 0.538497805595398, "finalVal": 0.45812806487083435, "finalAccData": [0.11634153127670288, 0.17430025339126587, 0.18612760305404663, 0.19253604114055634, 0.1978607177734375, 0.2120441049337387, 0.22302328050136566, 0.23890303075313568, 0.2480444759130478, 0.25841107964515686, 0.26731693744659424, 0.2792385220527649, 0.2925737500190735, 0.299641877412796, 0.30892470479011536, 0.32551127672195435, 0.3418150842189789, 0.3513806462287903, 0.3601922392845154, 0.374187171459198, 0.3811139464378357, 0.39294129610061646, 0.39430779218673706, 0.39430779218673706, 0.409574955701828, 0.4119781255722046, 0.41895201802253723, 0.4209311008453369, 0.4302610456943512, 0.4353029727935791, 0.4482141137123108, 0.46211478114128113, 0.4748845398426056, 0.473518043756485, 0.49038732051849365, 0.500989556312561, 0.5083404183387756, 0.5139006972312927, 0.530769944190979, 0.538497805595398], "finalValData": [0.17426107823848724, 0.2016625553369522, 0.18719211220741272, 0.17118225991725922, 0.18349753320217133, 0.20227833092212677, 0.21366995573043823, 0.2284482717514038, 0.23614531755447388, 0.2730911374092102, 0.2786329984664917, 0.3177340030670166, 0.3235837519168854, 0.3355911374092102, 0.3469827473163605, 0.3894704580307007, 0.41717979311943054, 0.3873152732849121, 0.4322659969329834, 0.40825122594833374, 0.3817734122276306, 0.3700738847255707, 0.3802340030670166, 0.4147167503833771, 0.43657636642456055, 0.41163793206214905, 0.44181033968925476, 0.41656404733657837, 0.4147167503833771, 0.4214901626110077, 0.4193349778652191, 0.4267241358757019, 0.39532020688056946, 0.435960590839386, 0.42056649923324585, 0.43103447556495667, 0.42795565724372864, 0.4141009747982025, 0.43318966031074524, 0.45812806487083435]}