{"parameters": [[64, 0.5, 30, 16]], "report": {"air_conditioner": {"precision": 0.04343971631205674, "recall": 0.06125, "f1-score": 0.0508298755186722, "support": 800}, "car_horn": {"precision": 0.0, "recall": 0.0, "f1-score": 0.0, "support": 211}, "children_playing": {"precision": 0.15869756526840717, "recall": 0.6856780735107731, "f1-score": 0.25774178180085755, "support": 789}, "dog_bark": {"precision": 0.5145833333333333, "recall": 0.42439862542955326, "f1-score": 0.4651600753295669, "support": 582}, "drilling": {"precision": 0.6452991452991453, "recall": 0.2082758620689655, "f1-score": 0.3149113660062565, "support": 725}, "engine_idling": {"precision": 0.0, "recall": 0.0, "f1-score": 0.0, "support": 848}, "gun_shot": {"precision": 0.0, "recall": 0.0, "f1-score": 0.0, "support": 83}, "jackhammer": {"precision": 0.23398692810457516, "recall": 0.30287648054145516, "f1-score": 0.2640117994100295, "support": 591}, "siren": {"precision": 0.0, "recall": 0.0, "f1-score": 0.0, "support": 926}, "street_music": {"precision": 0.10914454277286136, "recall": 0.04625, "f1-score": 0.0649692712906058, "support": 800}, "accuracy": 0.18945712037765539, "macro avg": {"precision": 0.1705151231090379, "recall": 0.1728729041550747, "f1-score": 0.14176241693559885, "support": 6355}, "weighted avg": {"precision": 0.18141549034089569, "recall": 0.18945712037765539, "f1-score": 0.1496557767011755, "support": 6355}}, "finalAcc": 0.2641127109527588, "finalVal": 0.2980295419692993, "finalAccData": [0.1299123615026474, 0.13434171676635742, 0.1341061145067215, 0.1346244513988495, 0.1359909474849701, 0.13773442804813385, 0.14018471539020538, 0.14169257879257202, 0.14522665739059448, 0.1482895165681839, 0.15304872393608093, 0.15516915917396545, 0.1612006425857544, 0.1607765555381775, 0.16553576290607452, 0.1689755916595459, 0.17053058743476868, 0.1711902767419815, 0.17293374240398407, 0.1727452576160431, 0.18028460443019867, 0.19234757125377655, 0.2039393037557602, 0.2089812457561493, 0.22858354449272156, 0.23960983753204346, 0.24644237756729126, 0.25200262665748596, 0.25440579652786255, 0.2641127109527588], "finalValData": [0.13115763664245605, 0.12777093052864075, 0.12807881832122803, 0.12746305763721466, 0.1286945790052414, 0.13454432785511017, 0.1357758641242981, 0.1357758641242981, 0.13793103396892548, 0.1373152732849121, 0.13823892176151276, 0.14039409160614014, 0.1410098522901535, 0.14070196449756622, 0.1428571492433548, 0.14193350076675415, 0.14347290992736816, 0.14193350076675415, 0.14716748893260956, 0.15147782862186432, 0.19211822748184204, 0.24538177251815796, 0.2232142835855484, 0.26662561297416687, 0.2678571343421936, 0.27216747403144836, 0.26139163970947266, 0.2927955687046051, 0.3103448152542114, 0.2980295419692993]}