{"parameters": [[64, 0.3, 30, 16]], "report": {"air_conditioner": {"precision": 0.26605504587155965, "recall": 0.145, "f1-score": 0.18770226537216828, "support": 800}, "car_horn": {"precision": 0.0, "recall": 0.0, "f1-score": 0.0, "support": 211}, "children_playing": {"precision": 0.24597974985110185, "recall": 0.523447401774398, "f1-score": 0.3346839546191248, "support": 789}, "dog_bark": {"precision": 0.780564263322884, "recall": 0.42783505154639173, "f1-score": 0.5527192008879023, "support": 582}, "drilling": {"precision": 0.531578947368421, "recall": 0.41793103448275865, "f1-score": 0.467953667953668, "support": 725}, "engine_idling": {"precision": 0.4358600583090379, "recall": 0.35259433962264153, "f1-score": 0.3898305084745763, "support": 848}, "gun_shot": {"precision": 0.9333333333333333, "recall": 0.3373493975903614, "f1-score": 0.49557522123893805, "support": 83}, "jackhammer": {"precision": 0.3668639053254438, "recall": 0.2098138747884941, "f1-score": 0.26695371367061355, "support": 591}, "siren": {"precision": 0.6647727272727273, "recall": 0.6317494600431965, "f1-score": 0.6478405315614618, "support": 926}, "street_music": {"precision": 0.24488355681016233, "recall": 0.43375, "f1-score": 0.31303563373928733, "support": 800}, "accuracy": 0.3877261998426436, "macro avg": {"precision": 0.4469891587464671, "recall": 0.34794705598482417, "f1-score": 0.36562946975177407, "support": 6355}, "weighted avg": {"precision": 0.4283216605017363, "recall": 0.3877261998426436, "f1-score": 0.3863074642362457, "support": 6355}}, "finalAcc": 0.4510413706302643, "finalVal": 0.4590517282485962, "finalAccData": [0.12628404796123505, 0.1414569765329361, 0.14583922922611237, 0.17156724631786346, 0.18391291797161102, 0.20097069442272186, 0.21180850267410278, 0.21826405823230743, 0.22740551829338074, 0.23621712625026703, 0.24328526854515076, 0.24870418012142181, 0.2531806528568268, 0.25515973567962646, 0.26670435070991516, 0.28192442655563354, 0.29158419370651245, 0.30638018250465393, 0.3264065682888031, 0.3383752703666687, 0.3551974296569824, 0.35364243388175964, 0.36415040493011475, 0.37475261092185974, 0.3787107765674591, 0.3924700915813446, 0.42262744903564453, 0.43789464235305786, 0.4460465610027313, 0.4510413706302643], "finalValData": [0.13331280648708344, 0.1483990103006363, 0.15394088625907898, 0.16471675038337708, 0.17025862634181976, 0.22044335305690765, 0.24415025115013123, 0.2158251255750656, 0.23891626298427582, 0.23706896603107452, 0.2503078877925873, 0.24969211220741272, 0.2675492465496063, 0.283559113740921, 0.2964901626110077, 0.3263546824455261, 0.3432881832122803, 0.3574507534503937, 0.3623768389225006, 0.38639163970947266, 0.3820812702178955, 0.40116995573043823, 0.39901477098464966, 0.39039409160614014, 0.3873152732849121, 0.4288793206214905, 0.4159482717514038, 0.43842363357543945, 0.4448891580104828, 0.4590517282485962]}