{"parameters": [[64, 0.5, 40, 16]], "report": {"air_conditioner": {"precision": 0.09391124871001032, "recall": 0.11375, "f1-score": 0.10288298473713964, "support": 800}, "car_horn": {"precision": 0.0, "recall": 0.0, "f1-score": 0.0, "support": 211}, "children_playing": {"precision": 0.267018779342723, "recall": 0.5766793409378961, "f1-score": 0.36502206177296426, "support": 789}, "dog_bark": {"precision": 0.636144578313253, "recall": 0.4536082474226804, "f1-score": 0.5295887662988966, "support": 582}, "drilling": {"precision": 0.5342019543973942, "recall": 0.22620689655172413, "f1-score": 0.3178294573643411, "support": 725}, "engine_idling": {"precision": 0.2409867172675522, "recall": 0.4492924528301887, "f1-score": 0.31370934540963363, "support": 848}, "gun_shot": {"precision": 0.0, "recall": 0.0, "f1-score": 0.0, "support": 83}, "jackhammer": {"precision": 0.14680851063829786, "recall": 0.116751269035533, "f1-score": 0.13006597549481622, "support": 591}, "siren": {"precision": 0.92, "recall": 0.04967602591792657, "f1-score": 0.09426229508196722, "support": 926}, "street_music": {"precision": 0.20139697322467986, "recall": 0.21625, "f1-score": 0.20855937311633516, "support": 800}, "accuracy": 0.25853658536585367, "macro avg": {"precision": 0.304046876189391, "recall": 0.22022142326959487, "f1-score": 0.20619202592760938, "support": 6355}, "weighted avg": {"precision": 0.36939378788288013, "recall": 0.25853658536585367, "f1-score": 0.23697635141895532, "support": 6355}}, "finalAcc": 0.3191499412059784, "finalVal": 0.30295565724372864, "finalAccData": [0.13839411735534668, 0.14108000695705414, 0.1368391364812851, 0.1354726254940033, 0.13514277338981628, 0.13146734237670898, 0.13961926102638245, 0.14583922922611237, 0.146828755736351, 0.15116389095783234, 0.15432098507881165, 0.1538497805595398, 0.15771369636058807, 0.1612006425857544, 0.16756196320056915, 0.17199133336544037, 0.17293374240398407, 0.17981339991092682, 0.17604373395442963, 0.1804259717464447, 0.18542079627513885, 0.1869286596775055, 0.1928187757730484, 0.19668269157409668, 0.1983790397644043, 0.1988973766565323, 0.20233719050884247, 0.21025350689888, 0.21930073201656342, 0.22302328050136566, 0.23673546314239502, 0.24766752123832703, 0.25808122754096985, 0.26472529768943787, 0.26500800251960754, 0.2817830443382263, 0.30039581656455994, 0.30294033885002136, 0.3083121180534363, 0.3191499412059784], "finalValData": [0.1480911374092102, 0.13084974884986877, 0.12961822748184204, 0.1283867061138153, 0.12746305763721466, 0.1286945790052414, 0.1373152732849121, 0.1376231461763382, 0.1376231461763382, 0.13854679465293884, 0.13823892176151276, 0.1394704431295395, 0.14008620381355286, 0.14685960114002228, 0.14224137365818024, 0.15116995573043823, 0.1948891580104828, 0.19673645496368408, 0.1908867061138153, 0.22290641069412231, 0.19858373701572418, 0.1945812851190567, 0.19242611527442932, 0.18780788779258728, 0.21336206793785095, 0.19889162480831146, 0.19211822748184204, 0.21490147709846497, 0.2592364549636841, 0.24599753320217133, 0.2801724076271057, 0.2927955687046051, 0.2555418610572815, 0.23091132938861847, 0.2949507534503937, 0.2567734122276306, 0.280480295419693, 0.28694581985473633, 0.2681650221347809, 0.30295565724372864]}