{"parameters": [[64, 0.3, 50, 32]], "report": {"air_conditioner": {"precision": 0.47192982456140353, "recall": 0.33625, "f1-score": 0.3927007299270073, "support": 800}, "car_horn": {"precision": 0.0, "recall": 0.0, "f1-score": 0.0, "support": 211}, "children_playing": {"precision": 0.3005143277002204, "recall": 0.5183776932826363, "f1-score": 0.3804651162790697, "support": 789}, "dog_bark": {"precision": 0.7275064267352185, "recall": 0.48625429553264604, "f1-score": 0.5829042224510813, "support": 582}, "drilling": {"precision": 0.48566308243727596, "recall": 0.3737931034482759, "f1-score": 0.42244738893219014, "support": 725}, "engine_idling": {"precision": 0.34839357429718876, "recall": 0.4091981132075472, "f1-score": 0.376355748373102, "support": 848}, "gun_shot": {"precision": 0.7777777777777778, "recall": 0.08433734939759036, "f1-score": 0.15217391304347824, "support": 83}, "jackhammer": {"precision": 0.3629441624365482, "recall": 0.24196277495769883, "f1-score": 0.29035532994923857, "support": 591}, "siren": {"precision": 0.6794478527607362, "recall": 0.47840172786177104, "f1-score": 0.5614702154626109, "support": 926}, "street_music": {"precision": 0.21458625525946703, "recall": 0.3825, "f1-score": 0.2749326145552561, "support": 800}, "accuracy": 0.3899291896144768, "macro avg": {"precision": 0.43687632839658364, "recall": 0.33110750576881653, "f1-score": 0.3433805278973034, "support": 6355}, "weighted avg": {"precision": 0.4351683968143361, "recall": 0.3899291896144768, "f1-score": 0.3938819505418947, "support": 6355}}, "finalAcc": 0.5139006972312927, "finalVal": 0.4193349778652191, "finalAccData": [0.12265573441982269, 0.15158797800540924, 0.1601639837026596, 0.1602582186460495, 0.16515879333019257, 0.17929507791996002, 0.18772971630096436, 0.20210158824920654, 0.20502309501171112, 0.21736876666545868, 0.22943171858787537, 0.23781923949718475, 0.25252097845077515, 0.2609556019306183, 0.27900293469429016, 0.2865893840789795, 0.295401006937027, 0.29841673374176025, 0.3044482171535492, 0.3116105794906616, 0.3198096454143524, 0.31952691078186035, 0.3321553170681, 0.33295637369155884, 0.34021300077438354, 0.342050701379776, 0.34610310196876526, 0.34869474172592163, 0.36339646577835083, 0.3800772726535797, 0.3865799605846405, 0.3928941786289215, 0.40425029397010803, 0.4098105728626251, 0.4126378297805786, 0.4239468574523926, 0.4316275417804718, 0.4316275417804718, 0.436763733625412, 0.45057016611099243, 0.4606069028377533, 0.4679577648639679, 0.4742719829082489, 0.48303645849227905, 0.48638206720352173, 0.4883140027523041, 0.49406275153160095, 0.5019790530204773, 0.5047121047973633, 0.5139006972312927], "finalValData": [0.14870689809322357, 0.10621920973062515, 0.11637931317090988, 0.14963054656982422, 0.16502462327480316, 0.17118225991725922, 0.1998152732849121, 0.21551723778247833, 0.18072660267353058, 0.22075122594833374, 0.2306034415960312, 0.22998768091201782, 0.24876847863197327, 0.23830048739910126, 0.2392241358757019, 0.2558497488498688, 0.2644704580307007, 0.28694581985473633, 0.280480295419693, 0.310960590839386, 0.2980295419692993, 0.30788177251815796, 0.31126847863197327, 0.34359607100486755, 0.3017241358757019, 0.3285098373889923, 0.3337438404560089, 0.3731527030467987, 0.37438422441482544, 0.3987068831920624, 0.3983990252017975, 0.40086206793785095, 0.39008620381355286, 0.40424877405166626, 0.3771551847457886, 0.3950123190879822, 0.3996305465698242, 0.40240147709846497, 0.41502463817596436, 0.41348522901535034, 0.4196428656578064, 0.4251847267150879, 0.42426109313964844, 0.41194581985473633, 0.42764776945114136, 0.40486451983451843, 0.42733991146087646, 0.4107142984867096, 0.4104064106941223, 0.4193349778652191]}