{"parameters": [[64, 0.3, 40, 16]], "report": {"air_conditioner": {"precision": 0.22455845248107653, "recall": 0.33375, "f1-score": 0.2684766214177979, "support": 800}, "car_horn": {"precision": 0.0, "recall": 0.0, "f1-score": 0.0, "support": 211}, "children_playing": {"precision": 0.34242181234963914, "recall": 0.541191381495564, "f1-score": 0.4194499017681729, "support": 789}, "dog_bark": {"precision": 0.7541899441340782, "recall": 0.4639175257731959, "f1-score": 0.5744680851063829, "support": 582}, "drilling": {"precision": 0.4660714285714286, "recall": 0.36, "f1-score": 0.40622568093385214, "support": 725}, "engine_idling": {"precision": 0.6206896551724138, "recall": 0.38207547169811323, "f1-score": 0.472992700729927, "support": 848}, "gun_shot": {"precision": 0.8823529411764706, "recall": 0.5421686746987951, "f1-score": 0.671641791044776, "support": 83}, "jackhammer": {"precision": 0.31382978723404253, "recall": 0.1996615905245347, "f1-score": 0.24405377456049637, "support": 591}, "siren": {"precision": 0.43166823751178135, "recall": 0.4946004319654428, "f1-score": 0.4609964771011575, "support": 926}, "street_music": {"precision": 0.3262411347517731, "recall": 0.4025, "f1-score": 0.3603805260212647, "support": 800}, "accuracy": 0.39213217938631, "macro avg": {"precision": 0.4362023393382704, "recall": 0.3719865076155645, "f1-score": 0.3878685558683827, "support": 6355}, "weighted avg": {"precision": 0.42052385945327253, "recall": 0.39213217938631, "f1-score": 0.391950957056163, "support": 6355}}, "finalAcc": 0.4819526970386505, "finalVal": 0.3950123190879822, "finalAccData": [0.12039393186569214, 0.15149372816085815, 0.15474507212638855, 0.157619446516037, 0.1612948775291443, 0.17062482237815857, 0.1799076497554779, 0.1932428628206253, 0.20596550405025482, 0.21567241847515106, 0.21774573624134064, 0.22481387853622437, 0.2309395968914032, 0.2341909408569336, 0.2438507229089737, 0.24964658915996552, 0.25492414832115173, 0.25695034861564636, 0.2687305510044098, 0.2778720259666443, 0.2888983190059662, 0.2939402461051941, 0.30147960782051086, 0.31250590085983276, 0.3212703764438629, 0.33611345291137695, 0.3434171974658966, 0.35755348205566406, 0.3780510723590851, 0.39407217502593994, 0.42498350143432617, 0.4422297477722168, 0.44468003511428833, 0.45090001821517944, 0.4492979049682617, 0.4595702588558197, 0.4650362730026245, 0.4721515476703644, 0.4770992398262024, 0.4819526970386505], "finalValData": [0.16564039885997772, 0.1483990103006363, 0.14224137365818024, 0.14378078281879425, 0.14347290992736816, 0.1499384194612503, 0.15578818321228027, 0.17764778435230255, 0.22536945343017578, 0.22013546526432037, 0.23152709007263184, 0.2463054209947586, 0.23676107823848724, 0.22352217137813568, 0.22814039885997772, 0.2444581240415573, 0.2604679763317108, 0.26139163970947266, 0.27185961604118347, 0.28109607100486755, 0.2675492465496063, 0.2660098373889923, 0.3235837519168854, 0.35067734122276306, 0.314039409160614, 0.33651477098464966, 0.36699506640434265, 0.34729063510894775, 0.3639162480831146, 0.37592363357543945, 0.3691502511501312, 0.37376847863197327, 0.39224138855934143, 0.39008620381355286, 0.40794333815574646, 0.39685961604118347, 0.3999384343624115, 0.39408865571022034, 0.41533252596855164, 0.3950123190879822]}