{"parameters": [[128, 0.5, 30, 16]], "report": {"air_conditioner": {"precision": 0.18016194331983806, "recall": 0.33375, "f1-score": 0.23400525854513587, "support": 800}, "car_horn": {"precision": 0.0, "recall": 0.0, "f1-score": 0.0, "support": 211}, "children_playing": {"precision": 0.1950920245398773, "recall": 0.6045627376425855, "f1-score": 0.29499072356215217, "support": 789}, "dog_bark": {"precision": 0.6501305483028721, "recall": 0.42783505154639173, "f1-score": 0.5160621761658031, "support": 582}, "drilling": {"precision": 0.5073746312684366, "recall": 0.23724137931034484, "f1-score": 0.32330827067669177, "support": 725}, "engine_idling": {"precision": 0.2602739726027397, "recall": 0.06721698113207547, "f1-score": 0.10684161199625117, "support": 848}, "gun_shot": {"precision": 0.0, "recall": 0.0, "f1-score": 0.0, "support": 83}, "jackhammer": {"precision": 0.27177700348432055, "recall": 0.2639593908629442, "f1-score": 0.26781115879828327, "support": 591}, "siren": {"precision": 0.5403225806451613, "recall": 0.21706263498920086, "f1-score": 0.3097072419106317, "support": 926}, "street_music": {"precision": 0.2735674676524954, "recall": 0.185, "f1-score": 0.22073079791200595, "support": 800}, "accuracy": 0.27175452399685285, "macro avg": {"precision": 0.28787001718157407, "recall": 0.2336628175483543, "f1-score": 0.22734572395669547, "support": 6355}, "weighted avg": {"precision": 0.3374988151731698, "recall": 0.27175452399685285, "f1-score": 0.2623053023850829, "support": 6355}}, "finalAcc": 0.3531712293624878, "finalVal": 0.3408251106739044, "finalAccData": [0.1335877925157547, 0.1454622596502304, 0.14645180106163025, 0.14748845994472504, 0.14758269488811493, 0.15267175436019897, 0.1551220417022705, 0.1565827876329422, 0.15776081383228302, 0.16233153641223907, 0.16628970205783844, 0.16431061923503876, 0.16694939136505127, 0.17048345506191254, 0.173499196767807, 0.17368768155574799, 0.17637357115745544, 0.19498632848262787, 0.20516444742679596, 0.21176138520240784, 0.20860427618026733, 0.21303364634513855, 0.22636885941028595, 0.24135331809520721, 0.2615210711956024, 0.2883799970149994, 0.31005561351776123, 0.33790406584739685, 0.33927056193351746, 0.3531712293624878], "finalValData": [0.16194581985473633, 0.14747537672519684, 0.14316502213478088, 0.14224137365818024, 0.13823892176151276, 0.1410098522901535, 0.13793103396892548, 0.13700738549232483, 0.13700738549232483, 0.1391625553369522, 0.13700738549232483, 0.1394704431295395, 0.13854679465293884, 0.1391625553369522, 0.14039409160614014, 0.14224137365818024, 0.15424877405166626, 0.2108990103006363, 0.20966748893260956, 0.2108990103006363, 0.22259852290153503, 0.21705664694309235, 0.2549261152744293, 0.2641625702381134, 0.3088054060935974, 0.3448275923728943, 0.3377462923526764, 0.34575122594833374, 0.3805418610572815, 0.3408251106739044]}