{"parameters": [[256, 0.3, 30, 16]], "report": {"air_conditioner": {"precision": 0.43930041152263377, "recall": 0.53375, "f1-score": 0.481941309255079, "support": 800}, "car_horn": {"precision": 0.44, "recall": 0.15639810426540285, "f1-score": 0.23076923076923078, "support": 211}, "children_playing": {"precision": 0.40116959064327484, "recall": 0.4347275031685678, "f1-score": 0.4172749391727493, "support": 789}, "dog_bark": {"precision": 0.7741176470588236, "recall": 0.5652920962199313, "f1-score": 0.6534260178748759, "support": 582}, "drilling": {"precision": 0.4556786703601108, "recall": 0.45379310344827584, "f1-score": 0.45473393227366965, "support": 725}, "engine_idling": {"precision": 0.5325, "recall": 0.2511792452830189, "f1-score": 0.34134615384615385, "support": 848}, "gun_shot": {"precision": 0.6727272727272727, "recall": 0.891566265060241, "f1-score": 0.7668393782383419, "support": 83}, "jackhammer": {"precision": 0.36794582392776526, "recall": 0.27580372250423013, "f1-score": 0.31528046421663447, "support": 591}, "siren": {"precision": 0.6616961789375583, "recall": 0.7667386609071274, "f1-score": 0.7103551775887945, "support": 926}, "street_music": {"precision": 0.33671875, "recall": 0.53875, "f1-score": 0.4144230769230769, "support": 800}, "accuracy": 0.48025177025963806, "macro avg": {"precision": 0.5081854345177439, "recall": 0.4867998700856795, "f1-score": 0.47863896801586064, "support": 6355}, "weighted avg": {"precision": 0.4954625727944639, "recall": 0.48025177025963806, "f1-score": 0.47241835446078606, "support": 6355}}, "finalAcc": 0.6873527765274048, "finalVal": 0.5055418610572815, "finalAccData": [0.19950994849205017, 0.25303930044174194, 0.29789841175079346, 0.3457261323928833, 0.3824804425239563, 0.4157949388027191, 0.4394025206565857, 0.47040805220603943, 0.49260202050209045, 0.5074922442436218, 0.5220525860786438, 0.535010814666748, 0.5440109372138977, 0.5540005564689636, 0.5623409748077393, 0.5740740895271301, 0.5801997780799866, 0.5849118828773499, 0.5980114936828613, 0.6141268610954285, 0.6169540882110596, 0.6253887414932251, 0.637451708316803, 0.6445198655128479, 0.6501272320747375, 0.6542267203330994, 0.6632739901542664, 0.6763736009597778, 0.6818867325782776, 0.6873527765274048], "finalValData": [0.23799261450767517, 0.2878694534301758, 0.33282020688056946, 0.33836206793785095, 0.41564038395881653, 0.3876231610774994, 0.4378078877925873, 0.43503695726394653, 0.47075122594833374, 0.4445812702178955, 0.4264162480831146, 0.4553571343421936, 0.439039409160614, 0.45597290992736816, 0.4769088625907898, 0.4433497488498688, 0.4612068831920624, 0.4818349778652191, 0.49753695726394653, 0.4966132938861847, 0.47229063510894775, 0.48152709007263184, 0.4929187297821045, 0.5092364549636841, 0.4858374297618866, 0.4836822748184204, 0.4655172526836395, 0.49876847863197327, 0.5076970458030701, 0.5055418610572815]}