{"parameters": [[512, 0.4, 50, 32]], "report": {"air_conditioner": {"precision": 0.4318181818181818, "recall": 0.38, "f1-score": 0.4042553191489362, "support": 800}, "car_horn": {"precision": 0.5625, "recall": 0.2132701421800948, "f1-score": 0.30927835051546393, "support": 211}, "children_playing": {"precision": 0.35789473684210527, "recall": 0.5171102661596958, "f1-score": 0.4230171073094868, "support": 789}, "dog_bark": {"precision": 0.6952554744525548, "recall": 0.654639175257732, "f1-score": 0.6743362831858406, "support": 582}, "drilling": {"precision": 0.48721399730820997, "recall": 0.4993103448275862, "f1-score": 0.49318801089918257, "support": 725}, "engine_idling": {"precision": 0.5847255369928401, "recall": 0.28891509433962265, "f1-score": 0.3867403314917127, "support": 848}, "gun_shot": {"precision": 0.7448979591836735, "recall": 0.8795180722891566, "f1-score": 0.8066298342541436, "support": 83}, "jackhammer": {"precision": 0.55, "recall": 0.20473773265651438, "f1-score": 0.29839704069050554, "support": 591}, "siren": {"precision": 0.6418079096045197, "recall": 0.6133909287257019, "f1-score": 0.6272777471010491, "support": 926}, "street_music": {"precision": 0.30368906455862976, "recall": 0.57625, "f1-score": 0.39775668679896464, "support": 800}, "accuracy": 0.4670338316286389, "macro avg": {"precision": 0.5359802860760715, "recall": 0.4827141756436104, "f1-score": 0.4820876711395286, "support": 6355}, "weighted avg": {"precision": 0.5073767095083664, "recall": 0.4670338316286389, "f1-score": 0.46306385229143376, "support": 6355}}, "finalAcc": 0.7515314221382141, "finalVal": 0.4787561595439911, "finalAccData": [0.17651493847370148, 0.23626425862312317, 0.2716991901397705, 0.3159928321838379, 0.3358778655529022, 0.36636510491371155, 0.3824804425239563, 0.4053812026977539, 0.4305908977985382, 0.4461407959461212, 0.46065405011177063, 0.4762510657310486, 0.4855338931083679, 0.5013664960861206, 0.5174347162246704, 0.5347281098365784, 0.542738676071167, 0.5549901127815247, 0.5638017058372498, 0.5745452642440796, 0.583074152469635, 0.5899538397789001, 0.599283754825592, 0.608849287033081, 0.6094619035720825, 0.6206295490264893, 0.628216028213501, 0.6347658038139343, 0.6416454911231995, 0.6481010317802429, 0.6554518938064575, 0.659315824508667, 0.6664310693740845, 0.669870913028717, 0.6750070452690125, 0.6813684105873108, 0.6891904473304749, 0.6966826915740967, 0.6985204219818115, 0.7071435451507568, 0.7093110680580139, 0.7177928686141968, 0.7203373908996582, 0.7259919047355652, 0.7305626273155212, 0.7340495586395264, 0.7439449429512024, 0.7471491694450378, 0.7465366125106812, 0.7515314221382141], "finalValData": [0.27555418014526367, 0.32081282138824463, 0.38485223054885864, 0.3947044312953949, 0.40055418014526367, 0.41841134428977966, 0.41502463817596436, 0.41502463817596436, 0.4448891580104828, 0.44181033968925476, 0.4378078877925873, 0.44181033968925476, 0.48460590839385986, 0.4501231610774994, 0.47044333815574646, 0.4842980206012726, 0.49568966031074524, 0.4642857015132904, 0.5021551847457886, 0.4550492465496063, 0.4932265877723694, 0.4842980206012726, 0.48275861144065857, 0.5113916397094727, 0.4784482717514038, 0.517241358757019, 0.4932265877723694, 0.4895320236682892, 0.47752463817596436, 0.4910714328289032, 0.5283251404762268, 0.4839901626110077, 0.48645320534706116, 0.49753695726394653, 0.49938422441482544, 0.4855295419692993, 0.4929187297821045, 0.48706895112991333, 0.5018472671508789, 0.49199506640434265, 0.4950738847255707, 0.48275861144065857, 0.4861453175544739, 0.49568966031074524, 0.5009236335754395, 0.49907636642456055, 0.5144704580307007, 0.4605911374092102, 0.4929187297821045, 0.4787561595439911]}