{"parameters": [[64, 0.3, 40, 32]], "report": {"air_conditioner": {"precision": 0.2393923520167627, "recall": 0.57125, "f1-score": 0.3373938722775932, "support": 800}, "car_horn": {"precision": 0.0, "recall": 0.0, "f1-score": 0.0, "support": 211}, "children_playing": {"precision": 0.24402840542285345, "recall": 0.4790874524714829, "f1-score": 0.32335329341317365, "support": 789}, "dog_bark": {"precision": 0.7044673539518901, "recall": 0.35223367697594504, "f1-score": 0.4696449026345934, "support": 582}, "drilling": {"precision": 0.47608695652173916, "recall": 0.3020689655172414, "f1-score": 0.369620253164557, "support": 725}, "engine_idling": {"precision": 0.6376811594202898, "recall": 0.15566037735849056, "f1-score": 0.2502369668246445, "support": 848}, "gun_shot": {"precision": 0.0, "recall": 0.0, "f1-score": 0.0, "support": 83}, "jackhammer": {"precision": 0.34553775743707094, "recall": 0.25549915397631134, "f1-score": 0.29377431906614787, "support": 591}, "siren": {"precision": 0.5789473684210527, "recall": 0.39200863930885527, "f1-score": 0.46748229233741145, "support": 926}, "street_music": {"precision": 0.18857142857142858, "recall": 0.20625, "f1-score": 0.19701492537313436, "support": 800}, "accuracy": 0.32572777340676634, "macro avg": {"precision": 0.34147127817630873, "recall": 0.2714058265608326, "f1-score": 0.2708520825091255, "support": 6355}, "weighted avg": {"precision": 0.4045860237323453, "recall": 0.32572777340676634, "f1-score": 0.3214273763400548, "support": 6355}}, "finalAcc": 0.3775327503681183, "finalVal": 0.35067734122276306, "finalAccData": [0.1303364485502243, 0.1532372087240219, 0.1681274175643921, 0.16388653218746185, 0.163085475564003, 0.16892847418785095, 0.17090754210948944, 0.17722174525260925, 0.18796531856060028, 0.20106492936611176, 0.2147771120071411, 0.22024314105510712, 0.22618037462234497, 0.23433229327201843, 0.241871640086174, 0.24399209022521973, 0.25157853960990906, 0.25713881850242615, 0.25859957933425903, 0.2618980407714844, 0.27089813351631165, 0.2830081880092621, 0.29167845845222473, 0.2963905334472656, 0.29587221145629883, 0.2965790331363678, 0.30388277769088745, 0.3140137493610382, 0.31773629784584045, 0.3195740282535553, 0.32174158096313477, 0.33517104387283325, 0.34275752305984497, 0.34902459383010864, 0.35312411189079285, 0.35279425978660583, 0.36038073897361755, 0.36509281396865845, 0.3671661615371704, 0.3775327503681183], "finalValData": [0.1681034415960312, 0.2016625553369522, 0.20412561297416687, 0.1644088625907898, 0.14747537672519684, 0.15209358930587769, 0.11483990401029587, 0.14963054656982422, 0.18257388472557068, 0.20782019197940826, 0.22044335305690765, 0.2392241358757019, 0.24692118167877197, 0.248460590839386, 0.26016008853912354, 0.2592364549636841, 0.26508620381355286, 0.25954434275627136, 0.26016008853912354, 0.2752462923526764, 0.2700123190879822, 0.2780172526836395, 0.25, 0.2589285671710968, 0.30418717861175537, 0.2536945939064026, 0.32974138855934143, 0.31681033968925476, 0.3288177251815796, 0.3001847267150879, 0.3198891580104828, 0.32235223054885864, 0.3408251106739044, 0.33128079771995544, 0.32758620381355286, 0.3325123190879822, 0.3263546824455261, 0.33466747403144836, 0.3389778435230255, 0.35067734122276306]}