{"parameters": [[128, 0.3, 40, 16]], "report": {"air_conditioner": {"precision": 0.367816091954023, "recall": 0.32, "f1-score": 0.3422459893048128, "support": 800}, "car_horn": {"precision": 0.5897435897435898, "recall": 0.21800947867298578, "f1-score": 0.3183391003460208, "support": 211}, "children_playing": {"precision": 0.2727272727272727, "recall": 0.4790874524714829, "f1-score": 0.34758620689655173, "support": 789}, "dog_bark": {"precision": 0.765807962529274, "recall": 0.5618556701030928, "f1-score": 0.6481665014866204, "support": 582}, "drilling": {"precision": 0.4408014571948998, "recall": 0.33379310344827584, "f1-score": 0.37990580847723704, "support": 725}, "engine_idling": {"precision": 0.5551257253384912, "recall": 0.3384433962264151, "f1-score": 0.4205128205128205, "support": 848}, "gun_shot": {"precision": 0.7070707070707071, "recall": 0.8433734939759037, "f1-score": 0.7692307692307693, "support": 83}, "jackhammer": {"precision": 0.3651315789473684, "recall": 0.18781725888324874, "f1-score": 0.24804469273743018, "support": 591}, "siren": {"precision": 0.7163009404388715, "recall": 0.49352051835853133, "f1-score": 0.5843989769820972, "support": 926}, "street_music": {"precision": 0.29620710415412405, "recall": 0.615, "f1-score": 0.3998374644453474, "support": 800}, "accuracy": 0.4195121951219512, "macro avg": {"precision": 0.5076732430098623, "recall": 0.4390900372139937, "f1-score": 0.4458268330419708, "support": 6355}, "weighted avg": {"precision": 0.4790933880315928, "recall": 0.4195121951219512, "f1-score": 0.4242227123776549, "support": 6355}}, "finalAcc": 0.6358495950698853, "finalVal": 0.46366995573043823, "finalAccData": [0.1547921895980835, 0.174017533659935, 0.1911224126815796, 0.2039393037557602, 0.23013854026794434, 0.25534823536872864, 0.2812647223472595, 0.30619168281555176, 0.32720762491226196, 0.3375270962715149, 0.36301949620246887, 0.36773160099983215, 0.3795589506626129, 0.40099895000457764, 0.41339176893234253, 0.4217792749404907, 0.4315333068370819, 0.44500988721847534, 0.4593346416950226, 0.4838375151157379, 0.5027801394462585, 0.5147959589958191, 0.5242672562599182, 0.5383092761039734, 0.5525869131088257, 0.5577231049537659, 0.5658750534057617, 0.5730845332145691, 0.5795400738716125, 0.5865139961242676, 0.5918386578559875, 0.6014041900634766, 0.600367546081543, 0.6098388433456421, 0.612666130065918, 0.6171425580978394, 0.6227028369903564, 0.6252473592758179, 0.6302893161773682, 0.6358495950698853], "finalValData": [0.1644088625907898, 0.16471675038337708, 0.1662561595439911, 0.19581280648708344, 0.24722906947135925, 0.23799261450767517, 0.27586206793785095, 0.3035714328289032, 0.30295565724372864, 0.3282019793987274, 0.3288177251815796, 0.34575122594833374, 0.33097290992736816, 0.3549876809120178, 0.38300493359565735, 0.3691502511501312, 0.3876231610774994, 0.4051724076271057, 0.40086206793785095, 0.4217980206012726, 0.43811577558517456, 0.4415024518966675, 0.4393472969532013, 0.4325738847255707, 0.4147167503833771, 0.42395320534706116, 0.4590517282485962, 0.43288177251815796, 0.43657636642456055, 0.46336206793785095, 0.4461206793785095, 0.4590517282485962, 0.46736451983451843, 0.46890392899513245, 0.45073890686035156, 0.4698275923728943, 0.45258620381355286, 0.4353448152542114, 0.48799261450767517, 0.46366995573043823]}