{"parameters": [[128, 0.4, 50, 16]], "report": {"air_conditioner": {"precision": 0.4075829383886256, "recall": 0.5375, "f1-score": 0.4636118598382749, "support": 800}, "car_horn": {"precision": 0.2564102564102564, "recall": 0.04739336492890995, "f1-score": 0.08, "support": 211}, "children_playing": {"precision": 0.32619926199261995, "recall": 0.5602027883396705, "f1-score": 0.41231343283582095, "support": 789}, "dog_bark": {"precision": 0.7894736842105263, "recall": 0.5154639175257731, "f1-score": 0.6237006237006236, "support": 582}, "drilling": {"precision": 0.49707602339181284, "recall": 0.35172413793103446, "f1-score": 0.4119547657512116, "support": 725}, "engine_idling": {"precision": 0.6452442159383034, "recall": 0.2959905660377358, "f1-score": 0.4058205335489087, "support": 848}, "gun_shot": {"precision": 0.7272727272727273, "recall": 0.7710843373493976, "f1-score": 0.7485380116959065, "support": 83}, "jackhammer": {"precision": 0.4566929133858268, "recall": 0.19627749576988154, "f1-score": 0.27455621301775146, "support": 591}, "siren": {"precision": 0.7379619260918253, "recall": 0.7116630669546437, "f1-score": 0.7245739417262231, "support": 926}, "street_music": {"precision": 0.2685385169186465, "recall": 0.46625, "f1-score": 0.34079488350845133, "support": 800}, "accuracy": 0.4563335955940205, "macro avg": {"precision": 0.5112452464001169, "recall": 0.4453549674837046, "f1-score": 0.4485864265623173, "support": 6355}, "weighted avg": {"precision": 0.50873544202699, "recall": 0.4563335955940205, "f1-score": 0.4542666122266631, "support": 6355}}, "finalAcc": 0.6104043126106262, "finalVal": 0.45628079771995544, "finalAccData": [0.1390538066625595, 0.15757232904434204, 0.16176609694957733, 0.16822165250778198, 0.17660917341709137, 0.18226368725299835, 0.19456224143505096, 0.21114881336688995, 0.22373008728027344, 0.23254169523715973, 0.2488926649093628, 0.25775137543678284, 0.2742908298969269, 0.28663650155067444, 0.2967675030231476, 0.30242201685905457, 0.3217886984348297, 0.3421449363231659, 0.3535010814666748, 0.3666006922721863, 0.3909150958061218, 0.41216662526130676, 0.4257374405860901, 0.4446329176425934, 0.45792102813720703, 0.46079540252685547, 0.4694656431674957, 0.4799264967441559, 0.4912826418876648, 0.5033456087112427, 0.5107907056808472, 0.5212986469268799, 0.5343982577323914, 0.5457072854042053, 0.5543304085731506, 0.5540005564689636, 0.5610687136650085, 0.5694091320037842, 0.5706813931465149, 0.5761945247650146, 0.5831683874130249, 0.5862312912940979, 0.5946187973022461, 0.5944774150848389, 0.5948072671890259, 0.5978230237960815, 0.6033833026885986, 0.6056922078132629, 0.6144567131996155, 0.6104043126106262], "finalValData": [0.16286945343017578, 0.1373152732849121, 0.14901477098464966, 0.17087438702583313, 0.18134236335754395, 0.20566502213478088, 0.2358374446630478, 0.22967980802059174, 0.2657019793987274, 0.29341134428977966, 0.28663793206214905, 0.27216747403144836, 0.3014162480831146, 0.29710590839385986, 0.3069581389427185, 0.2998768389225006, 0.3485221564769745, 0.376539409160614, 0.37407636642456055, 0.40055418014526367, 0.37623152136802673, 0.37592363357543945, 0.37746304273605347, 0.3408251106739044, 0.36299261450767517, 0.3623768389225006, 0.38516008853912354, 0.39747536182403564, 0.3746921122074127, 0.4193349778652191, 0.39224138855934143, 0.4322659969329834, 0.4513546824455261, 0.4424261152744293, 0.45104679465293884, 0.5092364549636841, 0.4501231610774994, 0.45412561297416687, 0.45474138855934143, 0.4307265877723694, 0.4519704580307007, 0.4174876809120178, 0.4821428656578064, 0.42580050230026245, 0.4181034564971924, 0.45628079771995544, 0.46151477098464966, 0.47567734122276306, 0.4498152732849121, 0.45628079771995544]}