{"parameters": [[64, 0.5, 50, 16]], "report": {"air_conditioner": {"precision": 0.19642857142857142, "recall": 0.22, "f1-score": 0.20754716981132074, "support": 800}, "car_horn": {"precision": 0.0, "recall": 0.0, "f1-score": 0.0, "support": 211}, "children_playing": {"precision": 0.1618320610687023, "recall": 0.6717363751584284, "f1-score": 0.2608267716535433, "support": 789}, "dog_bark": {"precision": 0.5721040189125296, "recall": 0.41580756013745707, "f1-score": 0.4815920398009951, "support": 582}, "drilling": {"precision": 0.5414364640883977, "recall": 0.27034482758620687, "f1-score": 0.36062557497700093, "support": 725}, "engine_idling": {"precision": 0.3289665211062591, "recall": 0.2665094339622642, "f1-score": 0.2944625407166124, "support": 848}, "gun_shot": {"precision": 0.0, "recall": 0.0, "f1-score": 0.0, "support": 83}, "jackhammer": {"precision": 0.19315403422982885, "recall": 0.13367174280879865, "f1-score": 0.158, "support": 591}, "siren": {"precision": 0.0, "recall": 0.0, "f1-score": 0.0, "support": 926}, "street_music": {"precision": 0.17491749174917492, "recall": 0.06625, "f1-score": 0.09610154125113328, "support": 800}, "accuracy": 0.23634933123524784, "macro avg": {"precision": 0.21688391625834638, "recall": 0.20443199396531556, "f1-score": 0.18591556382106056, "support": 6355}, "weighted avg": {"precision": 0.24286167841455866, "recall": 0.23634933123524784, "f1-score": 0.2098400684869868, "support": 6355}}, "finalAcc": 0.3228253722190857, "finalVal": 0.3001847267150879, "finalAccData": [0.11865045875310898, 0.1345302015542984, 0.13792291283607483, 0.13217416405677795, 0.13226839900016785, 0.13434171676635742, 0.13617943227291107, 0.13933654129505157, 0.14277637004852295, 0.14499104022979736, 0.14508529007434845, 0.14626331627368927, 0.14484968781471252, 0.153001606464386, 0.15267175436019897, 0.157619446516037, 0.16449910402297974, 0.1689755916595459, 0.17109602689743042, 0.17387616634368896, 0.1800961196422577, 0.1863160878419876, 0.19022712111473083, 0.19654132425785065, 0.2019602358341217, 0.21058335900306702, 0.2121383398771286, 0.21510696411132812, 0.2147771120071411, 0.22109131515026093, 0.2271699160337448, 0.23046837747097015, 0.2354632019996643, 0.242060124874115, 0.24997644126415253, 0.2590707838535309, 0.2729243338108063, 0.27678823471069336, 0.2809348702430725, 0.29031193256378174, 0.2942700982093811, 0.3008670210838318, 0.30303457379341125, 0.3067571520805359, 0.31005561351776123, 0.3140137493610382, 0.30986711382865906, 0.3173593580722809, 0.3239091634750366, 0.3228253722190857], "finalValData": [0.12777093052864075, 0.12346059083938599, 0.1231527104973793, 0.12807881832122803, 0.12438423931598663, 0.1320812851190567, 0.1320812851190567, 0.13608373701572418, 0.13546797633171082, 0.13516010344028473, 0.1357758641242981, 0.13608373701572418, 0.14008620381355286, 0.13885468244552612, 0.1391625553369522, 0.14039409160614014, 0.1447044312953949, 0.15024630725383759, 0.1730295568704605, 0.17025862634181976, 0.18626847863197327, 0.18657635152339935, 0.1714901477098465, 0.19704432785511017, 0.17764778435230255, 0.18811576068401337, 0.21459358930587769, 0.19181033968925476, 0.2072044312953949, 0.2161329984664917, 0.2213670015335083, 0.2463054209947586, 0.2158251255750656, 0.23953202366828918, 0.25954434275627136, 0.2663177251815796, 0.27401477098464966, 0.2675492465496063, 0.2623152732849121, 0.28140392899513245, 0.27586206793785095, 0.26847290992736816, 0.2604679763317108, 0.24199508130550385, 0.27216747403144836, 0.24692118167877197, 0.29002463817596436, 0.30634236335754395, 0.2857142984867096, 0.3001847267150879]}