{"parameters": [[256, 0.5, 40, 32]], "report": {"air_conditioner": {"precision": 0.296137339055794, "recall": 0.43125, "f1-score": 0.3511450381679389, "support": 800}, "car_horn": {"precision": 0.4166666666666667, "recall": 0.023696682464454975, "f1-score": 0.04484304932735426, "support": 211}, "children_playing": {"precision": 0.2729624838292367, "recall": 0.5348542458808618, "f1-score": 0.36145610278372586, "support": 789}, "dog_bark": {"precision": 0.7239709443099274, "recall": 0.5137457044673539, "f1-score": 0.601005025125628, "support": 582}, "drilling": {"precision": 0.5242718446601942, "recall": 0.3724137931034483, "f1-score": 0.4354838709677419, "support": 725}, "engine_idling": {"precision": 0.49586776859504134, "recall": 0.35377358490566035, "f1-score": 0.4129387474191328, "support": 848}, "gun_shot": {"precision": 0.9649122807017544, "recall": 0.6626506024096386, "f1-score": 0.7857142857142856, "support": 83}, "jackhammer": {"precision": 0.36341463414634145, "recall": 0.2521150592216582, "f1-score": 0.2977022977022977, "support": 591}, "siren": {"precision": 0.6706302021403091, "recall": 0.6090712742980562, "f1-score": 0.6383701188455008, "support": 926}, "street_music": {"precision": 0.25410872313527183, "recall": 0.25125, "f1-score": 0.2526712759270899, "support": 800}, "accuracy": 0.4107002360346184, "macro avg": {"precision": 0.49829428872405374, "recall": 0.4004820946751132, "f1-score": 0.4181329811980695, "support": 6355}, "weighted avg": {"precision": 0.4533901331482393, "recall": 0.4107002360346184, "f1-score": 0.41316658731296385, "support": 6355}}, "finalAcc": 0.4855338931083679, "finalVal": 0.42087438702583313, "finalAccData": [0.13420036435127258, 0.1681274175643921, 0.16685515642166138, 0.16534727811813354, 0.16661953926086426, 0.16958816349506378, 0.17373479902744293, 0.17943643033504486, 0.18150974810123444, 0.18372443318367004, 0.1874469816684723, 0.19432663917541504, 0.19856752455234528, 0.2088870108127594, 0.21595513820648193, 0.22943171858787537, 0.23772500455379486, 0.24531146883964539, 0.25808122754096985, 0.26807087659835815, 0.26920178532600403, 0.2773537039756775, 0.28107625246047974, 0.2845160663127899, 0.29158419370651245, 0.3052021563053131, 0.31646403670310974, 0.3285270035266876, 0.337432861328125, 0.34294599294662476, 0.353312611579895, 0.3675902485847473, 0.3768259286880493, 0.3948732316493988, 0.4124964773654938, 0.4254075884819031, 0.44293656945228577, 0.4554707407951355, 0.4767693877220154, 0.4855338931083679], "finalValData": [0.20289409160614014, 0.2158251255750656, 0.16502462327480316, 0.1551724076271057, 0.15394088625907898, 0.15794335305690765, 0.15578818321228027, 0.14870689809322357, 0.14932265877723694, 0.15486453473567963, 0.15825122594833374, 0.15671181678771973, 0.1662561595439911, 0.1767241358757019, 0.21674877405166626, 0.25615763664245605, 0.27432265877723694, 0.2727832496166229, 0.28848522901535034, 0.26724138855934143, 0.2712438404560089, 0.2786329984664917, 0.29033252596855164, 0.3051108419895172, 0.3229679763317108, 0.3072659969329834, 0.3322044312953949, 0.32419949769973755, 0.3198891580104828, 0.32758620381355286, 0.35991379618644714, 0.3389778435230255, 0.3405172526836395, 0.39378079771995544, 0.39685961604118347, 0.3713054060935974, 0.39532020688056946, 0.3983990252017975, 0.40240147709846497, 0.42087438702583313]}