{"parameters": [[256, 0.4, 40, 32]], "report": {"air_conditioner": {"precision": 0.35508155583437895, "recall": 0.35375, "f1-score": 0.3544145272385723, "support": 800}, "car_horn": {"precision": 0.3431372549019608, "recall": 0.16587677725118483, "f1-score": 0.22364217252396168, "support": 211}, "children_playing": {"precision": 0.28792987188132163, "recall": 0.541191381495564, "f1-score": 0.37588028169014076, "support": 789}, "dog_bark": {"precision": 0.639344262295082, "recall": 0.5360824742268041, "f1-score": 0.583177570093458, "support": 582}, "drilling": {"precision": 0.47701149425287354, "recall": 0.34344827586206894, "f1-score": 0.39935846030473127, "support": 725}, "engine_idling": {"precision": 0.48418491484184917, "recall": 0.2346698113207547, "f1-score": 0.3161239078633836, "support": 848}, "gun_shot": {"precision": 0.9193548387096774, "recall": 0.6867469879518072, "f1-score": 0.7862068965517242, "support": 83}, "jackhammer": {"precision": 0.32273838630806845, "recall": 0.2233502538071066, "f1-score": 0.264, "support": 591}, "siren": {"precision": 0.7447368421052631, "recall": 0.6112311015118791, "f1-score": 0.6714116251482799, "support": 926}, "street_music": {"precision": 0.26495079485238454, "recall": 0.4375, "f1-score": 0.33003300330033, "support": 800}, "accuracy": 0.4107002360346184, "macro avg": {"precision": 0.483847021598286, "recall": 0.41338470634271696, "f1-score": 0.4304248444714582, "support": 6355}, "weighted avg": {"precision": 0.45331174913194205, "recall": 0.4107002360346184, "f1-score": 0.41405817557384283, "support": 6355}}, "finalAcc": 0.5858542919158936, "finalVal": 0.46859607100486755, "finalAccData": [0.15003298223018646, 0.16049382090568542, 0.1936669498682022, 0.20610687136650085, 0.226840078830719, 0.24168315529823303, 0.26302891969680786, 0.27330130338668823, 0.285128653049469, 0.2962491810321808, 0.3023748993873596, 0.31311845779418945, 0.32876259088516235, 0.3306945562362671, 0.34883612394332886, 0.36330223083496094, 0.3718782365322113, 0.3718782365322113, 0.3768259286880493, 0.3872867822647095, 0.39840731024742126, 0.40458014607429504, 0.4222976267337799, 0.4337480068206787, 0.44251248240470886, 0.45226651430130005, 0.45476391911506653, 0.47130337357521057, 0.4804448187351227, 0.49637168645858765, 0.49816226959228516, 0.5130053758621216, 0.5235133171081543, 0.531429648399353, 0.5470266938209534, 0.5525398254394531, 0.5622467398643494, 0.5640844702720642, 0.574498176574707, 0.5858542919158936], "finalValData": [0.23275862634181976, 0.23245073854923248, 0.24969211220741272, 0.24045567214488983, 0.2463054209947586, 0.2518472969532013, 0.27924877405166626, 0.29556649923324585, 0.28663793206214905, 0.32235223054885864, 0.2986453175544739, 0.3180418610572815, 0.33682265877723694, 0.3285098373889923, 0.3482142984867096, 0.36514776945114136, 0.3485221564769745, 0.36514776945114136, 0.3836206793785095, 0.40455666184425354, 0.39008620381355286, 0.3873152732849121, 0.3790024518966675, 0.39008620381355286, 0.41871920228004456, 0.38454434275627136, 0.40763548016548157, 0.42980295419692993, 0.405480295419693, 0.4107142984867096, 0.4396551847457886, 0.4411945939064026, 0.4304187297821045, 0.4415024518966675, 0.45443350076675415, 0.42580050230026245, 0.42980295419692993, 0.46490147709846497, 0.42210590839385986, 0.46859607100486755]}