{"parameters": [[256, 0.4, 50, 16]], "report": {"air_conditioner": {"precision": 0.38309549945115257, "recall": 0.43625, "f1-score": 0.40794856808883695, "support": 800}, "car_horn": {"precision": 0.654320987654321, "recall": 0.25118483412322273, "f1-score": 0.363013698630137, "support": 211}, "children_playing": {"precision": 0.3230769230769231, "recall": 0.5057034220532319, "f1-score": 0.39426877470355737, "support": 789}, "dog_bark": {"precision": 0.7822966507177034, "recall": 0.5618556701030928, "f1-score": 0.654, "support": 582}, "drilling": {"precision": 0.5303430079155673, "recall": 0.5544827586206896, "f1-score": 0.5421443020903572, "support": 725}, "engine_idling": {"precision": 0.5533769063180828, "recall": 0.29952830188679247, "f1-score": 0.38867635807192047, "support": 848}, "gun_shot": {"precision": 0.8111111111111111, "recall": 0.8795180722891566, "f1-score": 0.8439306358381503, "support": 83}, "jackhammer": {"precision": 0.4801980198019802, "recall": 0.16412859560067683, "f1-score": 0.24464060529634302, "support": 591}, "siren": {"precision": 0.6706021251475797, "recall": 0.6133909287257019, "f1-score": 0.6407219402143259, "support": 926}, "street_music": {"precision": 0.2858197932053176, "recall": 0.48375, "f1-score": 0.3593314763231198, "support": 800}, "accuracy": 0.45774980330448467, "macro avg": {"precision": 0.5474241024399739, "recall": 0.47497925834025645, "f1-score": 0.48386763592567483, "support": 6355}, "weighted avg": {"precision": 0.504997234091897, "recall": 0.45774980330448467, "f1-score": 0.45833446372703385, "support": 6355}}, "finalAcc": 0.7041277885437012, "finalVal": 0.5009236335754395, "finalAccData": [0.12133634835481644, 0.12604844570159912, 0.153001606464386, 0.18707002699375153, 0.2254735678434372, 0.2498350739479065, 0.2722175121307373, 0.2918669283390045, 0.30562624335289, 0.3227311372756958, 0.3387051224708557, 0.35576289892196655, 0.3715483844280243, 0.3743756413459778, 0.3896428346633911, 0.4251248836517334, 0.453680157661438, 0.4810102581977844, 0.4954763948917389, 0.5086702704429626, 0.5212986469268799, 0.5329846143722534, 0.5481575727462769, 0.5555555820465088, 0.5659692883491516, 0.5799170732498169, 0.5894826054573059, 0.5950899720191956, 0.6053152680397034, 0.6106399297714233, 0.6192159056663513, 0.6281688809394836, 0.6328338384628296, 0.6389595866203308, 0.6450381875038147, 0.6495617628097534, 0.6502686142921448, 0.6600226163864136, 0.6648760437965393, 0.6721798181533813, 0.6766563057899475, 0.6765149235725403, 0.6756667494773865, 0.6836301684379578, 0.6893789172172546, 0.693666934967041, 0.7015361189842224, 0.6963528394699097, 0.699981153011322, 0.7041277885437012], "finalValData": [0.12407635152339935, 0.14501231908798218, 0.20135468244552612, 0.2426108419895172, 0.25985223054885864, 0.2964901626110077, 0.3072659969329834, 0.26908865571022034, 0.3038793206214905, 0.31865763664245605, 0.309421181678772, 0.31342363357543945, 0.32943350076675415, 0.33497536182403564, 0.36514776945114136, 0.4217980206012726, 0.4316502511501312, 0.4325738847255707, 0.4122537076473236, 0.3823891580104828, 0.38639163970947266, 0.3907019793987274, 0.440578818321228, 0.4236453175544739, 0.4147167503833771, 0.42210590839385986, 0.43996304273605347, 0.4270320236682892, 0.4353448152542114, 0.42025861144065857, 0.43503695726394653, 0.44766008853912354, 0.44211822748184204, 0.45966747403144836, 0.42426109313964844, 0.43811577558517456, 0.4590517282485962, 0.49876847863197327, 0.4713670015335083, 0.4627462923526764, 0.46674877405166626, 0.4535098373889923, 0.45104679465293884, 0.4621305465698242, 0.4624384343624115, 0.4766009747982025, 0.4806034564971924, 0.4553571343421936, 0.4855295419692993, 0.5009236335754395]}