{"parameters": [[64, 0.4, 30, 32]], "report": {"air_conditioner": {"precision": 0.13372093023255813, "recall": 0.92, "f1-score": 0.233502538071066, "support": 800}, "car_horn": {"precision": 0.0, "recall": 0.0, "f1-score": 0.0, "support": 211}, "children_playing": {"precision": 0.0, "recall": 0.0, "f1-score": 0.0, "support": 789}, "dog_bark": {"precision": 0.0, "recall": 0.0, "f1-score": 0.0, "support": 582}, "drilling": {"precision": 0.563076923076923, "recall": 0.2524137931034483, "f1-score": 0.34857142857142864, "support": 725}, "engine_idling": {"precision": 0.0, "recall": 0.0, "f1-score": 0.0, "support": 848}, "gun_shot": {"precision": 0.0, "recall": 0.0, "f1-score": 0.0, "support": 83}, "jackhammer": {"precision": 0.2779220779220779, "recall": 0.18104906937394247, "f1-score": 0.21926229508196718, "support": 591}, "siren": {"precision": 0.5625, "recall": 0.029157667386609073, "f1-score": 0.05544147843942505, "support": 926}, "street_music": {"precision": 0.10752688172043011, "recall": 0.0125, "f1-score": 0.022396416573348267, "support": 800}, "accuracy": 0.16726986624704956, "macro avg": {"precision": 0.1644746812951989, "recall": 0.13951205298639996, "f1-score": 0.0879174156737235, "support": 6355}, "weighted avg": {"precision": 0.2024163598497416, "recall": 0.16726986624704956, "f1-score": 0.10044945316414909, "support": 6355}}, "finalAcc": 0.2152954488992691, "finalVal": 0.22229063510894775, "finalAccData": [0.1325511336326599, 0.14404863119125366, 0.14150409400463104, 0.14235228300094604, 0.14202243089675903, 0.1450381726026535, 0.14414286613464355, 0.15036283433437347, 0.15130524337291718, 0.1570068746805191, 0.15955141186714172, 0.16449910402297974, 0.16925831139087677, 0.1753840297460556, 0.17995476722717285, 0.18174536526203156, 0.17924794554710388, 0.18509094417095184, 0.18542079627513885, 0.18886061012744904, 0.19036848843097687, 0.195033460855484, 0.1992272138595581, 0.19899161159992218, 0.20455187559127808, 0.20799170434474945, 0.21147865056991577, 0.2135048508644104, 0.2180284559726715, 0.2152954488992691], "finalValData": [0.15086206793785095, 0.13516010344028473, 0.13331280648708344, 0.1302339881658554, 0.1302339881658554, 0.13454432785511017, 0.1373152732849121, 0.13793103396892548, 0.1394704431295395, 0.1394704431295395, 0.1428571492433548, 0.14408867061138153, 0.18657635152339935, 0.17210590839385986, 0.18257388472557068, 0.1948891580104828, 0.17210590839385986, 0.18072660267353058, 0.18472906947135925, 0.18534483015537262, 0.1930418759584427, 0.18503694236278534, 0.1927339881658554, 0.20997537672519684, 0.20073892176151276, 0.20258620381355286, 0.2306034415960312, 0.20658867061138153, 0.2232142835855484, 0.22229063510894775]}