{"parameters": [[256, 0.3, 50, 16]], "report": {"air_conditioner": {"precision": 0.39311043566362713, "recall": 0.485, "f1-score": 0.434247341913822, "support": 800}, "car_horn": {"precision": 0.5663716814159292, "recall": 0.3033175355450237, "f1-score": 0.39506172839506176, "support": 211}, "children_playing": {"precision": 0.38792221084953943, "recall": 0.4803548795944233, "f1-score": 0.4292185730464326, "support": 789}, "dog_bark": {"precision": 0.6660341555977229, "recall": 0.6030927835051546, "f1-score": 0.6330027051397654, "support": 582}, "drilling": {"precision": 0.4721549636803874, "recall": 0.5379310344827586, "f1-score": 0.5029013539651838, "support": 725}, "engine_idling": {"precision": 0.4462962962962963, "recall": 0.2841981132075472, "f1-score": 0.34726224783861676, "support": 848}, "gun_shot": {"precision": 0.8470588235294118, "recall": 0.8674698795180723, "f1-score": 0.8571428571428572, "support": 83}, "jackhammer": {"precision": 0.2846715328467153, "recall": 0.1319796954314721, "f1-score": 0.18034682080924855, "support": 591}, "siren": {"precision": 0.6395833333333333, "recall": 0.6630669546436285, "f1-score": 0.6511134676564158, "support": 926}, "street_music": {"precision": 0.3592870544090056, "recall": 0.47875, "f1-score": 0.41050375133976413, "support": 800}, "accuracy": 0.46577498033044845, "macro avg": {"precision": 0.5062490487621969, "recall": 0.48351608759280806, "f1-score": 0.4840800847247168, "support": 6355}, "weighted avg": {"precision": 0.4668288674452534, "recall": 0.46577498033044845, "f1-score": 0.4572715491584698, "support": 6355}}, "finalAcc": 0.7742908596992493, "finalVal": 0.5169335007667542, "finalAccData": [0.1840071678161621, 0.25610214471817017, 0.30732259154319763, 0.35312411189079285, 0.3958156704902649, 0.41937610507011414, 0.44783714413642883, 0.46296295523643494, 0.48600509762763977, 0.4986335039138794, 0.5144661068916321, 0.527188777923584, 0.5369899272918701, 0.5520685911178589, 0.5584299564361572, 0.5676656365394592, 0.5762887597084045, 0.5924512147903442, 0.5966449975967407, 0.6132786870002747, 0.625812828540802, 0.6364150643348694, 0.6409386396408081, 0.6534256935119629, 0.6596927642822266, 0.6671850085258484, 0.6741117835044861, 0.6860333681106567, 0.6866930723190308, 0.6971539258956909, 0.6993685960769653, 0.7037508487701416, 0.7143530249595642, 0.7189237475395203, 0.7239657044410706, 0.721845269203186, 0.7309867143630981, 0.7342380285263062, 0.7383847236633301, 0.746300995349884, 0.7420129776000977, 0.7516728043556213, 0.7504947781562805, 0.755866527557373, 0.7599660754203796, 0.7630289196968079, 0.7673169374465942, 0.7712751030921936, 0.7713221907615662, 0.7742908596992493], "finalValData": [0.2533867061138153, 0.3503694534301758, 0.4073275923728943, 0.4122537076473236, 0.439039409160614, 0.4017857015132904, 0.4211822748184204, 0.46151477098464966, 0.44181033968925476, 0.44181033968925476, 0.42456895112991333, 0.4415024518966675, 0.4104064106941223, 0.4104064106941223, 0.44581282138824463, 0.4270320236682892, 0.4753694534301758, 0.4448891580104828, 0.4978448152542114, 0.4892241358757019, 0.4966132938861847, 0.4627462923526764, 0.49753695726394653, 0.5058497786521912, 0.515701949596405, 0.506157636642456, 0.5307881832122803, 0.501539409160614, 0.5070812702178955, 0.514162540435791, 0.5184729099273682, 0.5147783160209656, 0.5153940916061401, 0.5138546824455261, 0.5055418610572815, 0.506157636642456, 0.49753695726394653, 0.5209359526634216, 0.5049260854721069, 0.5415640473365784, 0.5129310488700867, 0.5381773114204407, 0.5083128213882446, 0.5203201770782471, 0.5209359526634216, 0.5255541801452637, 0.509544312953949, 0.5218595862388611, 0.5301724076271057, 0.5169335007667542]}