{"parameters": [[512, 0.5, 40, 16]], "report": {"air_conditioner": {"precision": 0.43894736842105264, "recall": 0.52125, "f1-score": 0.4765714285714286, "support": 800}, "car_horn": {"precision": 0.5714285714285714, "recall": 0.17061611374407584, "f1-score": 0.26277372262773724, "support": 211}, "children_playing": {"precision": 0.35464098073555167, "recall": 0.5133079847908745, "f1-score": 0.41947177628171933, "support": 789}, "dog_bark": {"precision": 0.7702020202020202, "recall": 0.5240549828178694, "f1-score": 0.623721881390593, "support": 582}, "drilling": {"precision": 0.4856687898089172, "recall": 0.4206896551724138, "f1-score": 0.45084996304508496, "support": 725}, "engine_idling": {"precision": 0.4797891036906854, "recall": 0.32193396226415094, "f1-score": 0.38532110091743116, "support": 848}, "gun_shot": {"precision": 0.958904109589041, "recall": 0.8433734939759037, "f1-score": 0.8974358974358975, "support": 83}, "jackhammer": {"precision": 0.4076655052264808, "recall": 0.19796954314720813, "f1-score": 0.26651480637813213, "support": 591}, "siren": {"precision": 0.6366704161979753, "recall": 0.6112311015118791, "f1-score": 0.6236914600550965, "support": 926}, "street_music": {"precision": 0.3026509572901325, "recall": 0.51375, "f1-score": 0.3809082483781279, "support": 800}, "accuracy": 0.45712037765538943, "macro avg": {"precision": 0.5406567822590428, "recall": 0.4638176837424376, "f1-score": 0.47872602850812473, "support": 6355}, "weighted avg": {"precision": 0.4895305415143249, "recall": 0.45712037765538943, "f1-score": 0.4561058382915881, "support": 6355}}, "finalAcc": 0.7022429704666138, "finalVal": 0.5206280946731567, "finalAccData": [0.15903307497501373, 0.19352558255195618, 0.20964093506336212, 0.23141080141067505, 0.2512958347797394, 0.26731693744659424, 0.29756855964660645, 0.31292998790740967, 0.3262180685997009, 0.3362548351287842, 0.36259540915489197, 0.3691452145576477, 0.38464799523353577, 0.40467438101768494, 0.42498350143432617, 0.44807276129722595, 0.48020923137664795, 0.5076807141304016, 0.5219112038612366, 0.5345396399497986, 0.5476392507553101, 0.5600791573524475, 0.5788804292678833, 0.5855715870857239, 0.6018754243850708, 0.6124776005744934, 0.6194043755531311, 0.6309490203857422, 0.6329752206802368, 0.6453208923339844, 0.652671754360199, 0.6592686772346497, 0.6578079462051392, 0.6661483645439148, 0.6726039052009583, 0.6764206886291504, 0.6841956377029419, 0.6871642470359802, 0.6891904473304749, 0.7022429704666138], "finalValData": [0.2090517282485962, 0.21736453473567963, 0.18965516984462738, 0.2447660118341446, 0.2555418610572815, 0.30603447556495667, 0.3069581389427185, 0.34544333815574646, 0.3466748893260956, 0.36853447556495667, 0.3897783160209656, 0.41194581985473633, 0.4091748893260956, 0.4424261152744293, 0.4316502511501312, 0.439039409160614, 0.4433497488498688, 0.4550492465496063, 0.44950738549232483, 0.4732142984867096, 0.4624384343624115, 0.44519704580307007, 0.48860836029052734, 0.48860836029052734, 0.49722906947135925, 0.5067734122276306, 0.5009236335754395, 0.4944581389427185, 0.5150862336158752, 0.4895320236682892, 0.5009236335754395, 0.5049260854721069, 0.5369458198547363, 0.514162540435791, 0.5335590839385986, 0.509544312953949, 0.5021551847457886, 0.5040024518966675, 0.5187807679176331, 0.5206280946731567]}