{"parameters": [[128, 0.3, 30, 16]], "report": {"air_conditioner": {"precision": 0.3779956427015251, "recall": 0.43375, "f1-score": 0.4039580908032597, "support": 800}, "car_horn": {"precision": 0.3287671232876712, "recall": 0.11374407582938388, "f1-score": 0.16901408450704222, "support": 211}, "children_playing": {"precision": 0.30606060606060603, "recall": 0.5120405576679341, "f1-score": 0.38311996206733046, "support": 789}, "dog_bark": {"precision": 0.7171492204899778, "recall": 0.5532646048109966, "f1-score": 0.6246362754607179, "support": 582}, "drilling": {"precision": 0.51138353765324, "recall": 0.4027586206896552, "f1-score": 0.4506172839506173, "support": 725}, "engine_idling": {"precision": 0.46275395033860045, "recall": 0.2417452830188679, "f1-score": 0.31758326878388843, "support": 848}, "gun_shot": {"precision": 0.6415094339622641, "recall": 0.8192771084337349, "f1-score": 0.7195767195767195, "support": 83}, "jackhammer": {"precision": 0.34974093264248707, "recall": 0.22842639593908629, "f1-score": 0.27635619242579323, "support": 591}, "siren": {"precision": 0.6294820717131474, "recall": 0.5118790496760259, "f1-score": 0.5646217986896963, "support": 926}, "street_music": {"precision": 0.26422155688622756, "recall": 0.44125, "f1-score": 0.3305243445692884, "support": 800}, "accuracy": 0.4129032258064516, "macro avg": {"precision": 0.4589064075735747, "recall": 0.42581356960656846, "f1-score": 0.4240008020834353, "support": 6355}, "weighted avg": {"precision": 0.448153780408115, "recall": 0.4129032258064516, "f1-score": 0.41399955756827556, "support": 6355}}, "finalAcc": 0.6018754243850708, "finalVal": 0.4719827473163605, "finalAccData": [0.16091790795326233, 0.19531618058681488, 0.2064838409423828, 0.23310714960098267, 0.25680896639823914, 0.30049005150794983, 0.33389878273010254, 0.35321834683418274, 0.3690509796142578, 0.3872867822647095, 0.40175288915634155, 0.41207239031791687, 0.4277636408805847, 0.4328055679798126, 0.4428894519805908, 0.46329280734062195, 0.47738197445869446, 0.4876072108745575, 0.49858638644218445, 0.5134766101837158, 0.5166807770729065, 0.5217698812484741, 0.5425972938537598, 0.5525398254394531, 0.5616812705993652, 0.5741211771965027, 0.5812364816665649, 0.5905663967132568, 0.5972575545310974, 0.6018754243850708], "finalValData": [0.21828818321228027, 0.19211822748184204, 0.21921181678771973, 0.2339901477098465, 0.26508620381355286, 0.3214285671710968, 0.3469827473163605, 0.37592363357543945, 0.3928571343421936, 0.4217980206012726, 0.41348522901535034, 0.44581282138824463, 0.44766008853912354, 0.45073890686035156, 0.45628079771995544, 0.4513546824455261, 0.4658251106739044, 0.46490147709846497, 0.44735223054885864, 0.4338054060935974, 0.46366995573043823, 0.4572044312953949, 0.44766008853912354, 0.4322659969329834, 0.44027093052864075, 0.4356527030467987, 0.47383004426956177, 0.4338054060935974, 0.45073890686035156, 0.4719827473163605]}