{"parameters": [[512, 0.5, 40, 32]], "report": {"air_conditioner": {"precision": 0.36616454229432216, "recall": 0.395, "f1-score": 0.3800360793746242, "support": 800}, "car_horn": {"precision": 0.7115384615384616, "recall": 0.17535545023696683, "f1-score": 0.2813688212927757, "support": 211}, "children_playing": {"precision": 0.2923076923076923, "recall": 0.5057034220532319, "f1-score": 0.3704735376044568, "support": 789}, "dog_bark": {"precision": 0.7665847665847666, "recall": 0.5360824742268041, "f1-score": 0.6309403437815976, "support": 582}, "drilling": {"precision": 0.5202108963093146, "recall": 0.40827586206896554, "f1-score": 0.45749613601236483, "support": 725}, "engine_idling": {"precision": 0.5104166666666666, "recall": 0.23113207547169812, "f1-score": 0.3181818181818182, "support": 848}, "gun_shot": {"precision": 0.7340425531914894, "recall": 0.8313253012048193, "f1-score": 0.7796610169491526, "support": 83}, "jackhammer": {"precision": 0.39568345323741005, "recall": 0.18612521150592218, "f1-score": 0.2531645569620253, "support": 591}, "siren": {"precision": 0.6319526627218935, "recall": 0.5766738660907127, "f1-score": 0.6030491247882552, "support": 926}, "street_music": {"precision": 0.2643524699599466, "recall": 0.495, "f1-score": 0.3446475195822455, "support": 800}, "accuracy": 0.41935483870967744, "macro avg": {"precision": 0.5193254164811963, "recall": 0.434067366285912, "f1-score": 0.44190189545293157, "support": 6355}, "weighted avg": {"precision": 0.4754178096282292, "recall": 0.41935483870967744, "f1-score": 0.4205956080663234, "support": 6355}}, "finalAcc": 0.6173781752586365, "finalVal": 0.46705666184425354, "finalAccData": [0.16138912737369537, 0.18994440138339996, 0.20276129245758057, 0.2144472748041153, 0.22919611632823944, 0.23758363723754883, 0.24959947168827057, 0.27056828141212463, 0.27824899554252625, 0.2964847683906555, 0.30703985691070557, 0.32763171195983887, 0.3436528146266937, 0.3478465676307678, 0.3569880425930023, 0.3677787184715271, 0.3755536675453186, 0.3866741955280304, 0.38412967324256897, 0.39242294430732727, 0.40585240721702576, 0.416219025850296, 0.4303552806377411, 0.44515126943588257, 0.4658844470977783, 0.4804448187351227, 0.49019885063171387, 0.5147017240524292, 0.5148431062698364, 0.5254924297332764, 0.5390161275863647, 0.5473565459251404, 0.5541890263557434, 0.5665347576141357, 0.5712939500808716, 0.5790217518806458, 0.5894826054573059, 0.5971161723136902, 0.6041372418403625, 0.6173781752586365], "finalValData": [0.26908865571022034, 0.24137930572032928, 0.21520936489105225, 0.24753694236278534, 0.2770935893058777, 0.2854064106941223, 0.31681033968925476, 0.3352832496166229, 0.3497537076473236, 0.3642241358757019, 0.3522167503833771, 0.3623768389225006, 0.38485223054885864, 0.373460590839386, 0.36699506640434265, 0.36206895112991333, 0.3642241358757019, 0.3802340030670166, 0.38115763664245605, 0.3799261152744293, 0.4236453175544739, 0.4088670015335083, 0.4137931168079376, 0.43873152136802673, 0.4433497488498688, 0.45043104887008667, 0.43873152136802673, 0.44581282138824463, 0.4227216839790344, 0.4769088625907898, 0.45289409160614014, 0.46305418014526367, 0.46305418014526367, 0.4772167503833771, 0.44889163970947266, 0.44704434275627136, 0.4676724076271057, 0.46305418014526367, 0.4522783160209656, 0.46705666184425354]}