{"parameters": [[128, 0.5, 50, 32]], "report": {"air_conditioner": {"precision": 0.23655913978494625, "recall": 0.22, "f1-score": 0.227979274611399, "support": 800}, "car_horn": {"precision": 0.0, "recall": 0.0, "f1-score": 0.0, "support": 211}, "children_playing": {"precision": 0.19360973754279193, "recall": 0.6451204055766794, "f1-score": 0.2978349912229374, "support": 789}, "dog_bark": {"precision": 0.6004366812227074, "recall": 0.4725085910652921, "f1-score": 0.5288461538461539, "support": 582}, "drilling": {"precision": 0.5745454545454546, "recall": 0.21793103448275863, "f1-score": 0.316, "support": 725}, "engine_idling": {"precision": 0.39308176100628933, "recall": 0.294811320754717, "f1-score": 0.3369272237196766, "support": 848}, "gun_shot": {"precision": 0.9642857142857143, "recall": 0.3253012048192771, "f1-score": 0.48648648648648646, "support": 83}, "jackhammer": {"precision": 0.1752767527675277, "recall": 0.16074450084602368, "f1-score": 0.1676963812886143, "support": 591}, "siren": {"precision": 0.0, "recall": 0.0, "f1-score": 0.0, "support": 926}, "street_music": {"precision": 0.20613614573346117, "recall": 0.26875, "f1-score": 0.2333152468800868, "support": 800}, "accuracy": 0.2682926829268293, "macro avg": {"precision": 0.33439313868888926, "recall": 0.2605167057544748, "f1-score": 0.25950857580553544, "support": 6355}, "weighted avg": {"precision": 0.2816477612679332, "recall": 0.2682926829268293, "f1-score": 0.246438569982814, "support": 6355}}, "finalAcc": 0.36438602209091187, "finalVal": 0.3783867061138153, "finalAccData": [0.11591744422912598, 0.14381302893161774, 0.14353029429912567, 0.14287060499191284, 0.14131560921669006, 0.13933654129505157, 0.13919517397880554, 0.13900668919086456, 0.1464046686887741, 0.1409386545419693, 0.14753557741641998, 0.1502685844898224, 0.1514466106891632, 0.15351992845535278, 0.1569126397371292, 0.16039958596229553, 0.1621430665254593, 0.1667609065771103, 0.1676090806722641, 0.16742059588432312, 0.1725567877292633, 0.17901234328746796, 0.1803317368030548, 0.18527942895889282, 0.1869286596775055, 0.19036848843097687, 0.1932428628206253, 0.19894449412822723, 0.19790783524513245, 0.2005937248468399, 0.2074262499809265, 0.2111016809940338, 0.21520119905471802, 0.21604938805103302, 0.22773537039756775, 0.23117519915103912, 0.24215437471866608, 0.24667797982692719, 0.25021204352378845, 0.2597304582595825, 0.26679861545562744, 0.283432275056839, 0.30934879183769226, 0.3281971514225006, 0.3340872824192047, 0.3479408025741577, 0.3551974296569824, 0.3571765124797821, 0.3646216094493866, 0.36438602209091187], "finalValData": [0.15086206793785095, 0.14070196449756622, 0.13793103396892548, 0.13146552443504333, 0.12992611527442932, 0.12992611527442932, 0.13115763664245605, 0.13454432785511017, 0.1323891580104828, 0.13362069427967072, 0.13362069427967072, 0.1323891580104828, 0.13084974884986877, 0.14008620381355286, 0.13885468244552612, 0.14162561297416687, 0.14193350076675415, 0.14162561297416687, 0.14008620381355286, 0.14316502213478088, 0.1696428507566452, 0.1748768538236618, 0.17610837519168854, 0.18842364847660065, 0.18842364847660065, 0.17918719351291656, 0.18719211220741272, 0.2035098522901535, 0.20504926145076752, 0.22105911374092102, 0.22721675038337708, 0.22044335305690765, 0.22044335305690765, 0.23337438702583313, 0.2284482717514038, 0.23953202366828918, 0.2216748744249344, 0.23799261450767517, 0.22598522901535034, 0.2284482717514038, 0.24568966031074524, 0.30295565724372864, 0.3014162480831146, 0.3248152732849121, 0.36299261450767517, 0.34575122594833374, 0.3731527030467987, 0.3679187297821045, 0.3568349778652191, 0.3783867061138153]}