{"parameters": [[256, 0.5, 50, 16]], "report": {"air_conditioner": {"precision": 0.4650423728813559, "recall": 0.54875, "f1-score": 0.503440366972477, "support": 800}, "car_horn": {"precision": 0.5294117647058824, "recall": 0.2132701421800948, "f1-score": 0.30405405405405406, "support": 211}, "children_playing": {"precision": 0.37442502299908004, "recall": 0.5158428390367554, "f1-score": 0.43390191897654584, "support": 789}, "dog_bark": {"precision": 0.7274774774774775, "recall": 0.5549828178694158, "f1-score": 0.6296296296296297, "support": 582}, "drilling": {"precision": 0.5249569707401033, "recall": 0.4206896551724138, "f1-score": 0.4670750382848392, "support": 725}, "engine_idling": {"precision": 0.5269320843091335, "recall": 0.2653301886792453, "f1-score": 0.35294117647058826, "support": 848}, "gun_shot": {"precision": 0.7422680412371134, "recall": 0.8674698795180723, "f1-score": 0.7999999999999999, "support": 83}, "jackhammer": {"precision": 0.4666666666666667, "recall": 0.1895093062605753, "f1-score": 0.2695547533092659, "support": 591}, "siren": {"precision": 0.6735483870967742, "recall": 0.5637149028077754, "f1-score": 0.6137566137566137, "support": 926}, "street_music": {"precision": 0.24776119402985075, "recall": 0.51875, "f1-score": 0.33535353535353535, "support": 800}, "accuracy": 0.45082612116443743, "macro avg": {"precision": 0.5278489982143437, "recall": 0.46583097315243477, "f1-score": 0.47097070868075486, "support": 6355}, "weighted avg": {"precision": 0.5018581016640575, "recall": 0.45082612116443743, "f1-score": 0.45254958138963364, "support": 6355}}, "finalAcc": 0.6457921266555786, "finalVal": 0.5258620977401733, "finalAccData": [0.14475543797016144, 0.16332107782363892, 0.15870323777198792, 0.16369804739952087, 0.17029497027397156, 0.17604373395442963, 0.18259353935718536, 0.20031100511550903, 0.21100744605064392, 0.22090283036231995, 0.23225897550582886, 0.2400810420513153, 0.25242671370506287, 0.2594948709011078, 0.2712751030921936, 0.2873433232307434, 0.29902932047843933, 0.3062388002872467, 0.30840638279914856, 0.3211290240287781, 0.34695127606391907, 0.38874751329421997, 0.4031665325164795, 0.42210912704467773, 0.4393082559108734, 0.4582037627696991, 0.47012534737586975, 0.48459145426750183, 0.49048158526420593, 0.5080105662345886, 0.5214871168136597, 0.5311940312385559, 0.5451418161392212, 0.5579115748405457, 0.5643671751022339, 0.5729902982711792, 0.5801055431365967, 0.5827914476394653, 0.5899066925048828, 0.596032440662384, 0.595702588558197, 0.6079068779945374, 0.6104985475540161, 0.6206766366958618, 0.6227970719337463, 0.6242578625679016, 0.6364621520042419, 0.6388653516769409, 0.6425879001617432, 0.6457921266555786], "finalValData": [0.1801108419895172, 0.1677955687046051, 0.1625615805387497, 0.16564039885997772, 0.16194581985473633, 0.17395320534706116, 0.17641626298427582, 0.2068965584039688, 0.20227833092212677, 0.2540024518966675, 0.24199508130550385, 0.23368225991725922, 0.2567734122276306, 0.2558497488498688, 0.29002463817596436, 0.29556649923324585, 0.2912561595439911, 0.2838670015335083, 0.28294333815574646, 0.30788177251815796, 0.28848522901535034, 0.3660714328289032, 0.35314038395881653, 0.3790024518966675, 0.408559113740921, 0.42241379618644714, 0.39532020688056946, 0.4319581389427185, 0.4196428656578064, 0.4433497488498688, 0.45104679465293884, 0.4485837519168854, 0.45597290992736816, 0.4356527030467987, 0.46890392899513245, 0.4729064106941223, 0.4587438404560089, 0.47444581985473633, 0.4713670015335083, 0.4572044312953949, 0.4676724076271057, 0.48337438702583313, 0.49168717861175537, 0.49199506640434265, 0.45935961604118347, 0.5043103694915771, 0.4824507534503937, 0.5092364549636841, 0.504618227481842, 0.5258620977401733]}