{"parameters": [[512, 0.4, 30, 32]], "report": {"air_conditioner": {"precision": 0.42273819055244194, "recall": 0.66, "f1-score": 0.5153733528550513, "support": 800}, "car_horn": {"precision": 0.5393258426966292, "recall": 0.22748815165876776, "f1-score": 0.31999999999999995, "support": 211}, "children_playing": {"precision": 0.4403444034440344, "recall": 0.45373891001267425, "f1-score": 0.4469413233458177, "support": 789}, "dog_bark": {"precision": 0.7840616966580977, "recall": 0.5240549828178694, "f1-score": 0.6282183316168898, "support": 582}, "drilling": {"precision": 0.49019607843137253, "recall": 0.3103448275862069, "f1-score": 0.3800675675675676, "support": 725}, "engine_idling": {"precision": 0.6066838046272494, "recall": 0.2783018867924528, "f1-score": 0.3815683104284559, "support": 848}, "gun_shot": {"precision": 0.6697247706422018, "recall": 0.8795180722891566, "f1-score": 0.7604166666666665, "support": 83}, "jackhammer": {"precision": 0.38006230529595014, "recall": 0.20642978003384094, "f1-score": 0.2675438596491228, "support": 591}, "siren": {"precision": 0.6941860465116279, "recall": 0.6447084233261339, "f1-score": 0.6685330347144456, "support": 926}, "street_music": {"precision": 0.28622540250447226, "recall": 0.6, "f1-score": 0.3875656035526847, "support": 800}, "accuracy": 0.46766325727773406, "macro avg": {"precision": 0.5313548541364077, "recall": 0.4784585034517102, "f1-score": 0.47562280503967014, "support": 6355}, "weighted avg": {"precision": 0.5157520927893793, "recall": 0.46766325727773406, "f1-score": 0.4638150191201302, "support": 6355}}, "finalAcc": 0.6795777678489685, "finalVal": 0.511083722114563, "finalAccData": [0.1712845116853714, 0.20130053162574768, 0.21609650552272797, 0.22405993938446045, 0.23866741359233856, 0.25124871730804443, 0.2692960202693939, 0.2909245193004608, 0.31217604875564575, 0.33338046073913574, 0.35826030373573303, 0.3868155777454376, 0.40985769033432007, 0.42389973998069763, 0.44524550437927246, 0.4640938639640808, 0.4841673672199249, 0.5124399065971375, 0.5278013348579407, 0.5491471290588379, 0.5650268793106079, 0.5810950994491577, 0.6022052764892578, 0.6140797138214111, 0.6286401152610779, 0.640703022480011, 0.6579492688179016, 0.6580435633659363, 0.6685986518859863, 0.6795777678489685], "finalValData": [0.23275862634181976, 0.23152709007263184, 0.2198275923728943, 0.20751231908798218, 0.22906403243541718, 0.2549261152744293, 0.253078818321228, 0.26200738549232483, 0.34513548016548157, 0.3589901626110077, 0.3549876809120178, 0.41194581985473633, 0.39593595266342163, 0.41009852290153503, 0.4304187297821045, 0.4301108419895172, 0.42980295419692993, 0.4211822748184204, 0.44027093052864075, 0.4550492465496063, 0.4522783160209656, 0.4587438404560089, 0.4642857015132904, 0.46182265877723694, 0.4639778435230255, 0.4713670015335083, 0.4861453175544739, 0.47814038395881653, 0.4661329984664917, 0.511083722114563]}