{"parameters": [[128, 0.4, 50, 32]], "report": {"air_conditioner": {"precision": 0.2730964467005076, "recall": 0.6725, "f1-score": 0.38844765342960286, "support": 800}, "car_horn": {"precision": 0.09090909090909091, "recall": 0.004739336492890996, "f1-score": 0.00900900900900901, "support": 211}, "children_playing": {"precision": 0.29707112970711297, "recall": 0.5399239543726235, "f1-score": 0.3832658569500675, "support": 789}, "dog_bark": {"precision": 0.6906474820143885, "recall": 0.4948453608247423, "f1-score": 0.5765765765765766, "support": 582}, "drilling": {"precision": 0.4967032967032967, "recall": 0.3117241379310345, "f1-score": 0.38305084745762713, "support": 725}, "engine_idling": {"precision": 0.5661080074487895, "recall": 0.3584905660377358, "f1-score": 0.43898916967509016, "support": 848}, "gun_shot": {"precision": 0.7627118644067796, "recall": 0.5421686746987951, "f1-score": 0.6338028169014085, "support": 83}, "jackhammer": {"precision": 0.34146341463414637, "recall": 0.1658206429780034, "f1-score": 0.22323462414578588, "support": 591}, "siren": {"precision": 0.680577849117175, "recall": 0.45788336933045354, "f1-score": 0.5474499677211104, "support": 926}, "street_music": {"precision": 0.29537366548042704, "recall": 0.2075, "f1-score": 0.24375917767988253, "support": 800}, "accuracy": 0.3959087332808812, "macro avg": {"precision": 0.4494662247121714, "recall": 0.37555960426662793, "f1-score": 0.3827585699546161, "support": 6355}, "weighted avg": {"precision": 0.44780462553916023, "recall": 0.3959087332808812, "f1-score": 0.39135819694156426, "support": 6355}}, "finalAcc": 0.5033456087112427, "finalVal": 0.4020935893058777, "finalAccData": [0.12868721783161163, 0.1667609065771103, 0.16087079048156738, 0.158279150724411, 0.1611063927412033, 0.1666666716337204, 0.17250965535640717, 0.17561964690685272, 0.1891433447599411, 0.1993214637041092, 0.20785033702850342, 0.2145415097475052, 0.22109131515026093, 0.22123268246650696, 0.22024314105510712, 0.22702854871749878, 0.23032702505588531, 0.23117519915103912, 0.2336726039648056, 0.24041089415550232, 0.24224860966205597, 0.24988219141960144, 0.2528979480266571, 0.25935348868370056, 0.262887567281723, 0.27532750368118286, 0.2775421738624573, 0.2858354449272156, 0.2963434159755707, 0.30209216475486755, 0.310621052980423, 0.32183581590652466, 0.33592498302459717, 0.3537366986274719, 0.3613702654838562, 0.3776741027832031, 0.3880407214164734, 0.39355385303497314, 0.4037790894508362, 0.40542832016944885, 0.4173499345779419, 0.42832908034324646, 0.4322401285171509, 0.44849684834480286, 0.4581094980239868, 0.46560174226760864, 0.4755442440509796, 0.49071717262268066, 0.4966544210910797, 0.5033456087112427], "finalValData": [0.14562807977199554, 0.189039409160614, 0.1641009896993637, 0.1551724076271057, 0.15671181678771973, 0.1517857164144516, 0.17087438702583313, 0.1662561595439911, 0.1908867061138153, 0.20320196449756622, 0.21459358930587769, 0.22475369274616241, 0.22290641069412231, 0.2161329984664917, 0.23429803550243378, 0.2321428507566452, 0.23245073854923248, 0.24938423931598663, 0.23522166907787323, 0.2623152732849121, 0.24353447556495667, 0.2426108419895172, 0.2503078877925873, 0.2444581240415573, 0.25831282138824463, 0.26354679465293884, 0.26293104887008667, 0.27185961604118347, 0.3038793206214905, 0.3072659969329834, 0.3217364549636841, 0.32050493359565735, 0.34883004426956177, 0.35406404733657837, 0.3322044312953949, 0.3753078877925873, 0.3568349778652191, 0.3602216839790344, 0.3860837519168854, 0.3682265877723694, 0.37222906947135925, 0.3925492465496063, 0.36699506640434265, 0.3682265877723694, 0.37777093052864075, 0.42087438702583313, 0.41009852290153503, 0.4051724076271057, 0.4033251106739044, 0.4020935893058777]}