{"parameters": [[64, 0.5, 40, 32]], "report": {"air_conditioner": {"precision": 0.1601248884924175, "recall": 0.8975, "f1-score": 0.27176381529144583, "support": 800}, "car_horn": {"precision": 0.0, "recall": 0.0, "f1-score": 0.0, "support": 211}, "children_playing": {"precision": 0.0, "recall": 0.0, "f1-score": 0.0, "support": 789}, "dog_bark": {"precision": 0.5008912655971479, "recall": 0.48281786941580757, "f1-score": 0.4916885389326334, "support": 582}, "drilling": {"precision": 0.5098814229249012, "recall": 0.17793103448275863, "f1-score": 0.2638036809815951, "support": 725}, "engine_idling": {"precision": 0.0, "recall": 0.0, "f1-score": 0.0, "support": 848}, "gun_shot": {"precision": 0.0, "recall": 0.0, "f1-score": 0.0, "support": 83}, "jackhammer": {"precision": 0.17613636363636365, "recall": 0.15736040609137056, "f1-score": 0.16621983914209115, "support": 591}, "siren": {"precision": 0.0, "recall": 0.0, "f1-score": 0.0, "support": 926}, "street_music": {"precision": 0.16257088846880907, "recall": 0.1075, "f1-score": 0.12942061700526714, "support": 800}, "accuracy": 0.2056648308418568, "macro avg": {"precision": 0.15096048291196393, "recall": 0.18231093099899368, "f1-score": 0.13228964913530328, "support": 6355}, "weighted avg": {"precision": 0.16104421096399144, "recall": 0.2056648308418568, "f1-score": 0.14108636807880337, "support": 6355}}, "finalAcc": 0.22575628757476807, "finalVal": 0.24199508130550385, "finalAccData": [0.1290641725063324, 0.1445198357105255, 0.1387239694595337, 0.1390538066625595, 0.1395721435546875, 0.13961926102638245, 0.13933654129505157, 0.14169257879257202, 0.14371877908706665, 0.14484968781471252, 0.15158797800540924, 0.15399114787578583, 0.15121100842952728, 0.15380266308784485, 0.15875035524368286, 0.1611063927412033, 0.15964564681053162, 0.16459335386753082, 0.1671849936246872, 0.16911695897579193, 0.17100179195404053, 0.17288662493228912, 0.17627933621406555, 0.17020073533058167, 0.17448873817920685, 0.18160399794578552, 0.1809443086385727, 0.1840071678161621, 0.19371406733989716, 0.19328998029232025, 0.199651300907135, 0.20167750120162964, 0.20370370149612427, 0.20912261307239532, 0.20690792798995972, 0.20822730660438538, 0.2129865288734436, 0.21642634272575378, 0.215908020734787, 0.22575628757476807], "finalValData": [0.13546797633171082, 0.1339285671710968, 0.1357758641242981, 0.13485221564769745, 0.1357758641242981, 0.1357758641242981, 0.13700738549232483, 0.13793103396892548, 0.13793103396892548, 0.1394704431295395, 0.13793103396892548, 0.1376231461763382, 0.1376231461763382, 0.13854679465293884, 0.13793103396892548, 0.13854679465293884, 0.14008620381355286, 0.14501231908798218, 0.1410098522901535, 0.1428571492433548, 0.14254926145076752, 0.14347290992736816, 0.1480911374092102, 0.13854679465293884, 0.13854679465293884, 0.16717980802059174, 0.15209358930587769, 0.18134236335754395, 0.20843596756458282, 0.20812807977199554, 0.19427339732646942, 0.2410714328289032, 0.20104679465293884, 0.21644088625907898, 0.20504926145076752, 0.2410714328289032, 0.25800493359565735, 0.27216747403144836, 0.22567734122276306, 0.24199508130550385]}