{"parameters": [[512, 0.4, 50, 16]], "report": {"air_conditioner": {"precision": 0.42085427135678394, "recall": 0.41875, "f1-score": 0.4197994987468672, "support": 800}, "car_horn": {"precision": 0.6022727272727273, "recall": 0.25118483412322273, "f1-score": 0.354515050167224, "support": 211}, "children_playing": {"precision": 0.32393162393162395, "recall": 0.4803548795944233, "f1-score": 0.38693210821847884, "support": 789}, "dog_bark": {"precision": 0.7134387351778656, "recall": 0.6202749140893471, "f1-score": 0.6636029411764706, "support": 582}, "drilling": {"precision": 0.42609699769053117, "recall": 0.5089655172413793, "f1-score": 0.4638592080452545, "support": 725}, "engine_idling": {"precision": 0.46748681898066785, "recall": 0.3136792452830189, "f1-score": 0.37544107268877913, "support": 848}, "gun_shot": {"precision": 0.8181818181818182, "recall": 0.8674698795180723, "f1-score": 0.8421052631578947, "support": 83}, "jackhammer": {"precision": 0.3882978723404255, "recall": 0.12351945854483926, "f1-score": 0.18741976893453147, "support": 591}, "siren": {"precision": 0.7670753064798599, "recall": 0.47300215982721383, "f1-score": 0.5851703406813628, "support": 926}, "street_music": {"precision": 0.30469266358228686, "recall": 0.57625, "f1-score": 0.3986165153480329, "support": 800}, "accuracy": 0.44169944925255705, "macro avg": {"precision": 0.5232328834994592, "recall": 0.46334508882215164, "f1-score": 0.4677461767164896, "support": 6355}, "weighted avg": {"precision": 0.48644760057360276, "recall": 0.44169944925255705, "f1-score": 0.4403212184479212, "support": 6355}}, "finalAcc": 0.7883328795433044, "finalVal": 0.4944581389427185, "finalAccData": [0.19550466537475586, 0.2544529139995575, 0.300348699092865, 0.34450098872184753, 0.38441240787506104, 0.4139572083950043, 0.44251248240470886, 0.4651305377483368, 0.48883235454559326, 0.5101310014724731, 0.5283196568489075, 0.537743866443634, 0.550984799861908, 0.5656394362449646, 0.5767599940299988, 0.587315022945404, 0.6057864427566528, 0.6213834881782532, 0.6292526721954346, 0.6399962306022644, 0.6508340239524841, 0.6615304946899414, 0.6742531061172485, 0.6791536808013916, 0.688012421131134, 0.6885307431221008, 0.70662522315979, 0.7058712840080261, 0.7109131813049316, 0.7167562246322632, 0.7183582782745361, 0.7277353405952454, 0.7309395670890808, 0.737395167350769, 0.7431910037994385, 0.7528036832809448, 0.7520497441291809, 0.7561492919921875, 0.7608142495155334, 0.7647252678871155, 0.7683064937591553, 0.7678824067115784, 0.7685420513153076, 0.7716520428657532, 0.7788615822792053, 0.7768353819847107, 0.7823013663291931, 0.7811704874038696, 0.7849401831626892, 0.7883328795433044], "finalValData": [0.2780172526836395, 0.3195812702178955, 0.3857758641242981, 0.3820812702178955, 0.3983990252017975, 0.4553571343421936, 0.4424261152744293, 0.4802955687046051, 0.44181033968925476, 0.44766008853912354, 0.43626847863197327, 0.47814038395881653, 0.5073891878128052, 0.43996304273605347, 0.45966747403144836, 0.4713670015335083, 0.4802955687046051, 0.4713670015335083, 0.4802955687046051, 0.5009236335754395, 0.5403324961662292, 0.4858374297618866, 0.47967979311943054, 0.47259852290153503, 0.5021551847457886, 0.5058497786521912, 0.5, 0.49753695726394653, 0.4839901626110077, 0.4889162480831146, 0.5144704580307007, 0.4787561595439911, 0.4947659969329834, 0.49938422441482544, 0.5055418610572815, 0.4981527030467987, 0.4889162480831146, 0.49753695726394653, 0.4873768389225006, 0.5049260854721069, 0.501539409160614, 0.5135468244552612, 0.4889162480831146, 0.5086206793785095, 0.5295566320419312, 0.5036945939064026, 0.5267857313156128, 0.49538177251815796, 0.5147783160209656, 0.4944581389427185]}