{"parameters": [[512, 0.5, 50, 16]], "report": {"air_conditioner": {"precision": 0.4211076280041797, "recall": 0.50375, "f1-score": 0.4587364826408651, "support": 800}, "car_horn": {"precision": 0.47368421052631576, "recall": 0.2132701421800948, "f1-score": 0.29411764705882354, "support": 211}, "children_playing": {"precision": 0.3879728419010669, "recall": 0.5069708491761724, "f1-score": 0.4395604395604396, "support": 789}, "dog_bark": {"precision": 0.6918604651162791, "recall": 0.6134020618556701, "f1-score": 0.6502732240437159, "support": 582}, "drilling": {"precision": 0.5407407407407407, "recall": 0.503448275862069, "f1-score": 0.5214285714285715, "support": 725}, "engine_idling": {"precision": 0.4578059071729958, "recall": 0.25589622641509435, "f1-score": 0.32829046898638425, "support": 848}, "gun_shot": {"precision": 0.7087378640776699, "recall": 0.8795180722891566, "f1-score": 0.7849462365591398, "support": 83}, "jackhammer": {"precision": 0.3486238532110092, "recall": 0.19289340101522842, "f1-score": 0.2483660130718954, "support": 591}, "siren": {"precision": 0.7261146496815286, "recall": 0.6155507559395248, "f1-score": 0.6662770309760373, "support": 926}, "street_music": {"precision": 0.3146551724137931, "recall": 0.5475, "f1-score": 0.3996350364963504, "support": 800}, "accuracy": 0.46923682140047207, "macro avg": {"precision": 0.5071303332845578, "recall": 0.4832199784733011, "f1-score": 0.4791631150822223, "support": 6355}, "weighted avg": {"precision": 0.4901387133916653, "recall": 0.46923682140047207, "f1-score": 0.4656745328207224, "support": 6355}}, "finalAcc": 0.722929060459137, "finalVal": 0.5255541801452637, "finalAccData": [0.15662990510463715, 0.17090754210948944, 0.20431627333164215, 0.23668834567070007, 0.2568560838699341, 0.2710394859313965, 0.29139572381973267, 0.30557912588119507, 0.3255583941936493, 0.34101402759552, 0.3524644374847412, 0.3716897666454315, 0.3767316937446594, 0.41423994302749634, 0.4410988688468933, 0.4532560408115387, 0.4683818817138672, 0.4915653467178345, 0.4975025951862335, 0.522523820400238, 0.5355762839317322, 0.5494769811630249, 0.558618426322937, 0.5660635232925415, 0.5839223265647888, 0.5909433364868164, 0.5998492240905762, 0.6181792616844177, 0.615257740020752, 0.6263782978057861, 0.6399019956588745, 0.6410800218582153, 0.6500329971313477, 0.6546037197113037, 0.6607765555381775, 0.6673734784126282, 0.6681274175643921, 0.672462522983551, 0.6839600205421448, 0.6839129328727722, 0.6902271509170532, 0.6944208741188049, 0.6979078054428101, 0.6967297792434692, 0.7051644325256348, 0.7062011361122131, 0.711290180683136, 0.7095938324928284, 0.7119027376174927, 0.722929060459137], "finalValData": [0.2124384194612503, 0.1730295568704605, 0.26293104887008667, 0.2663177251815796, 0.2909482717514038, 0.29217979311943054, 0.31157636642456055, 0.3180418610572815, 0.31373152136802673, 0.31896552443504333, 0.33990147709846497, 0.3161945939064026, 0.3408251106739044, 0.39901477098464966, 0.43688422441482544, 0.41871920228004456, 0.44181033968925476, 0.4442734122276306, 0.44550493359565735, 0.4861453175544739, 0.4852216839790344, 0.48091134428977966, 0.47444581985473633, 0.4750615656375885, 0.5067734122276306, 0.5227832794189453, 0.5163177251815796, 0.5203201770782471, 0.47814038395881653, 0.4802955687046051, 0.5249384045600891, 0.5083128213882446, 0.5304803252220154, 0.5190886855125427, 0.5233989953994751, 0.48676109313964844, 0.5132389068603516, 0.5274015069007874, 0.5193965435028076, 0.5243226885795593, 0.5070812702178955, 0.5243226885795593, 0.49538177251815796, 0.5449507236480713, 0.5310960412025452, 0.5446428656578064, 0.5375615954399109, 0.5098522305488586, 0.5341748595237732, 0.5255541801452637]}