{"parameters": [[128, 0.5, 40, 16]], "report": {"air_conditioner": {"precision": 0.2548435171385991, "recall": 0.21375, "f1-score": 0.23249490142760026, "support": 800}, "car_horn": {"precision": 0.0, "recall": 0.0, "f1-score": 0.0, "support": 211}, "children_playing": {"precision": 0.20173160173160173, "recall": 0.5906210392902408, "f1-score": 0.30074217489512745, "support": 789}, "dog_bark": {"precision": 0.5909090909090909, "recall": 0.4690721649484536, "f1-score": 0.5229885057471264, "support": 582}, "drilling": {"precision": 0.5552631578947368, "recall": 0.2910344827586207, "f1-score": 0.38190045248868776, "support": 725}, "engine_idling": {"precision": 0.5590327169274538, "recall": 0.4634433962264151, "f1-score": 0.5067698259187622, "support": 848}, "gun_shot": {"precision": 0.6226415094339622, "recall": 0.39759036144578314, "f1-score": 0.4852941176470588, "support": 83}, "jackhammer": {"precision": 0.36909871244635195, "recall": 0.1455160744500846, "f1-score": 0.2087378640776699, "support": 591}, "siren": {"precision": 0.7397504456327986, "recall": 0.4481641468682505, "f1-score": 0.5581708137188971, "support": 926}, "street_music": {"precision": 0.26883910386965376, "recall": 0.33, "f1-score": 0.2962962962962963, "support": 800}, "accuracy": 0.363808025177026, "macro avg": {"precision": 0.4162109855984249, "recall": 0.33491916659878485, "f1-score": 0.34933949522172264, "support": 6355}, "weighted avg": {"precision": 0.4332765463264951, "recall": 0.363808025177026, "f1-score": 0.3700749249233543, "support": 6355}}, "finalAcc": 0.4634813070297241, "finalVal": 0.39408865571022034, "finalAccData": [0.131278857588768, 0.14079728722572327, 0.14070303738117218, 0.13754594326019287, 0.1349542886018753, 0.14122137427330017, 0.14791254699230194, 0.1583733856678009, 0.15441523492336273, 0.16223730146884918, 0.16600696742534637, 0.16977664828300476, 0.17806993424892426, 0.17844688892364502, 0.18853077292442322, 0.18952031433582306, 0.19583451747894287, 0.20224295556545258, 0.21741588413715363, 0.23235322535037994, 0.23932711780071259, 0.25558382272720337, 0.28371500968933105, 0.3154745101928711, 0.3236735463142395, 0.3359721004962921, 0.3418622314929962, 0.3486476242542267, 0.3592969477176666, 0.3686268925666809, 0.3698991537094116, 0.3841767907142639, 0.3866741955280304, 0.3982659578323364, 0.41164830327033997, 0.4245122969150543, 0.4393082559108734, 0.4547168016433716, 0.4651305377483368, 0.4634813070297241], "finalValData": [0.15979063510894775, 0.14870689809322357, 0.13485221564769745, 0.13146552443504333, 0.1357758641242981, 0.13639162480831146, 0.13700738549232483, 0.1373152732849121, 0.13823892176151276, 0.1410098522901535, 0.17456896603107452, 0.17210590839385986, 0.20751231908798218, 0.17826354503631592, 0.1930418759584427, 0.18780788779258728, 0.1822660118341446, 0.17241379618644714, 0.2287561595439911, 0.2068965584039688, 0.2302955687046051, 0.28109607100486755, 0.28109607100486755, 0.2780172526836395, 0.26139163970947266, 0.33497536182403564, 0.2961822748184204, 0.3288177251815796, 0.33836206793785095, 0.32266008853912354, 0.315578818321228, 0.3463670015335083, 0.35283252596855164, 0.3512931168079376, 0.37038177251815796, 0.36299261450767517, 0.3928571343421936, 0.3894704580307007, 0.38793104887008667, 0.39408865571022034]}