{"parameters": [[128, 0.5, 40, 32]], "report": {"air_conditioner": {"precision": 0.08315334773218143, "recall": 0.09625, "f1-score": 0.08922363847045194, "support": 800}, "car_horn": {"precision": 0.0, "recall": 0.0, "f1-score": 0.0, "support": 211}, "children_playing": {"precision": 0.26854219948849106, "recall": 0.532319391634981, "f1-score": 0.35699107522311946, "support": 789}, "dog_bark": {"precision": 0.6211031175059952, "recall": 0.44501718213058417, "f1-score": 0.5185185185185186, "support": 582}, "drilling": {"precision": 0.6274509803921569, "recall": 0.2206896551724138, "f1-score": 0.32653061224489793, "support": 725}, "engine_idling": {"precision": 0.20674157303370785, "recall": 0.4339622641509434, "f1-score": 0.2800608828006088, "support": 848}, "gun_shot": {"precision": 1.0, "recall": 0.012048192771084338, "f1-score": 0.02380952380952381, "support": 83}, "jackhammer": {"precision": 0.32791728212703103, "recall": 0.3756345177664975, "f1-score": 0.3501577287066246, "support": 591}, "siren": {"precision": 0.7431506849315068, "recall": 0.468682505399568, "f1-score": 0.5748344370860927, "support": 926}, "street_music": {"precision": 0.15894039735099338, "recall": 0.03, "f1-score": 0.050473186119873815, "support": 800}, "accuracy": 0.3092053501180173, "macro avg": {"precision": 0.4036999582562063, "recall": 0.2614603709026072, "f1-score": 0.2570599602979712, "support": 6355}, "weighted avg": {"precision": 0.3717092476084968, "recall": 0.3092053501180173, "f1-score": 0.3006520244181077, "support": 6355}}, "finalAcc": 0.3258882164955139, "finalVal": 0.34174877405166626, "finalAccData": [0.1270851045846939, 0.14946752786636353, 0.14522665739059448, 0.14353029429912567, 0.14108000695705414, 0.14320045709609985, 0.1447083204984665, 0.14960889518260956, 0.1520591825246811, 0.15257751941680908, 0.15403826534748077, 0.15389689803123474, 0.1560644656419754, 0.1589859575033188, 0.16407501697540283, 0.1597398966550827, 0.16030533611774445, 0.16388653218746185, 0.16464047133922577, 0.16883422434329987, 0.1690698266029358, 0.16779756546020508, 0.17345207929611206, 0.17439450323581696, 0.17373479902744293, 0.17430025339126587, 0.17382904887199402, 0.17995476722717285, 0.183771550655365, 0.19800207018852234, 0.21689756214618683, 0.2439449578523636, 0.2628404498100281, 0.2664216458797455, 0.27857884764671326, 0.28578832745552063, 0.294034481048584, 0.30105552077293396, 0.31363677978515625, 0.3258882164955139], "finalValData": [0.1357758641242981, 0.15024630725383759, 0.14408867061138153, 0.1536329984664917, 0.14039409160614014, 0.14008620381355286, 0.14039409160614014, 0.1394704431295395, 0.13885468244552612, 0.13854679465293884, 0.1391625553369522, 0.13793103396892548, 0.14039409160614014, 0.13885468244552612, 0.14162561297416687, 0.14070196449756622, 0.1410098522901535, 0.14131774008274078, 0.14162561297416687, 0.14224137365818024, 0.14254926145076752, 0.14316502213478088, 0.14778324961662292, 0.14347290992736816, 0.14501231908798218, 0.14378078281879425, 0.14408867061138153, 0.14501231908798218, 0.15209358930587769, 0.19427339732646942, 0.22937192022800446, 0.2780172526836395, 0.2660098373889923, 0.29556649923324585, 0.3051108419895172, 0.28663793206214905, 0.27924877405166626, 0.2927955687046051, 0.33282020688056946, 0.34174877405166626]}