{"parameters": [[128, 0.4, 30, 16]], "report": {"air_conditioner": {"precision": 0.27534562211981567, "recall": 0.5975, "f1-score": 0.37697160883280756, "support": 800}, "car_horn": {"precision": 0.25, "recall": 0.004739336492890996, "f1-score": 0.00930232558139535, "support": 211}, "children_playing": {"precision": 0.31088082901554404, "recall": 0.532319391634981, "f1-score": 0.3925233644859813, "support": 789}, "dog_bark": {"precision": 0.683083511777302, "recall": 0.5481099656357389, "f1-score": 0.6081982840800764, "support": 582}, "drilling": {"precision": 0.5789473684210527, "recall": 0.2882758620689655, "f1-score": 0.38489871086556166, "support": 725}, "engine_idling": {"precision": 0.3902439024390244, "recall": 0.20754716981132076, "f1-score": 0.270977675134719, "support": 848}, "gun_shot": {"precision": 0.7910447761194029, "recall": 0.6385542168674698, "f1-score": 0.7066666666666667, "support": 83}, "jackhammer": {"precision": 0.2553763440860215, "recall": 0.16074450084602368, "f1-score": 0.19730010384215993, "support": 591}, "siren": {"precision": 0.6758045292014303, "recall": 0.6123110151187905, "f1-score": 0.6424929178470254, "support": 926}, "street_music": {"precision": 0.3465346534653465, "recall": 0.30625, "f1-score": 0.32514930325149305, "support": 800}, "accuracy": 0.4033044846577498, "macro avg": {"precision": 0.45572615366449404, "recall": 0.3896351458476181, "f1-score": 0.3914480960587886, "support": 6355}, "weighted avg": {"precision": 0.4384164594181925, "recall": 0.4033044846577498, "f1-score": 0.3943947485131909, "support": 6355}}, "finalAcc": 0.4871831238269806, "finalVal": 0.42610836029052734, "finalAccData": [0.13405899703502655, 0.15337857604026794, 0.1543681025505066, 0.1570068746805191, 0.16101215779781342, 0.16515879333019257, 0.17755159735679626, 0.1877768337726593, 0.19201771914958954, 0.20676656067371368, 0.2158137708902359, 0.22669871151447296, 0.23075111210346222, 0.23993968963623047, 0.25054189562797546, 0.2548770010471344, 0.26251059770584106, 0.2872490882873535, 0.3192441761493683, 0.3339459002017975, 0.34883612394332886, 0.3671190142631531, 0.3836584687232971, 0.410281777381897, 0.4306851327419281, 0.4485439658164978, 0.4637640118598938, 0.4699368476867676, 0.4807746708393097, 0.4871831238269806], "finalValData": [0.1875, 0.15825122594833374, 0.14501231908798218, 0.14747537672519684, 0.14932265877723694, 0.15055418014526367, 0.185960590839386, 0.2053571492433548, 0.1930418759584427, 0.22229063510894775, 0.23676107823848724, 0.25646552443504333, 0.24784483015537262, 0.24568966031074524, 0.27401477098464966, 0.2660098373889923, 0.26908865571022034, 0.29926109313964844, 0.3358990252017975, 0.3512931168079376, 0.38854679465293884, 0.37561577558517456, 0.3783867061138153, 0.4211822748184204, 0.42764776945114136, 0.43318966031074524, 0.4211822748184204, 0.4535098373889923, 0.4408867061138153, 0.42610836029052734]}