{"parameters": [[256, 0.3, 50, 32]], "report": {"air_conditioner": {"precision": 0.43922984356197353, "recall": 0.45625, "f1-score": 0.4475781729000613, "support": 800}, "car_horn": {"precision": 0.4778761061946903, "recall": 0.2559241706161137, "f1-score": 0.3333333333333333, "support": 211}, "children_playing": {"precision": 0.4018218623481781, "recall": 0.5031685678073511, "f1-score": 0.4468204839617333, "support": 789}, "dog_bark": {"precision": 0.7968397291196389, "recall": 0.6065292096219931, "f1-score": 0.6887804878048781, "support": 582}, "drilling": {"precision": 0.46238244514106586, "recall": 0.4068965517241379, "f1-score": 0.4328686720469553, "support": 725}, "engine_idling": {"precision": 0.45933014354066987, "recall": 0.33962264150943394, "f1-score": 0.39050847457627114, "support": 848}, "gun_shot": {"precision": 0.7128712871287128, "recall": 0.8674698795180723, "f1-score": 0.782608695652174, "support": 83}, "jackhammer": {"precision": 0.38380281690140844, "recall": 0.1844331641285956, "f1-score": 0.2491428571428571, "support": 591}, "siren": {"precision": 0.6282420749279539, "recall": 0.7062634989200864, "f1-score": 0.6649720386375192, "support": 926}, "street_music": {"precision": 0.33669511249030254, "recall": 0.5425, "f1-score": 0.41550981330780273, "support": 800}, "accuracy": 0.4753737214791503, "macro avg": {"precision": 0.5099091421354593, "recall": 0.4869057683845785, "f1-score": 0.48521230293635853, "support": 6355}, "weighted avg": {"precision": 0.48699562115542167, "recall": 0.4753737214791503, "f1-score": 0.47004883710645057, "support": 6355}}, "finalAcc": 0.7512487173080444, "finalVal": 0.5341748595237732, "finalAccData": [0.16690227389335632, 0.20964093506336212, 0.24451041221618652, 0.28380924463272095, 0.3304118514060974, 0.36363208293914795, 0.39072659611701965, 0.4164074957370758, 0.4395909905433655, 0.4484497308731079, 0.4747903048992157, 0.48600509762763977, 0.5027329921722412, 0.5193195939064026, 0.5299689173698425, 0.5397229194641113, 0.5564508438110352, 0.5646970272064209, 0.5757704377174377, 0.5831212997436523, 0.5922627449035645, 0.6000848412513733, 0.604608416557312, 0.6135143041610718, 0.6228442192077637, 0.6301008462905884, 0.6336820125579834, 0.6418339610099792, 0.6425407528877258, 0.6511167883872986, 0.6596927642822266, 0.6628027558326721, 0.6722740530967712, 0.6760437488555908, 0.6844783425331116, 0.6909339427947998, 0.6967297792434692, 0.701724648475647, 0.7079445719718933, 0.7142587900161743, 0.7167090773582458, 0.7254735827445984, 0.7239185571670532, 0.7243897914886475, 0.7319762706756592, 0.7351804971694946, 0.739986777305603, 0.7465366125106812, 0.7496936917304993, 0.7512487173080444], "finalValData": [0.17272166907787323, 0.19581280648708344, 0.2770935893058777, 0.28263548016548157, 0.3288177251815796, 0.34174877405166626, 0.3442118167877197, 0.3682265877723694, 0.39532020688056946, 0.4338054060935974, 0.440578818321228, 0.4338054060935974, 0.4732142984867096, 0.4479679763317108, 0.44581282138824463, 0.47075122594833374, 0.45289409160614014, 0.43688422441482544, 0.4535098373889923, 0.47259852290153503, 0.44766008853912354, 0.4839901626110077, 0.5101600885391235, 0.48306649923324585, 0.5073891878128052, 0.49168717861175537, 0.4929187297821045, 0.5058497786521912, 0.48983991146087646, 0.5018472671508789, 0.49538177251815796, 0.5076970458030701, 0.48676109313964844, 0.49230295419692993, 0.4926108419895172, 0.49722906947135925, 0.49876847863197327, 0.5083128213882446, 0.5083128213882446, 0.5160098671913147, 0.5107758641242981, 0.5006157755851746, 0.5033866763114929, 0.4892241358757019, 0.49876847863197327, 0.5163177251815796, 0.49230295419692993, 0.5055418610572815, 0.515701949596405, 0.5341748595237732]}