{"parameters": [[256, 0.4, 50, 32]], "report": {"air_conditioner": {"precision": 0.42621448212648944, "recall": 0.58125, "f1-score": 0.4918032786885246, "support": 800}, "car_horn": {"precision": 0.82, "recall": 0.1943127962085308, "f1-score": 0.31417624521072796, "support": 211}, "children_playing": {"precision": 0.30872959545777146, "recall": 0.5513307984790875, "f1-score": 0.3958143767060965, "support": 789}, "dog_bark": {"precision": 0.7240618101545254, "recall": 0.563573883161512, "f1-score": 0.633816425120773, "support": 582}, "drilling": {"precision": 0.4261744966442953, "recall": 0.3503448275862069, "f1-score": 0.384557153671461, "support": 725}, "engine_idling": {"precision": 0.5200729927007299, "recall": 0.33608490566037735, "f1-score": 0.4083094555873925, "support": 848}, "gun_shot": {"precision": 0.948051948051948, "recall": 0.8795180722891566, "f1-score": 0.9125, "support": 83}, "jackhammer": {"precision": 0.4471830985915493, "recall": 0.21489001692047377, "f1-score": 0.2902857142857143, "support": 591}, "siren": {"precision": 0.7643410852713178, "recall": 0.5323974082073434, "f1-score": 0.6276257161043921, "support": 926}, "street_music": {"precision": 0.31697171381031614, "recall": 0.47625, "f1-score": 0.3806193806193806, "support": 800}, "accuracy": 0.45350118017309204, "macro avg": {"precision": 0.5701801222808943, "recall": 0.46799527085126885, "f1-score": 0.4839507745994463, "support": 6355}, "weighted avg": {"precision": 0.5087824322376162, "recall": 0.45350118017309204, "f1-score": 0.4561661908469914, "support": 6355}}, "finalAcc": 0.636038064956665, "finalVal": 0.4842980206012726, "finalAccData": [0.14668740332126617, 0.1891433447599411, 0.19574026763439178, 0.20417490601539612, 0.21553105115890503, 0.22655734419822693, 0.242389976978302, 0.2594006359577179, 0.26670435070991516, 0.2762227952480316, 0.29370465874671936, 0.30628591775894165, 0.3167467713356018, 0.32763171195983887, 0.34011873602867126, 0.3462444543838501, 0.3483177721500397, 0.36678919196128845, 0.3696635663509369, 0.3751295804977417, 0.38714542984962463, 0.3960512578487396, 0.3975120186805725, 0.4200829267501831, 0.43558570742607117, 0.4377061426639557, 0.44533973932266235, 0.45363301038742065, 0.45353877544403076, 0.46159645915031433, 0.473847895860672, 0.4818584620952606, 0.4903402030467987, 0.5028272271156311, 0.5096126794815063, 0.5234190821647644, 0.5385448932647705, 0.5465554594993591, 0.5613043308258057, 0.5693619847297668, 0.5774667859077454, 0.5801997780799866, 0.5923569798469543, 0.60069739818573, 0.6100744605064392, 0.6129016876220703, 0.6211949586868286, 0.6286872029304504, 0.6343417167663574, 0.636038064956665], "finalValData": [0.19396552443504333, 0.22783251106739044, 0.2641625702381134, 0.2284482717514038, 0.23460590839385986, 0.24538177251815796, 0.22475369274616241, 0.28509852290153503, 0.2998768389225006, 0.31157636642456055, 0.3066502511501312, 0.3482142984867096, 0.34205666184425354, 0.32389163970947266, 0.3288177251815796, 0.3146551847457886, 0.3318965435028076, 0.3408251106739044, 0.3500615656375885, 0.3463670015335083, 0.3626847267150879, 0.36730295419692993, 0.3728448152542114, 0.4211822748184204, 0.42733991146087646, 0.42610836029052734, 0.45812806487083435, 0.4550492465496063, 0.4325738847255707, 0.44766008853912354, 0.4091748893260956, 0.41841134428977966, 0.41656404733657837, 0.4301108419895172, 0.4445812702178955, 0.4375, 0.4572044312953949, 0.43996304273605347, 0.4590517282485962, 0.46859607100486755, 0.4575123190879822, 0.4802955687046051, 0.4608990252017975, 0.47229063510894775, 0.4772167503833771, 0.4861453175544739, 0.4802955687046051, 0.469519704580307, 0.48830050230026245, 0.4842980206012726]}