{"parameters": [[64, 0.4, 30, 16]], "report": {"air_conditioner": {"precision": 0.23208353108685334, "recall": 0.61125, "f1-score": 0.3364293085655315, "support": 800}, "car_horn": {"precision": 0.0, "recall": 0.0, "f1-score": 0.0, "support": 211}, "children_playing": {"precision": 0.1877309682187731, "recall": 0.32192648922686945, "f1-score": 0.23716153127917838, "support": 789}, "dog_bark": {"precision": 0.2, "recall": 0.005154639175257732, "f1-score": 0.010050251256281405, "support": 582}, "drilling": {"precision": 0.514792899408284, "recall": 0.24, "f1-score": 0.3273753527751646, "support": 725}, "engine_idling": {"precision": 0.3357664233576642, "recall": 0.10849056603773585, "f1-score": 0.16399286987522285, "support": 848}, "gun_shot": {"precision": 0.0, "recall": 0.0, "f1-score": 0.0, "support": 83}, "jackhammer": {"precision": 0.2908545727136432, "recall": 0.32825719120135366, "f1-score": 0.3084260731319555, "support": 591}, "siren": {"precision": 0.5746835443037974, "recall": 0.490280777537797, "f1-score": 0.5291375291375291, "support": 926}, "street_music": {"precision": 0.16522811344019728, "recall": 0.1675, "f1-score": 0.16635630043451274, "support": 800}, "accuracy": 0.2822974036191975, "macro avg": {"precision": 0.25011400525292127, "recall": 0.22728596631790138, "f1-score": 0.20789292164553758, "support": 6355}, "weighted avg": {"precision": 0.3059600067857808, "recall": 0.2822974036191975, "f1-score": 0.25867386738457654, "support": 6355}}, "finalAcc": 0.2985580861568451, "finalVal": 0.2780172526836395, "finalAccData": [0.12953539192676544, 0.12849873304367065, 0.13142022490501404, 0.13514277338981628, 0.13764017820358276, 0.14320045709609985, 0.14805389940738678, 0.1537555307149887, 0.16459335386753082, 0.17406465113162994, 0.18414852023124695, 0.1901800036430359, 0.19437375664710999, 0.19955706596374512, 0.20092357695102692, 0.20620110630989075, 0.20756761729717255, 0.2189708799123764, 0.21524833142757416, 0.2223164588212967, 0.22278767824172974, 0.23141080141067505, 0.23927998542785645, 0.24337951838970184, 0.25270944833755493, 0.26227501034736633, 0.2664216458797455, 0.2853642404079437, 0.2878616452217102, 0.2985580861568451], "finalValData": [0.1677955687046051, 0.13793103396892548, 0.13331280648708344, 0.13084974884986877, 0.13854679465293884, 0.1696428507566452, 0.1428571492433548, 0.1948891580104828, 0.18873152136802673, 0.19519704580307007, 0.19211822748184204, 0.20104679465293884, 0.19612069427967072, 0.18472906947135925, 0.19735221564769745, 0.1982758641242981, 0.18873152136802673, 0.18719211220741272, 0.18688423931598663, 0.18719211220741272, 0.20812807977199554, 0.1998152732849121, 0.2426108419895172, 0.22998768091201782, 0.25831282138824463, 0.26169949769973755, 0.25431033968925476, 0.27401477098464966, 0.2536945939064026, 0.2780172526836395]}