{"parameters": [[512, 0.3, 50, 16]], "report": {"air_conditioner": {"precision": 0.3904179408766565, "recall": 0.47875, "f1-score": 0.4300954519932622, "support": 800}, "car_horn": {"precision": 0.6016949152542372, "recall": 0.33649289099526064, "f1-score": 0.43161094224924007, "support": 211}, "children_playing": {"precision": 0.44569288389513106, "recall": 0.4524714828897338, "f1-score": 0.44905660377358486, "support": 789}, "dog_bark": {"precision": 0.653160453808752, "recall": 0.6924398625429553, "f1-score": 0.6722268557130943, "support": 582}, "drilling": {"precision": 0.4713855421686747, "recall": 0.4317241379310345, "f1-score": 0.4506839452843773, "support": 725}, "engine_idling": {"precision": 0.49682875264270615, "recall": 0.27712264150943394, "f1-score": 0.3557910673732021, "support": 848}, "gun_shot": {"precision": 0.8987341772151899, "recall": 0.8554216867469879, "f1-score": 0.8765432098765433, "support": 83}, "jackhammer": {"precision": 0.31382978723404253, "recall": 0.09983079526226735, "f1-score": 0.1514762516046213, "support": 591}, "siren": {"precision": 0.6530147895335608, "recall": 0.6198704103671706, "f1-score": 0.6360110803324098, "support": 926}, "street_music": {"precision": 0.29710610932475884, "recall": 0.5775, "f1-score": 0.3923566878980892, "support": 800}, "accuracy": 0.4607395751376869, "macro avg": {"precision": 0.522186535195371, "recall": 0.4821623908244844, "f1-score": 0.4845852096098424, "support": 6355}, "weighted avg": {"precision": 0.4778274230016192, "recall": 0.4607395751376869, "f1-score": 0.45228195249403536, "support": 6355}}, "finalAcc": 0.869946300983429, "finalVal": 0.4941502511501312, "finalAccData": [0.20737913250923157, 0.23593440651893616, 0.2792385220527649, 0.337103009223938, 0.3937423527240753, 0.44595232605934143, 0.47643953561782837, 0.5122042894363403, 0.5443878769874573, 0.5723777413368225, 0.5909904837608337, 0.6177551746368408, 0.6360852122306824, 0.6587975025177002, 0.6746301054954529, 0.6940439343452454, 0.699981153011322, 0.7157195210456848, 0.7329657673835754, 0.7396569848060608, 0.7533220052719116, 0.7577984929084778, 0.7658090591430664, 0.7777777910232544, 0.7764112949371338, 0.7906889319419861, 0.7952125072479248, 0.801668107509613, 0.8031759262084961, 0.8086419701576233, 0.8142022490501404, 0.8189143538475037, 0.8206107020378113, 0.8239562511444092, 0.831778347492218, 0.8329563736915588, 0.8335689306259155, 0.8379511833190918, 0.8445010185241699, 0.8455376625061035, 0.8493544459342957, 0.8556686639785767, 0.8540665507316589, 0.8559985160827637, 0.858967125415802, 0.8637734651565552, 0.8624540567398071, 0.8659409880638123, 0.8670247793197632, 0.869946300983429], "finalValData": [0.23891626298427582, 0.22475369274616241, 0.30480295419692993, 0.35806649923324585, 0.3980911374092102, 0.4285714328289032, 0.4762931168079376, 0.4713670015335083, 0.45258620381355286, 0.45628079771995544, 0.48645320534706116, 0.4963054060935974, 0.5144704580307007, 0.4932265877723694, 0.48306649923324585, 0.5006157755851746, 0.4996921122074127, 0.49199506640434265, 0.5175492763519287, 0.5190886855125427, 0.5089285969734192, 0.5120074152946472, 0.5187807679176331, 0.5098522305488586, 0.508004903793335, 0.5181650519371033, 0.5153940916061401, 0.4963054060935974, 0.5021551847457886, 0.5138546824455261, 0.49168717861175537, 0.5055418610572815, 0.5043103694915771, 0.5203201770782471, 0.49938422441482544, 0.5083128213882446, 0.48645320534706116, 0.5123152732849121, 0.496921181678772, 0.4950738847255707, 0.5144704580307007, 0.4895320236682892, 0.5101600885391235, 0.5052340030670166, 0.514162540435791, 0.4852216839790344, 0.5147783160209656, 0.5101600885391235, 0.503078818321228, 0.4941502511501312]}