{"parameters": [[512, 0.3, 30, 16]], "report": {"air_conditioner": {"precision": 0.3941018766756032, "recall": 0.3675, "f1-score": 0.38033635187580855, "support": 800}, "car_horn": {"precision": 0.6355140186915887, "recall": 0.3222748815165877, "f1-score": 0.4276729559748428, "support": 211}, "children_playing": {"precision": 0.39520333680917624, "recall": 0.4803548795944233, "f1-score": 0.43363844393592677, "support": 789}, "dog_bark": {"precision": 0.7065420560747664, "recall": 0.6494845360824743, "f1-score": 0.6768128916741272, "support": 582}, "drilling": {"precision": 0.5128900949796472, "recall": 0.5213793103448275, "f1-score": 0.5170998632010944, "support": 725}, "engine_idling": {"precision": 0.5313807531380753, "recall": 0.29952830188679247, "f1-score": 0.3831070889894419, "support": 848}, "gun_shot": {"precision": 0.8409090909090909, "recall": 0.891566265060241, "f1-score": 0.8654970760233919, "support": 83}, "jackhammer": {"precision": 0.3283582089552239, "recall": 0.1116751269035533, "f1-score": 0.16666666666666666, "support": 591}, "siren": {"precision": 0.6761658031088082, "recall": 0.5637149028077754, "f1-score": 0.6148409893992932, "support": 926}, "street_music": {"precision": 0.2834872979214781, "recall": 0.61375, "f1-score": 0.38783570300157977, "support": 800}, "accuracy": 0.45696302124311566, "macro avg": {"precision": 0.5304552537263458, "recall": 0.48212282041966753, "f1-score": 0.4853508030742173, "support": 6355}, "weighted avg": {"precision": 0.4896347119178009, "recall": 0.45696302124311566, "f1-score": 0.45322953557984547, "support": 6355}}, "finalAcc": 0.8078409433364868, "finalVal": 0.5092364549636841, "finalAccData": [0.22787673771381378, 0.29106587171554565, 0.34346431493759155, 0.404957115650177, 0.4455282390117645, 0.4955706298351288, 0.5312411785125732, 0.5658279061317444, 0.5895297527313232, 0.6118650436401367, 0.6262369155883789, 0.6475827097892761, 0.6657242774963379, 0.6815097332000732, 0.6923475861549377, 0.7060126066207886, 0.7141174077987671, 0.7300443053245544, 0.7344265580177307, 0.7489397525787354, 0.7520497441291809, 0.7621336579322815, 0.7686834335327148, 0.7761285305023193, 0.7841862440109253, 0.7839977145195007, 0.7902648448944092, 0.8002544641494751, 0.7997832298278809, 0.8078409433364868], "finalValData": [0.2967980206012726, 0.3198891580104828, 0.4196428656578064, 0.44704434275627136, 0.4747537076473236, 0.4855295419692993, 0.47937193512916565, 0.4855295419692993, 0.48860836029052734, 0.5070812702178955, 0.5474137663841248, 0.5098522305488586, 0.4966132938861847, 0.5360221862792969, 0.5227832794189453, 0.5209359526634216, 0.5009236335754395, 0.5431034564971924, 0.5076970458030701, 0.5043103694915771, 0.5372536778450012, 0.5144704580307007, 0.5160098671913147, 0.5369458198547363, 0.5280172228813171, 0.5181650519371033, 0.5286329984664917, 0.5040024518966675, 0.5212438702583313, 0.5092364549636841]}