{"parameters": [[128, 0.3, 30, 32]], "report": {"air_conditioner": {"precision": 0.331306990881459, "recall": 0.40875, "f1-score": 0.365976496922216, "support": 800}, "car_horn": {"precision": 0.7, "recall": 0.03317535545023697, "f1-score": 0.06334841628959277, "support": 211}, "children_playing": {"precision": 0.28527131782945736, "recall": 0.4664131812420786, "f1-score": 0.354016354016354, "support": 789}, "dog_bark": {"precision": 0.7128463476070529, "recall": 0.48625429553264604, "f1-score": 0.5781409601634321, "support": 582}, "drilling": {"precision": 0.4672727272727273, "recall": 0.3544827586206897, "f1-score": 0.40313725490196084, "support": 725}, "engine_idling": {"precision": 0.5099009900990099, "recall": 0.1214622641509434, "f1-score": 0.1961904761904762, "support": 848}, "gun_shot": {"precision": 0.7333333333333333, "recall": 0.6626506024096386, "f1-score": 0.6962025316455697, "support": 83}, "jackhammer": {"precision": 0.36683417085427134, "recall": 0.2470389170896785, "f1-score": 0.29524772497472196, "support": 591}, "siren": {"precision": 0.7310030395136778, "recall": 0.519438444924406, "f1-score": 0.6073232323232324, "support": 926}, "street_music": {"precision": 0.2505592841163311, "recall": 0.56, "f1-score": 0.3462132921174652, "support": 800}, "accuracy": 0.3894571203776554, "macro avg": {"precision": 0.5088328201507321, "recall": 0.38596658194203176, "f1-score": 0.3905796739545021, "support": 6355}, "weighted avg": {"precision": 0.4687477430654403, "recall": 0.3894571203776554, "f1-score": 0.385872045874787, "support": 6355}}, "finalAcc": 0.505984365940094, "finalVal": 0.43103447556495667, "finalAccData": [0.1392422914505005, 0.15724247694015503, 0.19423240423202515, 0.19771935045719147, 0.21425879001617432, 0.2299971729516983, 0.2441805601119995, 0.25619640946388245, 0.2658090591430664, 0.2809348702430725, 0.28918102383613586, 0.32329657673835754, 0.3565168082714081, 0.37833380699157715, 0.39722928404808044, 0.4057110548019409, 0.41942325234413147, 0.4217321574687958, 0.43040239810943604, 0.43798887729644775, 0.4527377188205719, 0.45203089714050293, 0.462209016084671, 0.46673262119293213, 0.46960702538490295, 0.47832438349723816, 0.48199981451034546, 0.4852040410041809, 0.4957119822502136, 0.505984365940094], "finalValData": [0.15209358930587769, 0.1838054209947586, 0.2536945939064026, 0.2376847267150879, 0.2355295568704605, 0.24137930572032928, 0.27740147709846497, 0.25769704580307007, 0.2927955687046051, 0.282019704580307, 0.3389778435230255, 0.36668717861175537, 0.3799261152744293, 0.40763548016548157, 0.3910098373889923, 0.3996305465698242, 0.4214901626110077, 0.403940886259079, 0.39008620381355286, 0.4267241358757019, 0.41009852290153503, 0.40979063510894775, 0.41163793206214905, 0.4020935893058777, 0.41656404733657837, 0.4319581389427185, 0.4316502511501312, 0.44181033968925476, 0.42241379618644714, 0.43103447556495667]}