{"parameters": [[256, 0.5, 30, 16]], "report": {"air_conditioner": {"precision": 0.2861507128309572, "recall": 0.35125, "f1-score": 0.3153759820426487, "support": 800}, "car_horn": {"precision": 0.0, "recall": 0.0, "f1-score": 0.0, "support": 211}, "children_playing": {"precision": 0.2695074709463199, "recall": 0.6172370088719898, "f1-score": 0.37519260400616333, "support": 789}, "dog_bark": {"precision": 0.76, "recall": 0.4570446735395189, "f1-score": 0.5708154506437769, "support": 582}, "drilling": {"precision": 0.538160469667319, "recall": 0.3793103448275862, "f1-score": 0.4449838187702265, "support": 725}, "engine_idling": {"precision": 0.5331125827814569, "recall": 0.18985849056603774, "f1-score": 0.27999999999999997, "support": 848}, "gun_shot": {"precision": 0.9180327868852459, "recall": 0.6746987951807228, "f1-score": 0.7777777777777777, "support": 83}, "jackhammer": {"precision": 0.3588709677419355, "recall": 0.1505922165820643, "f1-score": 0.21215733015494634, "support": 591}, "siren": {"precision": 0.6183206106870229, "recall": 0.6123110151187905, "f1-score": 0.6153011394465546, "support": 926}, "street_music": {"precision": 0.26706484641638223, "recall": 0.39125, "f1-score": 0.3174442190669371, "support": 800}, "accuracy": 0.39260424862313137, "macro avg": {"precision": 0.4549220447956639, "recall": 0.3823552544686711, "f1-score": 0.3909048321909031, "support": 6355}, "weighted avg": {"precision": 0.44069771855627726, "recall": 0.39260424862313137, "f1-score": 0.38619360804661884, "support": 6355}}, "finalAcc": 0.5188955068588257, "finalVal": 0.40825122594833374, "finalAccData": [0.13057205080986023, 0.1653943955898285, 0.1648760735988617, 0.17227405309677124, 0.1817924827337265, 0.18952031433582306, 0.18886061012744904, 0.19757798314094543, 0.19936858117580414, 0.21152576804161072, 0.2181227058172226, 0.22283479571342468, 0.2324003428220749, 0.2487984150648117, 0.26783525943756104, 0.29285645484924316, 0.2989822030067444, 0.33917632699012756, 0.3563283383846283, 0.38233909010887146, 0.3992083668708801, 0.4151352345943451, 0.43516162037849426, 0.45259636640548706, 0.4698426127433777, 0.4812929928302765, 0.4913768768310547, 0.4959947168827057, 0.5064555406570435, 0.5188955068588257], "finalValData": [0.16564039885997772, 0.16194581985473633, 0.15794335305690765, 0.18103447556495667, 0.18134236335754395, 0.18503694236278534, 0.17025862634181976, 0.19242611527442932, 0.22383004426956177, 0.2216748744249344, 0.2447660118341446, 0.21890394389629364, 0.23460590839385986, 0.23830048739910126, 0.2540024518966675, 0.2429187148809433, 0.30110836029052734, 0.31126847863197327, 0.34236451983451843, 0.36668717861175537, 0.39901477098464966, 0.375, 0.35775861144065857, 0.35314038395881653, 0.3983990252017975, 0.3728448152542114, 0.3950123190879822, 0.4411945939064026, 0.39593595266342163, 0.40825122594833374]}