{"parameters": [[512, 0.3, 40, 32]], "report": {"air_conditioner": {"precision": 0.33264033264033266, "recall": 0.2, "f1-score": 0.24980483996877442, "support": 800}, "car_horn": {"precision": 0.5806451612903226, "recall": 0.3412322274881517, "f1-score": 0.4298507462686567, "support": 211}, "children_playing": {"precision": 0.43002257336343114, "recall": 0.4828897338403042, "f1-score": 0.4549253731343284, "support": 789}, "dog_bark": {"precision": 0.6266666666666667, "recall": 0.7268041237113402, "f1-score": 0.6730310262529834, "support": 582}, "drilling": {"precision": 0.48247978436657685, "recall": 0.49379310344827587, "f1-score": 0.48807089297886846, "support": 725}, "engine_idling": {"precision": 0.5335120643431636, "recall": 0.2346698113207547, "f1-score": 0.325962325962326, "support": 848}, "gun_shot": {"precision": 0.7156862745098039, "recall": 0.8795180722891566, "f1-score": 0.7891891891891892, "support": 83}, "jackhammer": {"precision": 0.3081232492997199, "recall": 0.18612521150592218, "f1-score": 0.2320675105485232, "support": 591}, "siren": {"precision": 0.5496342737722049, "recall": 0.5680345572354212, "f1-score": 0.5586829527349975, "support": 926}, "street_music": {"precision": 0.29071170084439085, "recall": 0.6025, "f1-score": 0.39218877135882835, "support": 800}, "accuracy": 0.43808025177025967, "macro avg": {"precision": 0.4850122081096613, "recall": 0.4715566840839327, "f1-score": 0.4593773628397476, "support": 6355}, "weighted avg": {"precision": 0.45285378112762625, "recall": 0.43808025177025967, "f1-score": 0.425679943147476, "support": 6355}}, "finalAcc": 0.825464129447937, "finalVal": 0.506465494632721, "finalAccData": [0.2139289379119873, 0.25412309169769287, 0.2778720259666443, 0.31490907073020935, 0.36221843957901, 0.3982188403606415, 0.4398266077041626, 0.46833473443984985, 0.4992460608482361, 0.5220525860786438, 0.5515502691268921, 0.5732259154319763, 0.5941475629806519, 0.6189802885055542, 0.6326453685760498, 0.6503157019615173, 0.6683630347251892, 0.6792008280754089, 0.6990858316421509, 0.7004523873329163, 0.7191593647003174, 0.7269343137741089, 0.737725019454956, 0.740646481513977, 0.7518141269683838, 0.7575629353523254, 0.7662802934646606, 0.7721232771873474, 0.7780604958534241, 0.7825841307640076, 0.7879558801651001, 0.790453314781189, 0.794364333152771, 0.7994533777236938, 0.8041183948516846, 0.8097257614135742, 0.810573935508728, 0.8130713701248169, 0.8211761116981506, 0.825464129447937], "finalValData": [0.26169949769973755, 0.2770935893058777, 0.3519088625907898, 0.3700738847255707, 0.3999384343624115, 0.43472906947135925, 0.45258620381355286, 0.4479679763317108, 0.43288177251815796, 0.4556650221347809, 0.45997536182403564, 0.47013548016548157, 0.48645320534706116, 0.46859607100486755, 0.47044333815574646, 0.4959975481033325, 0.4852216839790344, 0.496921181678772, 0.49538177251815796, 0.503078818321228, 0.47937193512916565, 0.5018472671508789, 0.5092364549636841, 0.506465494632721, 0.5086206793785095, 0.5129310488700867, 0.5049260854721069, 0.5009236335754395, 0.5252463221549988, 0.508004903793335, 0.5033866763114929, 0.5160098671913147, 0.5107758641242981, 0.5083128213882446, 0.5092364549636841, 0.5138546824455261, 0.5033866763114929, 0.5104680061340332, 0.5076970458030701, 0.506465494632721]}