{"parameters": [[512, 0.4, 40, 32]], "report": {"air_conditioner": {"precision": 0.44576877234803336, "recall": 0.4675, "f1-score": 0.4563758389261745, "support": 800}, "car_horn": {"precision": 0.5858585858585859, "recall": 0.27488151658767773, "f1-score": 0.37419354838709684, "support": 211}, "children_playing": {"precision": 0.3614895549500454, "recall": 0.5044359949302915, "f1-score": 0.4211640211640212, "support": 789}, "dog_bark": {"precision": 0.7505285412262156, "recall": 0.6099656357388317, "f1-score": 0.6729857819905214, "support": 582}, "drilling": {"precision": 0.4779220779220779, "recall": 0.5075862068965518, "f1-score": 0.49230769230769234, "support": 725}, "engine_idling": {"precision": 0.5042016806722689, "recall": 0.2830188679245283, "f1-score": 0.3625377643504532, "support": 848}, "gun_shot": {"precision": 0.6730769230769231, "recall": 0.8433734939759037, "f1-score": 0.7486631016042781, "support": 83}, "jackhammer": {"precision": 0.45652173913043476, "recall": 0.14213197969543148, "f1-score": 0.21677419354838712, "support": 591}, "siren": {"precision": 0.6545275590551181, "recall": 0.7181425485961123, "f1-score": 0.6848609680741503, "support": 926}, "street_music": {"precision": 0.31245166279969067, "recall": 0.505, "f1-score": 0.38604873387482086, "support": 800}, "accuracy": 0.4745869394177813, "macro avg": {"precision": 0.5222347097039395, "recall": 0.48560362443453275, "f1-score": 0.4815911644227596, "support": 6355}, "weighted avg": {"precision": 0.49693692579286947, "recall": 0.4745869394177813, "f1-score": 0.4666655512378515, "support": 6355}}, "finalAcc": 0.7298558354377747, "finalVal": 0.5224753618240356, "finalAccData": [0.1727452576160431, 0.22943171858787537, 0.2512958347797394, 0.2973329424858093, 0.33201393485069275, 0.3620299696922302, 0.39722928404808044, 0.42262744903564453, 0.4414287209510803, 0.45815661549568176, 0.47413063049316406, 0.48798418045043945, 0.4958062469959259, 0.5117802023887634, 0.5206860899925232, 0.534680962562561, 0.5448119640350342, 0.5572047829627991, 0.5647912621498108, 0.5828856825828552, 0.5910376310348511, 0.6039958596229553, 0.6125718355178833, 0.6301008462905884, 0.6344359517097473, 0.6393836736679077, 0.6469701528549194, 0.6530486941337585, 0.6626142859458923, 0.6723682880401611, 0.6766563057899475, 0.685090959072113, 0.6949391961097717, 0.6961172223091125, 0.7004994750022888, 0.710300624370575, 0.7127980589866638, 0.71727454662323, 0.7235887050628662, 0.7298558354377747], "finalValData": [0.21213054656982422, 0.2592364549636841, 0.3180418610572815, 0.36545565724372864, 0.36330050230026245, 0.38823890686035156, 0.41133004426956177, 0.44181033968925476, 0.43842363357543945, 0.4627462923526764, 0.4532019793987274, 0.4658251106739044, 0.4818349778652191, 0.4719827473163605, 0.4926108419895172, 0.48491379618644714, 0.4981527030467987, 0.49722906947135925, 0.5018472671508789, 0.5212438702583313, 0.5144704580307007, 0.5221675038337708, 0.49568966031074524, 0.5150862336158752, 0.5147783160209656, 0.5237069129943848, 0.5289409160614014, 0.5224753618240356, 0.5252463221549988, 0.5326354503631592, 0.5187807679176331, 0.5200123190879822, 0.5347906351089478, 0.5212438702583313, 0.5338670015335083, 0.5400246381759644, 0.5203201770782471, 0.517241358757019, 0.5338670015335083, 0.5224753618240356]}