{"parameters": [[256, 0.5, 50, 32]], "report": {"air_conditioner": {"precision": 0.3536754507628294, "recall": 0.31875, "f1-score": 0.33530571992110453, "support": 800}, "car_horn": {"precision": 0.49504950495049505, "recall": 0.23696682464454977, "f1-score": 0.32051282051282054, "support": 211}, "children_playing": {"precision": 0.32252964426877473, "recall": 0.5171102661596958, "f1-score": 0.3972736124634859, "support": 789}, "dog_bark": {"precision": 0.7761194029850746, "recall": 0.5360824742268041, "f1-score": 0.6341463414634148, "support": 582}, "drilling": {"precision": 0.49391727493917276, "recall": 0.28, "f1-score": 0.3573943661971831, "support": 725}, "engine_idling": {"precision": 0.7021276595744681, "recall": 0.35023584905660377, "f1-score": 0.46734854445318647, "support": 848}, "gun_shot": {"precision": 0.696969696969697, "recall": 0.8313253012048193, "f1-score": 0.7582417582417583, "support": 83}, "jackhammer": {"precision": 0.24802110817941952, "recall": 0.15905245346869712, "f1-score": 0.19381443298969073, "support": 591}, "siren": {"precision": 0.7324613555291319, "recall": 0.6652267818574514, "f1-score": 0.6972269383135257, "support": 926}, "street_music": {"precision": 0.2609457092819615, "recall": 0.55875, "f1-score": 0.35575009948269, "support": 800}, "accuracy": 0.4328874901652242, "macro avg": {"precision": 0.5081816807441025, "recall": 0.4453499950618621, "f1-score": 0.451701463403886, "support": 6355}, "weighted avg": {"precision": 0.49386502125858556, "recall": 0.4328874901652242, "f1-score": 0.43769125625730865, "support": 6355}}, "finalAcc": 0.5637546181678772, "finalVal": 0.4978448152542114, "finalAccData": [0.13052493333816528, 0.16233153641223907, 0.17425313591957092, 0.1717085987329483, 0.17081330716609955, 0.1718028485774994, 0.17703326046466827, 0.18697577714920044, 0.19192346930503845, 0.20078220963478088, 0.20690792798995972, 0.2094053328037262, 0.21882951259613037, 0.22321176528930664, 0.22594477236270905, 0.23645274341106415, 0.23348411917686462, 0.242389976978302, 0.24549995362758636, 0.251955509185791, 0.2588822841644287, 0.2716049253940582, 0.2802280783653259, 0.2961549460887909, 0.31047970056533813, 0.320186585187912, 0.3316841125488281, 0.34115540981292725, 0.34808218479156494, 0.3565168082714081, 0.37098294496536255, 0.38493072986602783, 0.4043445587158203, 0.415889173746109, 0.4198944568634033, 0.42474791407585144, 0.4380359947681427, 0.4437847435474396, 0.46498915553092957, 0.4861464500427246, 0.49740836024284363, 0.5094712972640991, 0.5180473327636719, 0.5221468210220337, 0.5303930044174194, 0.5398171544075012, 0.5450004935264587, 0.5497125387191772, 0.5640373229980469, 0.5637546181678772], "finalValData": [0.19673645496368408, 0.20412561297416687, 0.2087438404560089, 0.18257388472557068, 0.15671181678771973, 0.16133004426956177, 0.1908867061138153, 0.20227833092212677, 0.2108990103006363, 0.20412561297416687, 0.20412561297416687, 0.2216748744249344, 0.19550491869449615, 0.22383004426956177, 0.24722906947135925, 0.2321428507566452, 0.2444581240415573, 0.2266009896993637, 0.2266009896993637, 0.24045567214488983, 0.2878694534301758, 0.28479063510894775, 0.2927955687046051, 0.2927955687046051, 0.2943349778652191, 0.3020320236682892, 0.29710590839385986, 0.3054187297821045, 0.3069581389427185, 0.30110836029052734, 0.3463670015335083, 0.3894704580307007, 0.39901477098464966, 0.41348522901535034, 0.4033251106739044, 0.4196428656578064, 0.43811577558517456, 0.4211822748184204, 0.42949506640434265, 0.45043104887008667, 0.44889163970947266, 0.4445812702178955, 0.4482758641242981, 0.45289409160614014, 0.4682881832122803, 0.4713670015335083, 0.4658251106739044, 0.4836822748184204, 0.45843595266342163, 0.4978448152542114]}