{"parameters": [[256, 0.3, 40, 32]], "report": {"air_conditioner": {"precision": 0.4146341463414634, "recall": 0.48875, "f1-score": 0.44865174985656914, "support": 800}, "car_horn": {"precision": 0.6461538461538462, "recall": 0.1990521327014218, "f1-score": 0.3043478260869566, "support": 211}, "children_playing": {"precision": 0.3807296538821328, "recall": 0.5158428390367554, "f1-score": 0.4381054897739505, "support": 789}, "dog_bark": {"precision": 0.6796116504854369, "recall": 0.6013745704467354, "f1-score": 0.6381039197812215, "support": 582}, "drilling": {"precision": 0.43844856661045534, "recall": 0.3586206896551724, "f1-score": 0.3945371775417299, "support": 725}, "engine_idling": {"precision": 0.46292585170340683, "recall": 0.27240566037735847, "f1-score": 0.3429844097995545, "support": 848}, "gun_shot": {"precision": 0.6938775510204082, "recall": 0.8192771084337349, "f1-score": 0.7513812154696133, "support": 83}, "jackhammer": {"precision": 0.3333333333333333, "recall": 0.13874788494077833, "f1-score": 0.19593787335722818, "support": 591}, "siren": {"precision": 0.6086086086086087, "recall": 0.6565874730021598, "f1-score": 0.6316883116883117, "support": 926}, "street_music": {"precision": 0.3042168674698795, "recall": 0.505, "f1-score": 0.37969924812030076, "support": 800}, "accuracy": 0.44736428009441387, "macro avg": {"precision": 0.49625400756089705, "recall": 0.4555658358594116, "f1-score": 0.4525437221475436, "support": 6355}, "weighted avg": {"precision": 0.4619903527028163, "recall": 0.44736428009441387, "f1-score": 0.4380704069739441, "support": 6355}}, "finalAcc": 0.7263217568397522, "finalVal": 0.4802955687046051, "finalAccData": [0.15728960931301117, 0.18320611119270325, 0.18970879912376404, 0.19107529520988464, 0.19757798314094543, 0.20912261307239532, 0.22396568953990936, 0.24865704774856567, 0.2655734717845917, 0.2922438979148865, 0.30817076563835144, 0.3296579122543335, 0.3379511833190918, 0.3569409251213074, 0.3759777545928955, 0.39482611417770386, 0.4166431128978729, 0.4406747817993164, 0.4599943459033966, 0.4781830310821533, 0.4998115301132202, 0.5136650800704956, 0.5371783971786499, 0.553293764591217, 0.5694091320037842, 0.5793045163154602, 0.60069739818573, 0.616247296333313, 0.6270850896835327, 0.6366506218910217, 0.6526246070861816, 0.6618131995201111, 0.6667137742042542, 0.6836773157119751, 0.6853736639022827, 0.6969183087348938, 0.7021958231925964, 0.7086042761802673, 0.7160022854804993, 0.7263217568397522], "finalValData": [0.17764778435230255, 0.14501231908798218, 0.1376231461763382, 0.13546797633171082, 0.13700738549232483, 0.15086206793785095, 0.1607142835855484, 0.20381774008274078, 0.20227833092212677, 0.21182265877723694, 0.2737068831920624, 0.25985223054885864, 0.29741379618644714, 0.3195812702178955, 0.28633004426956177, 0.3195812702178955, 0.3663793206214905, 0.3512931168079376, 0.39408865571022034, 0.39532020688056946, 0.4177955687046051, 0.4624384343624115, 0.439039409160614, 0.44211822748184204, 0.47783252596855164, 0.4824507534503937, 0.47783252596855164, 0.5166256427764893, 0.47259852290153503, 0.48337438702583313, 0.47752463817596436, 0.5009236335754395, 0.4806034564971924, 0.4621305465698242, 0.5024630427360535, 0.4842980206012726, 0.48860836029052734, 0.46705666184425354, 0.4753694534301758, 0.4802955687046051]}