{"parameters": [[128, 0.4, 30, 32]], "report": {"air_conditioner": {"precision": 0.03333333333333333, "recall": 0.0025, "f1-score": 0.004651162790697674, "support": 800}, "car_horn": {"precision": 0.0, "recall": 0.0, "f1-score": 0.0, "support": 211}, "children_playing": {"precision": 0.2424, "recall": 0.3840304182509506, "f1-score": 0.297204512015694, "support": 789}, "dog_bark": {"precision": 0.6142241379310345, "recall": 0.4896907216494845, "f1-score": 0.5449330783938814, "support": 582}, "drilling": {"precision": 0.5383022774327122, "recall": 0.3586206896551724, "f1-score": 0.4304635761589404, "support": 725}, "engine_idling": {"precision": 0.9117647058823529, "recall": 0.036556603773584904, "f1-score": 0.07029478458049886, "support": 848}, "gun_shot": {"precision": 0.8, "recall": 0.5301204819277109, "f1-score": 0.6376811594202898, "support": 83}, "jackhammer": {"precision": 0.34496644295302015, "recall": 0.43485617597292725, "f1-score": 0.3847305389221557, "support": 591}, "siren": {"precision": 0.0, "recall": 0.0, "f1-score": 0.0, "support": 926}, "street_music": {"precision": 0.17638036809815952, "recall": 0.71875, "f1-score": 0.2832512315270936, "support": 800}, "accuracy": 0.2764752163650669, "macro avg": {"precision": 0.36613712656306124, "recall": 0.29551250912298305, "f1-score": 0.26532100438092515, "support": 6355}, "weighted avg": {"precision": 0.33835150258587615, "recall": 0.2764752163650669, "f1-score": 0.22564385237359985, "support": 6355}}, "finalAcc": 0.31278860569000244, "finalVal": 0.3020320236682892, "finalAccData": [0.12553010880947113, 0.1753840297460556, 0.16464047133922577, 0.1648760735988617, 0.16892847418785095, 0.16412213444709778, 0.1684572547674179, 0.17283950746059418, 0.17722174525260925, 0.18254640698432922, 0.18622183799743652, 0.19013288617134094, 0.1951276957988739, 0.1983790397644043, 0.20327961444854736, 0.21166713535785675, 0.21468287706375122, 0.21798133850097656, 0.21619074046611786, 0.23065686225891113, 0.23895014822483063, 0.25073036551475525, 0.2567618489265442, 0.26797664165496826, 0.2759871780872345, 0.284798800945282, 0.2949769198894501, 0.2945999503135681, 0.30482518672943115, 0.31278860569000244], "finalValData": [0.1357758641242981, 0.13516010344028473, 0.14162561297416687, 0.18688423931598663, 0.18842364847660065, 0.14963054656982422, 0.15609605610370636, 0.15486453473567963, 0.16656403243541718, 0.16133004426956177, 0.16687192022800446, 0.16717980802059174, 0.15979063510894775, 0.17764778435230255, 0.16225369274616241, 0.17703202366828918, 0.18165025115013123, 0.18688423931598663, 0.18288177251815796, 0.18688423931598663, 0.22259852290153503, 0.2355295568704605, 0.2533867061138153, 0.2592364549636841, 0.27185961604118347, 0.27986451983451843, 0.2770935893058777, 0.2770935893058777, 0.2943349778652191, 0.3020320236682892]}