{"parameters": [[64, 0.3, 30, 32]], "report": {"air_conditioner": {"precision": 0.0, "recall": 0.0, "f1-score": 0.0, "support": 800}, "car_horn": {"precision": 0.0, "recall": 0.0, "f1-score": 0.0, "support": 211}, "children_playing": {"precision": 0.14765432098765433, "recall": 0.7579214195183777, "f1-score": 0.24715850382310398, "support": 789}, "dog_bark": {"precision": 0.5764925373134329, "recall": 0.5309278350515464, "f1-score": 0.5527728085867621, "support": 582}, "drilling": {"precision": 0.575682382133995, "recall": 0.32, "f1-score": 0.4113475177304965, "support": 725}, "engine_idling": {"precision": 0.8484848484848485, "recall": 0.0330188679245283, "f1-score": 0.06356413166855845, "support": 848}, "gun_shot": {"precision": 0.9166666666666666, "recall": 0.13253012048192772, "f1-score": 0.23157894736842105, "support": 83}, "jackhammer": {"precision": 0.27350427350427353, "recall": 0.3248730964467005, "f1-score": 0.2969837587006961, "support": 591}, "siren": {"precision": 0.0, "recall": 0.0, "f1-score": 0.0, "support": 926}, "street_music": {"precision": 0.19152854511970535, "recall": 0.13, "f1-score": 0.15487714072970962, "support": 800}, "accuracy": 0.23194335169158142, "macro avg": {"precision": 0.35300135742105765, "recall": 0.22292713394230806, "f1-score": 0.19582828086077478, "support": 6355}, "weighted avg": {"precision": 0.3115420912050509, "recall": 0.23194335169158142, "f1-score": 0.1868593760394855, "support": 6355}}, "finalAcc": 0.2913014888763428, "finalVal": 0.2610837519168854, "finalAccData": [0.11817924678325653, 0.1423051506280899, 0.14645180106163025, 0.15243615210056305, 0.15912732481956482, 0.1626613885164261, 0.1681274175643921, 0.1704363375902176, 0.18150974810123444, 0.1906040906906128, 0.19310149550437927, 0.19781358540058136, 0.2099236696958542, 0.21661482751369476, 0.22104419767856598, 0.22740551829338074, 0.2341909408569336, 0.23814909160137177, 0.2429082989692688, 0.24729055166244507, 0.2515314221382141, 0.26090848445892334, 0.2696729898452759, 0.26943737268447876, 0.268871933221817, 0.27791914343833923, 0.2755630910396576, 0.2879558801651001, 0.2898407280445099, 0.2913014888763428], "finalValData": [0.08374384045600891, 0.1447044312953949, 0.14162561297416687, 0.14254926145076752, 0.14347290992736816, 0.1462438404560089, 0.14593596756458282, 0.15055418014526367, 0.15424877405166626, 0.15394088625907898, 0.15609605610370636, 0.18472906947135925, 0.14747537672519684, 0.1662561595439911, 0.20227833092212677, 0.20504926145076752, 0.2087438404560089, 0.21366995573043823, 0.22259852290153503, 0.22536945343017578, 0.23799261450767517, 0.24199508130550385, 0.2429187148809433, 0.23983989655971527, 0.2321428507566452, 0.25800493359565735, 0.2444581240415573, 0.25831282138824463, 0.2681650221347809, 0.2610837519168854]}