{"parameters": [[128, 0.4, 40, 32]], "report": {"air_conditioner": {"precision": 0.10970464135021098, "recall": 0.0975, "f1-score": 0.10324288550628723, "support": 800}, "car_horn": {"precision": 0.0, "recall": 0.0, "f1-score": 0.0, "support": 211}, "children_playing": {"precision": 0.20293122886133033, "recall": 0.6844106463878327, "f1-score": 0.31304347826086953, "support": 789}, "dog_bark": {"precision": 0.6266666666666667, "recall": 0.4845360824742268, "f1-score": 0.5465116279069767, "support": 582}, "drilling": {"precision": 0.5531453362255966, "recall": 0.35172413793103446, "f1-score": 0.4300168634064081, "support": 725}, "engine_idling": {"precision": 0.45569620253164556, "recall": 0.33962264150943394, "f1-score": 0.38918918918918916, "support": 848}, "gun_shot": {"precision": 0.7878787878787878, "recall": 0.3132530120481928, "f1-score": 0.44827586206896547, "support": 83}, "jackhammer": {"precision": 0.23770491803278687, "recall": 0.09813874788494077, "f1-score": 0.13892215568862276, "support": 591}, "siren": {"precision": 0.6486486486486487, "recall": 0.18142548596112312, "f1-score": 0.2835443037974684, "support": 926}, "street_music": {"precision": 0.24557522123893805, "recall": 0.2775, "f1-score": 0.2605633802816902, "support": 800}, "accuracy": 0.3016522423288749, "macro avg": {"precision": 0.38679516514346113, "recall": 0.2828110754196784, "f1-score": 0.2913309746106477, "support": 6355}, "weighted avg": {"precision": 0.3781343151460688, "recall": 0.3016522423288749, "f1-score": 0.29579428146377695, "support": 6355}}, "finalAcc": 0.394684761762619, "finalVal": 0.3645320236682892, "finalAccData": [0.12670813500881195, 0.16148336231708527, 0.1638394147157669, 0.16577136516571045, 0.16553576290607452, 0.16746772825717926, 0.16817453503608704, 0.1723211705684662, 0.17891810834407806, 0.18249928951263428, 0.18603336811065674, 0.18994440138339996, 0.19592875242233276, 0.20049947500228882, 0.2061539888381958, 0.2122325897216797, 0.21039487421512604, 0.21562530100345612, 0.22655734419822693, 0.2368296980857849, 0.24253132939338684, 0.25148430466651917, 0.25450006127357483, 0.25987184047698975, 0.263264536857605, 0.2681179940700531, 0.27584582567214966, 0.2843747138977051, 0.29464706778526306, 0.3027518689632416, 0.30703985691070557, 0.31816038489341736, 0.33823391795158386, 0.3478465676307678, 0.3564225733280182, 0.3670247793197632, 0.36928659677505493, 0.3788992464542389, 0.38526058197021484, 0.394684761762619], "finalValData": [0.1625615805387497, 0.15640394389629364, 0.14716748893260956, 0.14131774008274078, 0.13977833092212677, 0.13793103396892548, 0.14193350076675415, 0.15116995573043823, 0.16194581985473633, 0.17733989655971527, 0.18873152136802673, 0.21674877405166626, 0.22105911374092102, 0.21921181678771973, 0.2176724076271057, 0.22475369274616241, 0.2269088625907898, 0.23676107823848724, 0.23953202366828918, 0.2647783160209656, 0.253078818321228, 0.26016008853912354, 0.25277093052864075, 0.27401477098464966, 0.2663177251815796, 0.27432265877723694, 0.26139163970947266, 0.29741379618644714, 0.25615763664245605, 0.26169949769973755, 0.24753694236278534, 0.3180418610572815, 0.3469827473163605, 0.32019704580307007, 0.32450738549232483, 0.3322044312953949, 0.33836206793785095, 0.3602216839790344, 0.34944581985473633, 0.3645320236682892]}