{"parameters": [[256, 0.3, 40, 16]], "report": {"air_conditioner": {"precision": 0.4078061911170929, "recall": 0.37875, "f1-score": 0.3927414128321452, "support": 800}, "car_horn": {"precision": 0.5874125874125874, "recall": 0.3981042654028436, "f1-score": 0.4745762711864407, "support": 211}, "children_playing": {"precision": 0.3780848963474827, "recall": 0.48542458808618505, "f1-score": 0.42508324084350724, "support": 789}, "dog_bark": {"precision": 0.7195571955719557, "recall": 0.6701030927835051, "f1-score": 0.6939501779359429, "support": 582}, "drilling": {"precision": 0.5070422535211268, "recall": 0.44689655172413795, "f1-score": 0.4750733137829913, "support": 725}, "engine_idling": {"precision": 0.5179856115107914, "recall": 0.25471698113207547, "f1-score": 0.34150197628458495, "support": 848}, "gun_shot": {"precision": 0.7156862745098039, "recall": 0.8795180722891566, "f1-score": 0.7891891891891892, "support": 83}, "jackhammer": {"precision": 0.334384858044164, "recall": 0.1793570219966159, "f1-score": 0.23348017621145375, "support": 591}, "siren": {"precision": 0.6596736596736597, "recall": 0.6112311015118791, "f1-score": 0.6345291479820627, "support": 926}, "street_music": {"precision": 0.2827324478178368, "recall": 0.55875, "f1-score": 0.375472490550189, "support": 800}, "accuracy": 0.45507474429583006, "macro avg": {"precision": 0.5110365975526502, "recall": 0.48628516749263984, "f1-score": 0.48355973967985066, "support": 6355}, "weighted avg": {"precision": 0.4828017138069603, "recall": 0.45507474429583006, "f1-score": 0.45303882026239356, "support": 6355}}, "finalAcc": 0.7676938772201538, "finalVal": 0.5135468244552612, "finalAccData": [0.17943643033504486, 0.2234944850206375, 0.2627462148666382, 0.2990764379501343, 0.35378381609916687, 0.3746112585067749, 0.4150409996509552, 0.44515126943588257, 0.47276410460472107, 0.5025916695594788, 0.5189897418022156, 0.5407124757766724, 0.5617284178733826, 0.5776081681251526, 0.5874564051628113, 0.6013099551200867, 0.6085665822029114, 0.62713223695755, 0.6359909772872925, 0.6448968052864075, 0.6587503552436829, 0.6657713651657104, 0.6728395223617554, 0.6829233765602112, 0.6954575181007385, 0.6983790397644043, 0.7068607807159424, 0.7165676951408386, 0.7193478345870972, 0.7249081134796143, 0.7324003577232361, 0.7370181679725647, 0.7422015070915222, 0.7454999685287476, 0.7503063082695007, 0.75435870885849, 0.7580341100692749, 0.7641598582267761, 0.7692017555236816, 0.7676938772201538], "finalValData": [0.25615763664245605, 0.2035098522901535, 0.2663177251815796, 0.3272783160209656, 0.36176109313964844, 0.4128694534301758, 0.434421181678772, 0.3808497488498688, 0.47814038395881653, 0.4839901626110077, 0.4750615656375885, 0.4750615656375885, 0.43626847863197327, 0.4873768389225006, 0.49014776945114136, 0.46490147709846497, 0.4676724076271057, 0.4818349778652191, 0.4996921122074127, 0.4802955687046051, 0.4907635450363159, 0.49722906947135925, 0.48491379618644714, 0.5274015069007874, 0.5153940916061401, 0.4950738847255707, 0.5181650519371033, 0.5200123190879822, 0.5252463221549988, 0.5320196747779846, 0.5246305465698242, 0.5178571343421936, 0.5255541801452637, 0.5184729099273682, 0.5101600885391235, 0.5116994976997375, 0.5209359526634216, 0.5310960412025452, 0.5098522305488586, 0.5135468244552612]}