{"parameters": [[512, 0.5, 50, 32]], "report": {"air_conditioner": {"precision": 0.381651376146789, "recall": 0.52, "f1-score": 0.4402116402116402, "support": 800}, "car_horn": {"precision": 0.3793103448275862, "recall": 0.10426540284360189, "f1-score": 0.16356877323420074, "support": 211}, "children_playing": {"precision": 0.28439235040098704, "recall": 0.5842839036755386, "f1-score": 0.38257261410788385, "support": 789}, "dog_bark": {"precision": 0.7248322147651006, "recall": 0.5567010309278351, "f1-score": 0.629737609329446, "support": 582}, "drilling": {"precision": 0.4925619834710744, "recall": 0.4110344827586207, "f1-score": 0.4481203007518797, "support": 725}, "engine_idling": {"precision": 0.5372168284789643, "recall": 0.1957547169811321, "f1-score": 0.28694900605012963, "support": 848}, "gun_shot": {"precision": 0.7802197802197802, "recall": 0.8554216867469879, "f1-score": 0.8160919540229885, "support": 83}, "jackhammer": {"precision": 0.3170028818443804, "recall": 0.18612521150592218, "f1-score": 0.2345415778251599, "support": 591}, "siren": {"precision": 0.773524720893142, "recall": 0.5237580993520519, "f1-score": 0.6245975531229878, "support": 926}, "street_music": {"precision": 0.33275862068965517, "recall": 0.4825, "f1-score": 0.39387755102040817, "support": 800}, "accuracy": 0.4309992132179386, "macro avg": {"precision": 0.500347110173746, "recall": 0.44198445347916904, "f1-score": 0.44202685796767244, "support": 6355}, "weighted avg": {"precision": 0.48447813355302183, "recall": 0.4309992132179386, "f1-score": 0.4284954302667191, "support": 6355}}, "finalAcc": 0.6633682250976562, "finalVal": 0.5040024518966675, "finalAccData": [0.16275563836097717, 0.20789746940135956, 0.21826405823230743, 0.226321741938591, 0.2414475530385971, 0.2542644441127777, 0.27037978172302246, 0.27919140458106995, 0.2945999503135681, 0.30416548252105713, 0.3113749921321869, 0.3228253722190857, 0.3309301733970642, 0.34285175800323486, 0.34808218479156494, 0.3582131862640381, 0.3611817955970764, 0.37696731090545654, 0.3861558735370636, 0.39595702290534973, 0.40891528129577637, 0.41687870025634766, 0.4262557625770569, 0.43148618936538696, 0.44458580017089844, 0.45302045345306396, 0.4691357910633087, 0.4695598781108856, 0.4905758202075958, 0.5081990361213684, 0.5236546993255615, 0.5285552740097046, 0.5412779450416565, 0.547309398651123, 0.5623409748077393, 0.5746394991874695, 0.5816134214401245, 0.5857129096984863, 0.5989068150520325, 0.6052209734916687, 0.6164357662200928, 0.6219488978385925, 0.6309961080551147, 0.6351428031921387, 0.6419752836227417, 0.6472057104110718, 0.6546508073806763, 0.6587032079696655, 0.65898597240448, 0.6633682250976562], "finalValData": [0.22752462327480316, 0.23091132938861847, 0.2783251106739044, 0.28848522901535034, 0.2891009747982025, 0.3001847267150879, 0.32235223054885864, 0.27616995573043823, 0.3282019793987274, 0.33682265877723694, 0.3282019793987274, 0.33990147709846497, 0.34759852290153503, 0.33128079771995544, 0.3432881832122803, 0.3716132938861847, 0.3731527030467987, 0.41133004426956177, 0.408559113740921, 0.4141009747982025, 0.43626847863197327, 0.40640392899513245, 0.42056649923324585, 0.4122537076473236, 0.42610836029052734, 0.41009852290153503, 0.4248768389225006, 0.42733991146087646, 0.43873152136802673, 0.44211822748184204, 0.44704434275627136, 0.4519704580307007, 0.4612068831920624, 0.47906404733657837, 0.4590517282485962, 0.44766008853912354, 0.48275861144065857, 0.4750615656375885, 0.4836822748184204, 0.4442734122276306, 0.5113916397094727, 0.4855295419692993, 0.4753694534301758, 0.49722906947135925, 0.5101600885391235, 0.512623131275177, 0.5086206793785095, 0.5104680061340332, 0.5227832794189453, 0.5040024518966675]}