{"parameters": [[64, 0.5, 30, 32]], "report": {"air_conditioner": {"precision": 0.1333931777378815, "recall": 0.92875, "f1-score": 0.23328100470957613, "support": 800}, "car_horn": {"precision": 0.0, "recall": 0.0, "f1-score": 0.0, "support": 211}, "children_playing": {"precision": 0.0, "recall": 0.0, "f1-score": 0.0, "support": 789}, "dog_bark": {"precision": 0.0, "recall": 0.0, "f1-score": 0.0, "support": 582}, "drilling": {"precision": 0.5906735751295337, "recall": 0.15724137931034482, "f1-score": 0.24836601307189546, "support": 725}, "engine_idling": {"precision": 0.0, "recall": 0.0, "f1-score": 0.0, "support": 848}, "gun_shot": {"precision": 0.0, "recall": 0.0, "f1-score": 0.0, "support": 83}, "jackhammer": {"precision": 0.31982942430703626, "recall": 0.25380710659898476, "f1-score": 0.28301886792452835, "support": 591}, "siren": {"precision": 0.0, "recall": 0.0, "f1-score": 0.0, "support": 926}, "street_music": {"precision": 0.02459016393442623, "recall": 0.00375, "f1-score": 0.006507592190889371, "support": 800}, "accuracy": 0.15892997639653816, "macro avg": {"precision": 0.10684863411088774, "recall": 0.13435484859093294, "f1-score": 0.07711734778968893, "support": 6355}, "weighted avg": {"precision": 0.11701718411836609, "recall": 0.15892997639653816, "f1-score": 0.08484034428652917, "support": 6355}}, "finalAcc": 0.17552539706230164, "finalVal": 0.16163793206214905, "finalAccData": [0.11690698564052582, 0.13278673589229584, 0.13834699988365173, 0.13660351932048798, 0.13387051224708557, 0.13481293618679047, 0.1309490203857422, 0.13551974296569824, 0.1362265646457672, 0.13707473874092102, 0.1358024626970291, 0.13617943227291107, 0.1358967125415802, 0.14027895033359528, 0.13961926102638245, 0.14353029429912567, 0.14574497938156128, 0.14970314502716064, 0.15116389095783234, 0.1496560126543045, 0.1551220417022705, 0.15620581805706024, 0.15502780675888062, 0.15728960931301117, 0.1625671535730362, 0.16346244513988495, 0.16958816349506378, 0.17100179195404053, 0.17472434043884277, 0.17552539706230164], "finalValData": [0.1573275923728943, 0.13300491869449615, 0.12992611527442932, 0.12623152136802673, 0.12469211965799332, 0.125, 0.12530788779258728, 0.12592364847660065, 0.12715516984462738, 0.12900246679782867, 0.1283867061138153, 0.12807881832122803, 0.13331280648708344, 0.13639162480831146, 0.14070196449756622, 0.1357758641242981, 0.13516010344028473, 0.13977833092212677, 0.13608373701572418, 0.13608373701572418, 0.13669951260089874, 0.13885468244552612, 0.13700738549232483, 0.13854679465293884, 0.14162561297416687, 0.1428571492433548, 0.1447044312953949, 0.1551724076271057, 0.1573275923728943, 0.16163793206214905]}