{"parameters": [[128, 0.3, 50, 16]], "report": {"air_conditioner": {"precision": 0.40600667408231367, "recall": 0.45625, "f1-score": 0.429664508534432, "support": 800}, "car_horn": {"precision": 0.5769230769230769, "recall": 0.2132701421800948, "f1-score": 0.31141868512110726, "support": 211}, "children_playing": {"precision": 0.3409893992932862, "recall": 0.4892268694550063, "f1-score": 0.40187402394586147, "support": 789}, "dog_bark": {"precision": 0.8261964735516373, "recall": 0.563573883161512, "f1-score": 0.6700715015321758, "support": 582}, "drilling": {"precision": 0.44122383252818037, "recall": 0.3779310344827586, "f1-score": 0.4071322436849926, "support": 725}, "engine_idling": {"precision": 0.49310344827586206, "recall": 0.33726415094339623, "f1-score": 0.4005602240896359, "support": 848}, "gun_shot": {"precision": 0.7816091954022989, "recall": 0.8192771084337349, "f1-score": 0.8, "support": 83}, "jackhammer": {"precision": 0.3162393162393162, "recall": 0.12521150592216582, "f1-score": 0.17939393939393938, "support": 591}, "siren": {"precision": 0.7396745932415519, "recall": 0.6382289416846653, "f1-score": 0.6852173913043479, "support": 926}, "street_music": {"precision": 0.3036649214659686, "recall": 0.58, "f1-score": 0.3986254295532646, "support": 800}, "accuracy": 0.4533438237608183, "macro avg": {"precision": 0.5225630931003492, "recall": 0.4600233636263334, "f1-score": 0.4683957947159757, "support": 6355}, "weighted avg": {"precision": 0.4900241863882323, "recall": 0.4533438237608183, "f1-score": 0.4527428136970884, "support": 6355}}, "finalAcc": 0.6837244629859924, "finalVal": 0.5098522305488586, "finalAccData": [0.1500800997018814, 0.15875035524368286, 0.19682404398918152, 0.22801809012889862, 0.25874093174934387, 0.27004995942115784, 0.2939402461051941, 0.3083592355251312, 0.3238620162010193, 0.3319668173789978, 0.3542550206184387, 0.36301949620246887, 0.3700876533985138, 0.38705116510391235, 0.4014701843261719, 0.41687870025634766, 0.4211196005344391, 0.4350202679634094, 0.4450570046901703, 0.463245689868927, 0.4743662178516388, 0.4854867458343506, 0.5028743743896484, 0.5147017240524292, 0.5288379788398743, 0.54240882396698, 0.5530110001564026, 0.5616341829299927, 0.5740740895271301, 0.5753934383392334, 0.5865139961242676, 0.5961266756057739, 0.6072000861167908, 0.6142210960388184, 0.6195457577705383, 0.6276505589485168, 0.6382056474685669, 0.6383941173553467, 0.6414569616317749, 0.6465460658073425, 0.657572329044342, 0.6600697636604309, 0.6629441380500793, 0.6663368344306946, 0.6717085838317871, 0.6803317070007324, 0.6736876964569092, 0.6780228018760681, 0.6817453503608704, 0.6837244629859924], "finalValData": [0.18103447556495667, 0.16102217137813568, 0.19550491869449615, 0.24353447556495667, 0.24507388472557068, 0.26693350076675415, 0.3069581389427185, 0.3125, 0.32235223054885864, 0.3322044312953949, 0.33682265877723694, 0.3340517282485962, 0.35991379618644714, 0.3694581389427185, 0.3931650221347809, 0.3771551847457886, 0.4181034564971924, 0.42395320534706116, 0.3891625702381134, 0.36330050230026245, 0.40640392899513245, 0.39747536182403564, 0.38485223054885864, 0.39532020688056946, 0.3913177251815796, 0.42980295419692993, 0.4411945939064026, 0.42980295419692993, 0.403940886259079, 0.4304187297821045, 0.43318966031074524, 0.4285714328289032, 0.46366995573043823, 0.46490147709846497, 0.4322659969329834, 0.46736451983451843, 0.4806034564971924, 0.47413793206214905, 0.46151477098464966, 0.48275861144065857, 0.4338054060935974, 0.4301108419895172, 0.45443350076675415, 0.46859607100486755, 0.47259852290153503, 0.471059113740921, 0.4482758641242981, 0.5113916397094727, 0.4538177251815796, 0.5098522305488586]}