{"parameters": [[64, 0.4, 40, 16]], "report": {"air_conditioner": {"precision": 0.15722851432378415, "recall": 0.295, "f1-score": 0.20512820512820512, "support": 800}, "car_horn": {"precision": 0.0, "recall": 0.0, "f1-score": 0.0, "support": 211}, "children_playing": {"precision": 0.18971631205673758, "recall": 0.5424588086185045, "f1-score": 0.28111658456486044, "support": 789}, "dog_bark": {"precision": 0.5048732943469786, "recall": 0.44501718213058417, "f1-score": 0.47305936073059357, "support": 582}, "drilling": {"precision": 0.47570332480818417, "recall": 0.25655172413793104, "f1-score": 0.3333333333333333, "support": 725}, "engine_idling": {"precision": 0.4721030042918455, "recall": 0.12971698113207547, "f1-score": 0.20351526364477335, "support": 848}, "gun_shot": {"precision": 0.0, "recall": 0.0, "f1-score": 0.0, "support": 83}, "jackhammer": {"precision": 0.21379310344827587, "recall": 0.15736040609137056, "f1-score": 0.18128654970760233, "support": 591}, "siren": {"precision": 0.7758620689655172, "recall": 0.04859611231101512, "f1-score": 0.09146341463414634, "support": 926}, "street_music": {"precision": 0.1518595041322314, "recall": 0.18375, "f1-score": 0.166289592760181, "support": 800}, "accuracy": 0.23666404405979544, "macro avg": {"precision": 0.2941139126373554, "recall": 0.20584512144214803, "f1-score": 0.19351923045036956, "support": 6355}, "weighted avg": {"precision": 0.35890182539936083, "recall": 0.23666404405979544, "f1-score": 0.220352298118558, "support": 6355}}, "finalAcc": 0.3865799605846405, "finalVal": 0.30264776945114136, "finalAccData": [0.14004334807395935, 0.15304872393608093, 0.1502685844898224, 0.1519649475812912, 0.158279150724411, 0.1611063927412033, 0.16558288037776947, 0.16826878488063812, 0.17048345506191254, 0.1730751097202301, 0.1794835478067398, 0.17679765820503235, 0.18363019824028015, 0.18947318196296692, 0.19767223298549652, 0.2014418989419937, 0.20474036037921906, 0.2140231877565384, 0.21835830807685852, 0.22047874331474304, 0.22387145459651947, 0.2305155098438263, 0.2464894950389862, 0.26364150643348694, 0.2659975588321686, 0.2702384293079376, 0.2846103012561798, 0.30473095178604126, 0.31260013580322266, 0.3165111541748047, 0.3225897550582886, 0.32782018184661865, 0.34450098872184753, 0.35321834683418274, 0.3564225733280182, 0.3683913052082062, 0.3711242973804474, 0.3798888027667999, 0.38780510425567627, 0.3865799605846405], "finalValData": [0.17025862634181976, 0.13977833092212677, 0.1391625553369522, 0.13823892176151276, 0.1394704431295395, 0.13854679465293884, 0.1394704431295395, 0.1391625553369522, 0.13823892176151276, 0.14039409160614014, 0.15486453473567963, 0.16133004426956177, 0.16471675038337708, 0.17087438702583313, 0.155480295419693, 0.19796797633171082, 0.189039409160614, 0.23706896603107452, 0.23491379618644714, 0.23830048739910126, 0.2068965584039688, 0.21674877405166626, 0.20258620381355286, 0.26323890686035156, 0.26200738549232483, 0.23799261450767517, 0.2712438404560089, 0.24384236335754395, 0.2727832496166229, 0.28294333815574646, 0.23860837519168854, 0.2536945939064026, 0.32912561297416687, 0.28694581985473633, 0.30233991146087646, 0.29556649923324585, 0.31373152136802673, 0.3088054060935974, 0.3318965435028076, 0.30264776945114136]}