{"parameters": [[64, 0.5, 50, 32]], "report": {"air_conditioner": {"precision": 0.20368098159509201, "recall": 0.2075, "f1-score": 0.20557275541795667, "support": 800}, "car_horn": {"precision": 0.0, "recall": 0.0, "f1-score": 0.0, "support": 211}, "children_playing": {"precision": 0.15972406473865747, "recall": 0.7629911280101395, "f1-score": 0.2641509433962264, "support": 789}, "dog_bark": {"precision": 0.0, "recall": 0.0, "f1-score": 0.0, "support": 582}, "drilling": {"precision": 0.5426136363636364, "recall": 0.263448275862069, "f1-score": 0.35468895078922935, "support": 725}, "engine_idling": {"precision": 0.08928571428571429, "recall": 0.00589622641509434, "f1-score": 0.011061946902654869, "support": 848}, "gun_shot": {"precision": 0.0, "recall": 0.0, "f1-score": 0.0, "support": 83}, "jackhammer": {"precision": 0.22624434389140272, "recall": 0.25380710659898476, "f1-score": 0.23923444976076555, "support": 591}, "siren": {"precision": 0.0, "recall": 0.0, "f1-score": 0.0, "support": 926}, "street_music": {"precision": 0.15142857142857144, "recall": 0.1325, "f1-score": 0.14133333333333337, "support": 800}, "accuracy": 0.1919748229740362, "macro avg": {"precision": 0.13729773123030745, "recall": 0.16261427368862874, "f1-score": 0.12160423796001663, "support": 6355}, "weighted avg": {"precision": 0.15939095339346537, "recall": 0.1919748229740362, "f1-score": 0.14065421643507628, "support": 6355}}, "finalAcc": 0.25987184047698975, "finalVal": 0.2198275923728943, "finalAccData": [0.10394873470067978, 0.1376873105764389, 0.13844123482704163, 0.13636791706085205, 0.13523702323436737, 0.1349542886018753, 0.1348600536584854, 0.1349542886018753, 0.13405899703502655, 0.13471868634223938, 0.13523702323436737, 0.13617943227291107, 0.14159834384918213, 0.1410328894853592, 0.1417868286371231, 0.15003298223018646, 0.1542738676071167, 0.1519649475812912, 0.15592309832572937, 0.15644143521785736, 0.15719535946846008, 0.1601639837026596, 0.1602582186460495, 0.16134200990200043, 0.16379229724407196, 0.16699650883674622, 0.1711902767419815, 0.17708039283752441, 0.18226368725299835, 0.18240505456924438, 0.1876825988292694, 0.19592875242233276, 0.19856752455234528, 0.20285552740097046, 0.20450475811958313, 0.2089812457561493, 0.21260955929756165, 0.21873527765274048, 0.22429554164409637, 0.22702854871749878, 0.23287154734134674, 0.23499198257923126, 0.2397512048482895, 0.24074074625968933, 0.24474601447582245, 0.2507774829864502, 0.25106021761894226, 0.25534823536872864, 0.2550655007362366, 0.25987184047698975], "finalValData": [0.1323891580104828, 0.1357758641242981, 0.13300491869449615, 0.13177339732646942, 0.12931033968925476, 0.1305418759584427, 0.1305418759584427, 0.13084974884986877, 0.12900246679782867, 0.1283867061138153, 0.13115763664245605, 0.12900246679782867, 0.1302339881658554, 0.13516010344028473, 0.13854679465293884, 0.13793103396892548, 0.1376231461763382, 0.13823892176151276, 0.13823892176151276, 0.13854679465293884, 0.13793103396892548, 0.13823892176151276, 0.13793103396892548, 0.1391625553369522, 0.13793103396892548, 0.15763546526432037, 0.1588670015335083, 0.189039409160614, 0.21736453473567963, 0.2035098522901535, 0.20628078281879425, 0.2161329984664917, 0.23645320534706116, 0.22752462327480316, 0.25, 0.23306649923324585, 0.2232142835855484, 0.23091132938861847, 0.21397782862186432, 0.21674877405166626, 0.22075122594833374, 0.24230295419692993, 0.22044335305690765, 0.21520936489105225, 0.24568966031074524, 0.22752462327480316, 0.21213054656982422, 0.2426108419895172, 0.23429803550243378, 0.2198275923728943]}