{"parameters": [[64, 0.4, 50, 16]], "report": {"air_conditioner": {"precision": 0.4518348623853211, "recall": 0.24625, "f1-score": 0.3187702265372168, "support": 800}, "car_horn": {"precision": 0.0, "recall": 0.0, "f1-score": 0.0, "support": 211}, "children_playing": {"precision": 0.1954856912535268, "recall": 0.614702154626109, "f1-score": 0.29663608562691135, "support": 789}, "dog_bark": {"precision": 0.6145251396648045, "recall": 0.5670103092783505, "f1-score": 0.5898123324396783, "support": 582}, "drilling": {"precision": 0.48826979472140764, "recall": 0.4593103448275862, "f1-score": 0.47334754797441364, "support": 725}, "engine_idling": {"precision": 0.5853131749460043, "recall": 0.31957547169811323, "f1-score": 0.4134248665141114, "support": 848}, "gun_shot": {"precision": 1.0, "recall": 0.060240963855421686, "f1-score": 0.11363636363636363, "support": 83}, "jackhammer": {"precision": 0.3674911660777385, "recall": 0.17597292724196278, "f1-score": 0.23798627002288333, "support": 591}, "siren": {"precision": 0.7461538461538462, "recall": 0.10475161987041037, "f1-score": 0.18371212121212122, "support": 926}, "street_music": {"precision": 0.2011967090501122, "recall": 0.33625, "f1-score": 0.25175479644361254, "support": 800}, "accuracy": 0.32903225806451614, "macro avg": {"precision": 0.4650270384252762, "recall": 0.2884063791397954, "f1-score": 0.28790806104073124, "support": 6355}, "weighted avg": {"precision": 0.4525230547678887, "recall": 0.32903225806451614, "f1-score": 0.3222182619224819, "support": 6355}}, "finalAcc": 0.4148053824901581, "finalVal": 0.3799261152744293, "finalAccData": [0.1326453685760498, 0.15064555406570435, 0.14527377486228943, 0.14329469203948975, 0.14772406220436096, 0.147865429520607, 0.15535764396190643, 0.15747809410095215, 0.16515879333019257, 0.16704364120960236, 0.1723211705684662, 0.1800018846988678, 0.18344171345233917, 0.1923946887254715, 0.19663557410240173, 0.20676656067371368, 0.21152576804161072, 0.22165676951408386, 0.24997644126415253, 0.25167280435562134, 0.25629064440727234, 0.2626519501209259, 0.26858919858932495, 0.2760814130306244, 0.29808688163757324, 0.3011026382446289, 0.309584379196167, 0.3134954273700714, 0.3259824812412262, 0.32772594690322876, 0.34233343601226807, 0.3445481061935425, 0.34996700286865234, 0.3499198853969574, 0.3551974296569824, 0.3612760305404663, 0.3705117404460907, 0.37484684586524963, 0.37508246302604675, 0.3861558735370636, 0.3875223696231842, 0.3881820738315582, 0.39115068316459656, 0.39473187923431396, 0.39765337109565735, 0.4004335105419159, 0.3977947533130646, 0.4023183584213257, 0.40344923734664917, 0.4148053824901581], "finalValData": [0.13146552443504333, 0.13885468244552612, 0.13669951260089874, 0.1376231461763382, 0.14008620381355286, 0.1410098522901535, 0.14131774008274078, 0.1410098522901535, 0.14254926145076752, 0.1443965584039688, 0.15424877405166626, 0.1573275923728943, 0.19211822748184204, 0.18811576068401337, 0.2284482717514038, 0.2647783160209656, 0.23460590839385986, 0.2623152732849121, 0.29002463817596436, 0.3121921122074127, 0.27093595266342163, 0.2429187148809433, 0.2875615656375885, 0.29587438702583313, 0.2980295419692993, 0.28663793206214905, 0.310960590839386, 0.314039409160614, 0.3125, 0.3174261152744293, 0.30818966031074524, 0.29341134428977966, 0.2767857015132904, 0.3143472969532013, 0.30049261450767517, 0.35621920228004456, 0.33435961604118347, 0.34759852290153503, 0.36483991146087646, 0.34759852290153503, 0.34359607100486755, 0.3211206793785095, 0.33497536182403564, 0.3325123190879822, 0.3512931168079376, 0.376539409160614, 0.3448275923728943, 0.3586822748184204, 0.3700738847255707, 0.3799261152744293]}