{"parameters": [[256, 0.3, 30, 32]], "report": {"air_conditioner": {"precision": 0.383025027203482, "recall": 0.44, "f1-score": 0.4095404304828389, "support": 800}, "car_horn": {"precision": 0.41379310344827586, "recall": 0.05687203791469194, "f1-score": 0.09999999999999999, "support": 211}, "children_playing": {"precision": 0.3673469387755102, "recall": 0.5019011406844106, "f1-score": 0.4242099625066952, "support": 789}, "dog_bark": {"precision": 0.7196652719665272, "recall": 0.5910652920962199, "f1-score": 0.649056603773585, "support": 582}, "drilling": {"precision": 0.40683229813664595, "recall": 0.36137931034482756, "f1-score": 0.38276113951789625, "support": 725}, "engine_idling": {"precision": 0.5272727272727272, "recall": 0.27358490566037735, "f1-score": 0.36024844720496896, "support": 848}, "gun_shot": {"precision": 0.7096774193548387, "recall": 0.7951807228915663, "f1-score": 0.7500000000000001, "support": 83}, "jackhammer": {"precision": 0.2653846153846154, "recall": 0.233502538071066, "f1-score": 0.24842484248424845, "support": 591}, "siren": {"precision": 0.6349892008639308, "recall": 0.6349892008639308, "f1-score": 0.6349892008639308, "support": 926}, "street_music": {"precision": 0.30944625407166126, "recall": 0.475, "f1-score": 0.3747534516765286, "support": 800}, "accuracy": 0.4358772619984264, "macro avg": {"precision": 0.4737432856478215, "recall": 0.43634751485270906, "f1-score": 0.4333984078510692, "support": 6355}, "weighted avg": {"precision": 0.4556719929506212, "recall": 0.4358772619984264, "f1-score": 0.4313216838442144, "support": 6355}}, "finalAcc": 0.6238337755203247, "finalVal": 0.4556650221347809, "finalAccData": [0.18169823288917542, 0.23617000877857208, 0.26199227571487427, 0.28960514068603516, 0.32046931982040405, 0.3514748811721802, 0.36909809708595276, 0.39515596628189087, 0.41669023036956787, 0.4428423345088959, 0.4598058760166168, 0.47790029644966125, 0.489397794008255, 0.5016492605209351, 0.5068325400352478, 0.5253510475158691, 0.5312411785125732, 0.538497805595398, 0.5503251552581787, 0.5533408522605896, 0.5692206025123596, 0.5720478892326355, 0.5764772295951843, 0.5840165615081787, 0.5906135439872742, 0.5931109189987183, 0.6026764512062073, 0.6070587038993835, 0.6093676090240479, 0.6238337755203247], "finalValData": [0.2536945939064026, 0.24538177251815796, 0.2558497488498688, 0.27185961604118347, 0.2854064106941223, 0.3269704580307007, 0.39224138855934143, 0.37561577558517456, 0.4067118167877197, 0.41502463817596436, 0.4141009747982025, 0.4122537076473236, 0.407019704580307, 0.4147167503833771, 0.43626847863197327, 0.42764776945114136, 0.4251847267150879, 0.4353448152542114, 0.44365763664245605, 0.45474138855934143, 0.4627462923526764, 0.4605911374092102, 0.45289409160614014, 0.4445812702178955, 0.4639778435230255, 0.45782020688056946, 0.48091134428977966, 0.46182265877723694, 0.4627462923526764, 0.4556650221347809]}