{"parameters": [[512, 0.5, 30, 16]], "report": {"air_conditioner": {"precision": 0.4176013805004314, "recall": 0.605, "f1-score": 0.49412965798876973, "support": 800}, "car_horn": {"precision": 0.4146341463414634, "recall": 0.24170616113744076, "f1-score": 0.30538922155688625, "support": 211}, "children_playing": {"precision": 0.3011611030478955, "recall": 0.5259822560202788, "f1-score": 0.38301799723119523, "support": 789}, "dog_bark": {"precision": 0.7662650602409639, "recall": 0.5463917525773195, "f1-score": 0.637913741223671, "support": 582}, "drilling": {"precision": 0.48484848484848486, "recall": 0.2868965517241379, "f1-score": 0.3604852686308492, "support": 725}, "engine_idling": {"precision": 0.46397694524495675, "recall": 0.18985849056603774, "f1-score": 0.2694560669456067, "support": 848}, "gun_shot": {"precision": 0.7070707070707071, "recall": 0.8433734939759037, "f1-score": 0.7692307692307693, "support": 83}, "jackhammer": {"precision": 0.3357142857142857, "recall": 0.23857868020304568, "f1-score": 0.27893175074183973, "support": 591}, "siren": {"precision": 0.727802037845706, "recall": 0.5399568034557235, "f1-score": 0.6199628022318661, "support": 926}, "street_music": {"precision": 0.3050847457627119, "recall": 0.495, "f1-score": 0.3775023832221163, "support": 800}, "accuracy": 0.4317859952793076, "macro avg": {"precision": 0.49241588966176064, "recall": 0.45127441896598874, "f1-score": 0.44960196590035695, "support": 6355}, "weighted avg": {"precision": 0.4760386122620935, "recall": 0.4317859952793076, "f1-score": 0.4292432248392338, "support": 6355}}, "finalAcc": 0.6336820125579834, "finalVal": 0.5101600885391235, "finalAccData": [0.17114315927028656, 0.2089812457561493, 0.2101592719554901, 0.22867779433727264, 0.25242671370506287, 0.28974649310112, 0.3236735463142395, 0.3436056971549988, 0.3655640482902527, 0.38149091601371765, 0.3922344744205475, 0.4029780328273773, 0.4193289875984192, 0.4378475248813629, 0.446988970041275, 0.45971161127090454, 0.47441333532333374, 0.48869097232818604, 0.49439260363578796, 0.5072566270828247, 0.5185656547546387, 0.5437753200531006, 0.554707407951355, 0.5658279061317444, 0.580482542514801, 0.5884930491447449, 0.6026293635368347, 0.6115351915359497, 0.6222787499427795, 0.6336820125579834], "finalValData": [0.23891626298427582, 0.2321428507566452, 0.2675492465496063, 0.29402709007263184, 0.3174261152744293, 0.31865763664245605, 0.36330050230026245, 0.32419949769973755, 0.35806649923324585, 0.37038177251815796, 0.36884236335754395, 0.34205666184425354, 0.3799261152744293, 0.36699506640434265, 0.37438422441482544, 0.3888546824455261, 0.4248768389225006, 0.4214901626110077, 0.42764776945114136, 0.4091748893260956, 0.4319581389427185, 0.4587438404560089, 0.47383004426956177, 0.47814038395881653, 0.4766009747982025, 0.5086206793785095, 0.5086206793785095, 0.5012315511703491, 0.4799876809120178, 0.5101600885391235]}