{"parameters": [[256, 0.4, 30, 16]], "report": {"air_conditioner": {"precision": 0.45081967213114754, "recall": 0.55, "f1-score": 0.49549549549549554, "support": 800}, "car_horn": {"precision": 0.6170212765957447, "recall": 0.13744075829383887, "f1-score": 0.2248062015503876, "support": 211}, "children_playing": {"precision": 0.3479648842777334, "recall": 0.5525982256020279, "f1-score": 0.42703232125367285, "support": 789}, "dog_bark": {"precision": 0.7707182320441989, "recall": 0.4793814432989691, "f1-score": 0.5911016949152542, "support": 582}, "drilling": {"precision": 0.4507042253521127, "recall": 0.35310344827586204, "f1-score": 0.39597834493426143, "support": 725}, "engine_idling": {"precision": 0.6034912718204489, "recall": 0.28537735849056606, "f1-score": 0.38751000800640517, "support": 848}, "gun_shot": {"precision": 0.6701030927835051, "recall": 0.7831325301204819, "f1-score": 0.7222222222222223, "support": 83}, "jackhammer": {"precision": 0.4033898305084746, "recall": 0.20135363790186125, "f1-score": 0.2686230248306998, "support": 591}, "siren": {"precision": 0.7485795454545454, "recall": 0.5691144708423326, "f1-score": 0.6466257668711656, "support": 926}, "street_music": {"precision": 0.27905569007263925, "recall": 0.57625, "f1-score": 0.3760195758564438, "support": 800}, "accuracy": 0.44909520062942565, "macro avg": {"precision": 0.534184772104055, "recall": 0.44877518728259397, "f1-score": 0.4535414655936008, "support": 6355}, "weighted avg": {"precision": 0.5134416760623223, "recall": 0.44909520062942565, "f1-score": 0.44984496500824034, "support": 6355}}, "finalAcc": 0.5947601795196533, "finalVal": 0.5033866763114929, "finalAccData": [0.15036283433437347, 0.1865045726299286, 0.2014418989419937, 0.22014890611171722, 0.23343700170516968, 0.272830069065094, 0.29167845845222473, 0.3037413954734802, 0.33031758666038513, 0.34190934896469116, 0.3565639555454254, 0.374187171459198, 0.38200923800468445, 0.3969936966896057, 0.4176797568798065, 0.42686834931373596, 0.4376119077205658, 0.4553765058517456, 0.47422486543655396, 0.485109806060791, 0.509895384311676, 0.5231363773345947, 0.5316181182861328, 0.5457072854042053, 0.5527754426002502, 0.5672415494918823, 0.5688907504081726, 0.5821788907051086, 0.5842993259429932, 0.5947601795196533], "finalValData": [0.1930418759584427, 0.24199508130550385, 0.21182265877723694, 0.1908867061138153, 0.253078818321228, 0.22413793206214905, 0.26662561297416687, 0.3192734122276306, 0.3463670015335083, 0.33343595266342163, 0.3352832496166229, 0.38300493359565735, 0.3805418610572815, 0.42395320534706116, 0.4353448152542114, 0.4230295419692993, 0.43842363357543945, 0.4196428656578064, 0.44950738549232483, 0.45412561297416687, 0.4356527030467987, 0.47259852290153503, 0.46736451983451843, 0.4947659969329834, 0.47075122594833374, 0.48152709007263184, 0.49014776945114136, 0.4787561595439911, 0.4852216839790344, 0.5033866763114929]}