{"parameters": [[256, 0.5, 30, 32]], "report": {"air_conditioner": {"precision": 0.04371584699453552, "recall": 0.01, "f1-score": 0.01627670396744659, "support": 800}, "car_horn": {"precision": 0.0, "recall": 0.0, "f1-score": 0.0, "support": 211}, "children_playing": {"precision": 0.17531645569620252, "recall": 0.7021546261089987, "f1-score": 0.28057736135730565, "support": 789}, "dog_bark": {"precision": 0.7284595300261096, "recall": 0.4793814432989691, "f1-score": 0.5782383419689119, "support": 582}, "drilling": {"precision": 0.5683453237410072, "recall": 0.21793103448275863, "f1-score": 0.3150548354935195, "support": 725}, "engine_idling": {"precision": 0.6037735849056604, "recall": 0.03773584905660377, "f1-score": 0.07103218645948946, "support": 848}, "gun_shot": {"precision": 0.967741935483871, "recall": 0.3614457831325301, "f1-score": 0.5263157894736842, "support": 83}, "jackhammer": {"precision": 0.2668298653610771, "recall": 0.3688663282571912, "f1-score": 0.3096590909090909, "support": 591}, "siren": {"precision": 0.7038917089678511, "recall": 0.44924406047516197, "f1-score": 0.5484508899143045, "support": 926}, "street_music": {"precision": 0.13271245634458673, "recall": 0.1425, "f1-score": 0.13743218806509946, "support": 800}, "accuracy": 0.2846577498033045, "macro avg": {"precision": 0.41907867075209015, "recall": 0.27692591248122134, "f1-score": 0.2783037387608852, "support": 6355}, "weighted avg": {"precision": 0.39611390810083646, "recall": 0.2846577498033045, "f1-score": 0.2681488078564187, "support": 6355}}, "finalAcc": 0.33347469568252563, "finalVal": 0.3768472969532013, "finalAccData": [0.12454056739807129, 0.125812828540802, 0.15224766731262207, 0.16275563836097717, 0.16360381245613098, 0.1657242476940155, 0.17208556830883026, 0.1776929646730423, 0.18014325201511383, 0.1909339427947998, 0.1914522647857666, 0.20115917921066284, 0.20723776519298553, 0.21138441562652588, 0.2181227058172226, 0.2253793179988861, 0.23395532369613647, 0.2410234659910202, 0.24540570378303528, 0.2503533959388733, 0.2584581971168518, 0.2594948709011078, 0.26185092329978943, 0.27773064374923706, 0.28842711448669434, 0.29620206356048584, 0.3067571520805359, 0.3179247975349426, 0.3301762342453003, 0.33347469568252563], "finalValData": [0.15147782862186432, 0.13485221564769745, 0.16933497786521912, 0.16748768091201782, 0.16163793206214905, 0.16102217137813568, 0.1517857164144516, 0.17980295419692993, 0.18503694236278534, 0.17887930572032928, 0.19704432785511017, 0.17949508130550385, 0.1856527030467987, 0.18657635152339935, 0.2124384194612503, 0.21828818321228027, 0.20073892176151276, 0.20566502213478088, 0.2693965435028076, 0.24599753320217133, 0.27247536182403564, 0.253078818321228, 0.2623152732849121, 0.29156404733657837, 0.31188422441482544, 0.32019704580307007, 0.3161945939064026, 0.3282019793987274, 0.3500615656375885, 0.3768472969532013]}