{"parameters": [[64, 0.3, 50, 16]], "report": {"air_conditioner": {"precision": 0.27582846003898637, "recall": 0.35375, "f1-score": 0.30996714129244246, "support": 800}, "car_horn": {"precision": 0.0, "recall": 0.0, "f1-score": 0.0, "support": 211}, "children_playing": {"precision": 0.34129429892141755, "recall": 0.5614702154626109, "f1-score": 0.42453282223287014, "support": 789}, "dog_bark": {"precision": 0.6825053995680346, "recall": 0.5429553264604811, "f1-score": 0.6047846889952154, "support": 582}, "drilling": {"precision": 0.572463768115942, "recall": 0.43586206896551727, "f1-score": 0.494909945184025, "support": 725}, "engine_idling": {"precision": 0.6226851851851852, "recall": 0.31721698113207547, "f1-score": 0.42031250000000003, "support": 848}, "gun_shot": {"precision": 0.5357142857142857, "recall": 0.18072289156626506, "f1-score": 0.2702702702702703, "support": 83}, "jackhammer": {"precision": 0.33181818181818185, "recall": 0.2470389170896785, "f1-score": 0.2832201745877789, "support": 591}, "siren": {"precision": 0.733983286908078, "recall": 0.5691144708423326, "f1-score": 0.6411192214111922, "support": 926}, "street_music": {"precision": 0.17882689556509299, "recall": 0.3125, "f1-score": 0.22747952684258416, "support": 800}, "accuracy": 0.4036191974822974, "macro avg": {"precision": 0.4275119761835205, "recall": 0.3520630871518961, "f1-score": 0.36765962908163785, "support": 6355}, "weighted avg": {"precision": 0.45531616878798814, "recall": 0.4036191974822974, "f1-score": 0.41158537925160704, "support": 6355}}, "finalAcc": 0.5600791573524475, "finalVal": 0.4341132938861847, "finalAccData": [0.13014796376228333, 0.14499104022979736, 0.14758269488811493, 0.15634718537330627, 0.1663368195295334, 0.17302799224853516, 0.18226368725299835, 0.19088681042194366, 0.1964942067861557, 0.21025350689888, 0.22787673771381378, 0.24851569533348083, 0.258269727230072, 0.26199227571487427, 0.27843746542930603, 0.2911129891872406, 0.30911317467689514, 0.3170766234397888, 0.33474695682525635, 0.3470926284790039, 0.3686268925666809, 0.38592028617858887, 0.39694657921791077, 0.40071624517440796, 0.4188106656074524, 0.4309207499027252, 0.44406747817993164, 0.45660164952278137, 0.4621618986129761, 0.4670153558254242, 0.4753086566925049, 0.4804448187351227, 0.4879370331764221, 0.500989556312561, 0.5030157566070557, 0.5173876285552979, 0.5178588032722473, 0.5166336894035339, 0.5195551514625549, 0.5273301005363464, 0.5293563008308411, 0.5310527086257935, 0.536094605922699, 0.533173143863678, 0.5384506583213806, 0.5484874248504639, 0.554047703742981, 0.5536707043647766, 0.5544246435165405, 0.5600791573524475], "finalValData": [0.13823892176151276, 0.13700738549232483, 0.14254926145076752, 0.14716748893260956, 0.15424877405166626, 0.18657635152339935, 0.2466132938861847, 0.24969211220741272, 0.22752462327480316, 0.23676107823848724, 0.28817734122276306, 0.2657019793987274, 0.2770935893058777, 0.2943349778652191, 0.3084975481033325, 0.2927955687046051, 0.32050493359565735, 0.32943350076675415, 0.35098522901535034, 0.36176109313964844, 0.34236451983451843, 0.3516009747982025, 0.34883004426956177, 0.37068966031074524, 0.36483991146087646, 0.4036329984664917, 0.3999384343624115, 0.39408865571022034, 0.42395320534706116, 0.4073275923728943, 0.4057881832122803, 0.42241379618644714, 0.4147167503833771, 0.45043104887008667, 0.42426109313964844, 0.4338054060935974, 0.42795565724372864, 0.42241379618644714, 0.4553571343421936, 0.42056649923324585, 0.44704434275627136, 0.42733991146087646, 0.42395320534706116, 0.4199507534503937, 0.44704434275627136, 0.4415024518966675, 0.44365763664245605, 0.4230295419692993, 0.408559113740921, 0.4341132938861847]}