{"parameters": [[512, 0.3, 40, 16]], "report": {"air_conditioner": {"precision": 0.4939106901217862, "recall": 0.45625, "f1-score": 0.47433398310591296, "support": 800}, "car_horn": {"precision": 0.49032258064516127, "recall": 0.36018957345971564, "f1-score": 0.4153005464480874, "support": 211}, "children_playing": {"precision": 0.42473745624270715, "recall": 0.46134347275031684, "f1-score": 0.4422843256379101, "support": 789}, "dog_bark": {"precision": 0.6246246246246246, "recall": 0.7147766323024055, "f1-score": 0.6666666666666666, "support": 582}, "drilling": {"precision": 0.5053763440860215, "recall": 0.45379310344827584, "f1-score": 0.4781976744186046, "support": 725}, "engine_idling": {"precision": 0.4717314487632509, "recall": 0.31485849056603776, "f1-score": 0.3776520509193777, "support": 848}, "gun_shot": {"precision": 0.5522388059701493, "recall": 0.891566265060241, "f1-score": 0.6820276497695853, "support": 83}, "jackhammer": {"precision": 0.47202797202797203, "recall": 0.22842639593908629, "f1-score": 0.30786773090079816, "support": 591}, "siren": {"precision": 0.5754010695187166, "recall": 0.5809935205183585, "f1-score": 0.5781837721655024, "support": 926}, "street_music": {"precision": 0.3184480234260615, "recall": 0.54375, "f1-score": 0.40166204986149584, "support": 800}, "accuracy": 0.4719118804091267, "macro avg": {"precision": 0.492881901542645, "recall": 0.5005947454044437, "f1-score": 0.4824176449893941, "support": 6355}, "weighted avg": {"precision": 0.4840356067054953, "recall": 0.4719118804091267, "f1-score": 0.46676414235317193, "support": 6355}}, "finalAcc": 0.831778347492218, "finalVal": 0.5181650519371033, "finalAccData": [0.2332485169172287, 0.32202431559562683, 0.37800395488739014, 0.4382244944572449, 0.47130337357521057, 0.5108849406242371, 0.5465083122253418, 0.5693619847297668, 0.6015926599502563, 0.6166713833808899, 0.6362736821174622, 0.6515408754348755, 0.6605409383773804, 0.6771746277809143, 0.6923004388809204, 0.7070021629333496, 0.7135990858078003, 0.7276882529258728, 0.7345678806304932, 0.7452643513679504, 0.7530864477157593, 0.7635472416877747, 0.762180745601654, 0.771416425704956, 0.7790971398353577, 0.7859296798706055, 0.7882857322692871, 0.7972387075424194, 0.7950711250305176, 0.8019979000091553, 0.8047780394554138, 0.8052492737770081, 0.8125059008598328, 0.8198567628860474, 0.8187258243560791, 0.8229196071624756, 0.8305531740188599, 0.8336160778999329, 0.8299877643585205, 0.831778347492218], "finalValData": [0.3519088625907898, 0.37253695726394653, 0.37068966031074524, 0.42733991146087646, 0.435960590839386, 0.4479679763317108, 0.44396552443504333, 0.4719827473163605, 0.4692118167877197, 0.4608990252017975, 0.4907635450363159, 0.501539409160614, 0.5132389068603516, 0.5027709603309631, 0.5178571343421936, 0.5120074152946472, 0.5076970458030701, 0.5116994976997375, 0.4996921122074127, 0.5024630427360535, 0.5009236335754395, 0.5009236335754395, 0.5012315511703491, 0.4876847267150879, 0.4889162480831146, 0.501539409160614, 0.49876847863197327, 0.508004903793335, 0.48799261450767517, 0.5150862336158752, 0.5070812702178955, 0.5083128213882446, 0.5067734122276306, 0.4876847267150879, 0.4818349778652191, 0.4784482717514038, 0.5006157755851746, 0.5012315511703491, 0.4836822748184204, 0.5181650519371033]}