{"parameters": [[128, 0.3, 50, 32]], "report": {"air_conditioner": {"precision": 0.34886499402628435, "recall": 0.365, "f1-score": 0.35675015271838734, "support": 800}, "car_horn": {"precision": 0.5692307692307692, "recall": 0.17535545023696683, "f1-score": 0.26811594202898553, "support": 211}, "children_playing": {"precision": 0.3220198675496689, "recall": 0.49302915082382764, "f1-score": 0.3895843765648473, "support": 789}, "dog_bark": {"precision": 0.7276887871853547, "recall": 0.5463917525773195, "f1-score": 0.6241413150147203, "support": 582}, "drilling": {"precision": 0.5099846390168971, "recall": 0.4579310344827586, "f1-score": 0.48255813953488375, "support": 725}, "engine_idling": {"precision": 0.49473684210526314, "recall": 0.22169811320754718, "f1-score": 0.30618892508143325, "support": 848}, "gun_shot": {"precision": 0.6804123711340206, "recall": 0.7951807228915663, "f1-score": 0.7333333333333334, "support": 83}, "jackhammer": {"precision": 0.37640449438202245, "recall": 0.22673434856175972, "f1-score": 0.28299894403379094, "support": 591}, "siren": {"precision": 0.6684782608695652, "recall": 0.6641468682505399, "f1-score": 0.6663055254604551, "support": 926}, "street_music": {"precision": 0.2841880341880342, "recall": 0.49875, "f1-score": 0.3620689655172413, "support": 800}, "accuracy": 0.4358772619984264, "macro avg": {"precision": 0.498200905968788, "recall": 0.44442174410322866, "f1-score": 0.4472045619288078, "support": 6355}, "weighted avg": {"precision": 0.47070881549320887, "recall": 0.4358772619984264, "f1-score": 0.4338128867983816, "support": 6355}}, "finalAcc": 0.6177551746368408, "finalVal": 0.49384236335754395, "finalAccData": [0.14989161491394043, 0.18834228813648224, 0.1872585117816925, 0.20403355360031128, 0.21251530945301056, 0.2264159768819809, 0.2480444759130478, 0.2643483281135559, 0.2812176048755646, 0.30091413855552673, 0.30609744787216187, 0.3186316192150116, 0.3298934996128082, 0.33842238783836365, 0.3449721932411194, 0.3485533893108368, 0.35430213809013367, 0.36448025703430176, 0.3771086633205414, 0.3811139464378357, 0.3911035656929016, 0.3976062536239624, 0.4024597108364105, 0.4134860038757324, 0.41697296500205994, 0.42045989632606506, 0.42960137128829956, 0.44199416041374207, 0.4511827230453491, 0.4602299630641937, 0.4643765985965729, 0.47714635729789734, 0.48294222354888916, 0.49048158526420593, 0.49019885063171387, 0.5042880177497864, 0.5092828273773193, 0.5256808996200562, 0.5365186929702759, 0.5510790944099426, 0.5599849224090576, 0.5709640979766846, 0.5781735777854919, 0.5840165615081787, 0.5869852304458618, 0.598294198513031, 0.6041843295097351, 0.6074827909469604, 0.6188860535621643, 0.6177551746368408], "finalValData": [0.157019704580307, 0.18103447556495667, 0.189039409160614, 0.23799261450767517, 0.27616995573043823, 0.2964901626110077, 0.3054187297821045, 0.2891009747982025, 0.2949507534503937, 0.32450738549232483, 0.346059113740921, 0.3592980206012726, 0.3516009747982025, 0.35467979311943054, 0.3411329984664917, 0.35837438702583313, 0.32912561297416687, 0.33805418014526367, 0.34513548016548157, 0.35652709007263184, 0.3790024518966675, 0.36299261450767517, 0.37253695726394653, 0.39562806487083435, 0.3839285671710968, 0.38823890686035156, 0.3839285671710968, 0.41194581985473633, 0.4301108419895172, 0.4322659969329834, 0.4282635450363159, 0.44027093052864075, 0.4199507534503937, 0.44581282138824463, 0.4408867061138153, 0.44889163970947266, 0.44519704580307007, 0.44766008853912354, 0.4624384343624115, 0.46366995573043823, 0.47383004426956177, 0.4658251106739044, 0.4750615656375885, 0.4729064106941223, 0.47444581985473633, 0.4729064106941223, 0.4602832496166229, 0.4772167503833771, 0.4719827473163605, 0.49384236335754395]}