{"parameters": [[256, 0.4, 30, 32]], "report": {"air_conditioner": {"precision": 0.37292464878671777, "recall": 0.365, "f1-score": 0.3689197725837019, "support": 800}, "car_horn": {"precision": 0.5625, "recall": 0.17061611374407584, "f1-score": 0.26181818181818184, "support": 211}, "children_playing": {"precision": 0.2680131004366812, "recall": 0.6223067173637515, "f1-score": 0.374666157954979, "support": 789}, "dog_bark": {"precision": 0.7506631299734748, "recall": 0.48625429553264604, "f1-score": 0.5901981230448384, "support": 582}, "drilling": {"precision": 0.48201438848920863, "recall": 0.2772413793103448, "f1-score": 0.3520140105078809, "support": 725}, "engine_idling": {"precision": 0.4585858585858586, "recall": 0.267688679245283, "f1-score": 0.3380491437081162, "support": 848}, "gun_shot": {"precision": 0.7297297297297297, "recall": 0.6506024096385542, "f1-score": 0.6878980891719745, "support": 83}, "jackhammer": {"precision": 0.3484848484848485, "recall": 0.350253807106599, "f1-score": 0.34936708860759497, "support": 591}, "siren": {"precision": 0.7574257425742574, "recall": 0.4956803455723542, "f1-score": 0.5992167101827676, "support": 926}, "street_music": {"precision": 0.25965858041329737, "recall": 0.36125, "f1-score": 0.3021432305279665, "support": 800}, "accuracy": 0.3995279307631786, "macro avg": {"precision": 0.49900000274740747, "recall": 0.4046893747513608, "f1-score": 0.4224290508108002, "support": 6355}, "weighted avg": {"precision": 0.4688185604453935, "recall": 0.3995279307631786, "f1-score": 0.4077927523165771, "support": 6355}}, "finalAcc": 0.5065498352050781, "finalVal": 0.4501231610774994, "finalAccData": [0.1440957486629486, 0.16605409979820251, 0.1703421026468277, 0.18070869147777557, 0.1974366158246994, 0.21312788128852844, 0.22787673771381378, 0.24168315529823303, 0.26689285039901733, 0.30091413855552673, 0.316228449344635, 0.32909244298934937, 0.3375270962715149, 0.3500612676143646, 0.3667420744895935, 0.3749411106109619, 0.3877579867839813, 0.38978418707847595, 0.4043445587158203, 0.41301479935646057, 0.42536047101020813, 0.4296484887599945, 0.43926113843917847, 0.4477900266647339, 0.4581094980239868, 0.4602299630641937, 0.4739421308040619, 0.48270663619041443, 0.49415701627731323, 0.5065498352050781], "finalValData": [0.22290641069412231, 0.1677955687046051, 0.1681034415960312, 0.1945812851190567, 0.26724138855934143, 0.23183497786521912, 0.23152709007263184, 0.22629310190677643, 0.3088054060935974, 0.3534482717514038, 0.36514776945114136, 0.3479064106941223, 0.3519088625907898, 0.3820812702178955, 0.38669949769973755, 0.3771551847457886, 0.39747536182403564, 0.3943965435028076, 0.40055418014526367, 0.3876231610774994, 0.3962438404560089, 0.41656404733657837, 0.41163793206214905, 0.4341132938861847, 0.4442734122276306, 0.4236453175544739, 0.4427340030670166, 0.47013548016548157, 0.4692118167877197, 0.4501231610774994]}