{"parameters": [[128, 0.5, 50, 16]], "report": {"air_conditioner": {"precision": 0.31025641025641026, "recall": 0.3025, "f1-score": 0.3063291139240506, "support": 800}, "car_horn": {"precision": 0.0, "recall": 0.0, "f1-score": 0.0, "support": 211}, "children_playing": {"precision": 0.16597164303586323, "recall": 0.5044359949302915, "f1-score": 0.24976466896768124, "support": 789}, "dog_bark": {"precision": 0.4798206278026906, "recall": 0.5515463917525774, "f1-score": 0.513189448441247, "support": 582}, "drilling": {"precision": 0.4895238095238095, "recall": 0.3544827586206897, "f1-score": 0.4112, "support": 725}, "engine_idling": {"precision": 0.6982248520710059, "recall": 0.2783018867924528, "f1-score": 0.3979763912310287, "support": 848}, "gun_shot": {"precision": 0.8, "recall": 0.1927710843373494, "f1-score": 0.31067961165048547, "support": 83}, "jackhammer": {"precision": 0.1814516129032258, "recall": 0.07614213197969544, "f1-score": 0.10727056019070322, "support": 591}, "siren": {"precision": 0.3333333333333333, "recall": 0.058315334773218146, "f1-score": 0.09926470588235295, "support": 926}, "street_music": {"precision": 0.2806584362139918, "recall": 0.42625, "f1-score": 0.3384615384615385, "support": 800}, "accuracy": 0.3005507474429583, "macro avg": {"precision": 0.37392407251403303, "recall": 0.27447455831862744, "f1-score": 0.27341360387490876, "support": 6355}, "weighted avg": {"precision": 0.3638462809230892, "recall": 0.3005507474429583, "f1-score": 0.2876915044795349, "support": 6355}}, "finalAcc": 0.43619829416275024, "finalVal": 0.37623152136802673, "finalAccData": [0.13646216690540314, 0.14381302893161774, 0.14004334807395935, 0.13457731902599335, 0.14423711597919464, 0.14574497938156128, 0.1464046686887741, 0.15592309832572937, 0.1566770374774933, 0.1642635017633438, 0.17020073533058167, 0.16996513307094574, 0.17090754210948944, 0.17373479902744293, 0.1896616667509079, 0.19319574534893036, 0.19672980904579163, 0.21185562014579773, 0.22203373908996582, 0.22995005548000336, 0.22929036617279053, 0.23833757638931274, 0.24210724234580994, 0.28380924463272095, 0.2973329424858093, 0.3028932213783264, 0.3081236481666565, 0.310244083404541, 0.3160870671272278, 0.3197624981403351, 0.3252285420894623, 0.32937517762184143, 0.33969464898109436, 0.3479408025741577, 0.3551503121852875, 0.35953256487846375, 0.36928659677505493, 0.3779568374156952, 0.3875223696231842, 0.40198850631713867, 0.4023183584213257, 0.4104231595993042, 0.4105173945426941, 0.4186221957206726, 0.4222033619880676, 0.4235227704048157, 0.4260672926902771, 0.4330883026123047, 0.4338422417640686, 0.43619829416275024], "finalValData": [0.16348522901535034, 0.12807881832122803, 0.1391625553369522, 0.13885468244552612, 0.1681034415960312, 0.1286945790052414, 0.12623152136802673, 0.12746305763721466, 0.12807881832122803, 0.14316502213478088, 0.14316502213478088, 0.14039409160614014, 0.1394704431295395, 0.14254926145076752, 0.1588670015335083, 0.1801108419895172, 0.1911945790052414, 0.2072044312953949, 0.16871921718120575, 0.1804187148809433, 0.19242611527442932, 0.1841132938861847, 0.20258620381355286, 0.2712438404560089, 0.25800493359565735, 0.24322660267353058, 0.23522166907787323, 0.217980295419693, 0.2269088625907898, 0.22721675038337708, 0.24199508130550385, 0.25615763664245605, 0.26200738549232483, 0.26293104887008667, 0.2660098373889923, 0.3072659969329834, 0.30264776945114136, 0.3017241358757019, 0.29341134428977966, 0.29187193512916565, 0.3066502511501312, 0.35806649923324585, 0.3374384343624115, 0.3266625702381134, 0.3405172526836395, 0.3463670015335083, 0.3602216839790344, 0.3362068831920624, 0.34883004426956177, 0.37623152136802673]}