{"parameters": [[512, 0.4, 30, 16]], "report": {"air_conditioner": {"precision": 0.37282229965156793, "recall": 0.535, "f1-score": 0.4394250513347023, "support": 800}, "car_horn": {"precision": 0.39631336405529954, "recall": 0.4075829383886256, "f1-score": 0.40186915887850466, "support": 211}, "children_playing": {"precision": 0.3569023569023569, "recall": 0.5373891001267427, "f1-score": 0.4289327263530601, "support": 789}, "dog_bark": {"precision": 0.8162729658792651, "recall": 0.5343642611683849, "f1-score": 0.6458982346832814, "support": 582}, "drilling": {"precision": 0.44537815126050423, "recall": 0.36551724137931035, "f1-score": 0.40151515151515155, "support": 725}, "engine_idling": {"precision": 0.4792626728110599, "recall": 0.24528301886792453, "f1-score": 0.3244929797191888, "support": 848}, "gun_shot": {"precision": 0.6666666666666666, "recall": 0.8674698795180723, "f1-score": 0.7539267015706806, "support": 83}, "jackhammer": {"precision": 0.41379310344827586, "recall": 0.20304568527918782, "f1-score": 0.2724177071509648, "support": 591}, "siren": {"precision": 0.6609724047306176, "recall": 0.5431965442764579, "f1-score": 0.5963248369887374, "support": 926}, "street_music": {"precision": 0.3057583130575831, "recall": 0.47125, "f1-score": 0.3708804722085588, "support": 800}, "accuracy": 0.4396538158929976, "macro avg": {"precision": 0.4914142298463197, "recall": 0.47100986690047064, "f1-score": 0.463568302040283, "support": 6355}, "weighted avg": {"precision": 0.4759107547096997, "recall": 0.4396538158929976, "f1-score": 0.4389330632407116, "support": 6355}}, "finalAcc": 0.7454057335853577, "finalVal": 0.5144704580307007, "finalAccData": [0.18937894701957703, 0.20087644457817078, 0.19074545800685883, 0.21510696411132812, 0.2554895877838135, 0.2880972623825073, 0.3252756595611572, 0.3652813136577606, 0.3977947533130646, 0.4249363839626312, 0.4565073847770691, 0.4846856892108917, 0.5143718719482422, 0.5402412414550781, 0.5598435401916504, 0.5852888226509094, 0.5990952849388123, 0.6156347393989563, 0.6306663155555725, 0.650598406791687, 0.662237286567688, 0.6757609844207764, 0.6845726370811462, 0.6971539258956909, 0.7011591792106628, 0.719866156578064, 0.7225049734115601, 0.7323532104492188, 0.7356988191604614, 0.7454057335853577], "finalValData": [0.23491379618644714, 0.21705664694309235, 0.2284482717514038, 0.2536945939064026, 0.3072659969329834, 0.3198891580104828, 0.34944581985473633, 0.34205666184425354, 0.3697659969329834, 0.38793104887008667, 0.40116995573043823, 0.41564038395881653, 0.44581282138824463, 0.4301108419895172, 0.4371921122074127, 0.4338054060935974, 0.45658865571022034, 0.45628079771995544, 0.45966747403144836, 0.4608990252017975, 0.46859607100486755, 0.4766009747982025, 0.4852216839790344, 0.4766009747982025, 0.47383004426956177, 0.48830050230026245, 0.47967979311943054, 0.5135468244552612, 0.49907636642456055, 0.5144704580307007]}