{"parameters": [[512, 0.3, 30, 32]], "report": {"air_conditioner": {"precision": 0.4814356435643564, "recall": 0.48625, "f1-score": 0.4838308457711443, "support": 800}, "car_horn": {"precision": 0.5337837837837838, "recall": 0.3744075829383886, "f1-score": 0.44011142061281333, "support": 211}, "children_playing": {"precision": 0.4063926940639269, "recall": 0.4512040557667934, "f1-score": 0.4276276276276276, "support": 789}, "dog_bark": {"precision": 0.6966067864271457, "recall": 0.5996563573883161, "f1-score": 0.644506001846722, "support": 582}, "drilling": {"precision": 0.43733333333333335, "recall": 0.45241379310344826, "f1-score": 0.44474576271186445, "support": 725}, "engine_idling": {"precision": 0.4809688581314879, "recall": 0.3278301886792453, "f1-score": 0.3899018232819075, "support": 848}, "gun_shot": {"precision": 0.6428571428571429, "recall": 0.8674698795180723, "f1-score": 0.7384615384615385, "support": 83}, "jackhammer": {"precision": 0.38362068965517243, "recall": 0.1505922165820643, "f1-score": 0.21628189550425272, "support": 591}, "siren": {"precision": 0.6213503649635036, "recall": 0.7354211663066955, "f1-score": 0.6735905044510385, "support": 926}, "street_music": {"precision": 0.32854864433811803, "recall": 0.515, "f1-score": 0.40116845180136324, "support": 800}, "accuracy": 0.47726199842643585, "macro avg": {"precision": 0.501289794111797, "recall": 0.4960245240283023, "f1-score": 0.4860225872070272, "support": 6355}, "weighted avg": {"precision": 0.4826216303350303, "recall": 0.47726199842643585, "f1-score": 0.4688120815494008, "support": 6355}}, "finalAcc": 0.7719348073005676, "finalVal": 0.5089285969734192, "finalAccData": [0.20294976234436035, 0.2181227058172226, 0.2360757738351822, 0.2680237591266632, 0.29304495453834534, 0.34304022789001465, 0.38601452112197876, 0.4253133535385132, 0.4577796757221222, 0.48336631059646606, 0.5175289511680603, 0.540995180606842, 0.5621525049209595, 0.5852417349815369, 0.6054095029830933, 0.6214777231216431, 0.6368391513824463, 0.6551220417022705, 0.6709546446800232, 0.682781994342804, 0.6960229873657227, 0.7045990228652954, 0.7175572514533997, 0.7255678176879883, 0.737725019454956, 0.7429082989692688, 0.7560550570487976, 0.7590707540512085, 0.7679766416549683, 0.7719348073005676], "finalValData": [0.2072044312953949, 0.17980295419692993, 0.20935960114002228, 0.22259852290153503, 0.2589285671710968, 0.346059113740921, 0.3891625702381134, 0.4217980206012726, 0.42210590839385986, 0.408559113740921, 0.46705666184425354, 0.467980295419693, 0.4624384343624115, 0.466440886259079, 0.5073891878128052, 0.5003078579902649, 0.4818349778652191, 0.4876847267150879, 0.4766009747982025, 0.4926108419895172, 0.4762931168079376, 0.4852216839790344, 0.4929187297821045, 0.48337438702583313, 0.49722906947135925, 0.49045565724372864, 0.5104680061340332, 0.5144704580307007, 0.5006157755851746, 0.5089285969734192]}