{"parameters": [[512, 0.4, 40, 16]], "report": {"air_conditioner": {"precision": 0.3909952606635071, "recall": 0.4125, "f1-score": 0.4014598540145985, "support": 800}, "car_horn": {"precision": 0.5692307692307692, "recall": 0.17535545023696683, "f1-score": 0.26811594202898553, "support": 211}, "children_playing": {"precision": 0.41264737406216506, "recall": 0.4879594423320659, "f1-score": 0.44715447154471544, "support": 789}, "dog_bark": {"precision": 0.690522243713733, "recall": 0.6134020618556701, "f1-score": 0.6496815286624205, "support": 582}, "drilling": {"precision": 0.45955451348182885, "recall": 0.5406896551724137, "f1-score": 0.49683143219264897, "support": 725}, "engine_idling": {"precision": 0.5602536997885835, "recall": 0.3125, "f1-score": 0.4012112036336109, "support": 848}, "gun_shot": {"precision": 0.8390804597701149, "recall": 0.8795180722891566, "f1-score": 0.8588235294117647, "support": 83}, "jackhammer": {"precision": 0.40476190476190477, "recall": 0.17258883248730963, "f1-score": 0.2419928825622776, "support": 591}, "siren": {"precision": 0.6164241164241164, "recall": 0.6403887688984882, "f1-score": 0.628177966101695, "support": 926}, "street_music": {"precision": 0.32724616508400295, "recall": 0.56, "f1-score": 0.4130935915168281, "support": 800}, "accuracy": 0.46923682140047207, "macro avg": {"precision": 0.5270716506980725, "recall": 0.4794902283272071, "f1-score": 0.4806542401669545, "support": 6355}, "weighted avg": {"precision": 0.48939455739750165, "recall": 0.46923682140047207, "f1-score": 0.4619288088261512, "support": 6355}}, "finalAcc": 0.7577984929084778, "finalVal": 0.48676109313964844, "finalAccData": [0.18428988754749298, 0.24851569533348083, 0.3114692270755768, 0.351946085691452, 0.38874751329421997, 0.4139100909233093, 0.43808311223983765, 0.4633399248123169, 0.4842144846916199, 0.506973922252655, 0.5209687948226929, 0.5349637269973755, 0.5429742932319641, 0.5581001043319702, 0.5710583329200745, 0.5874093174934387, 0.5946187973022461, 0.6091320514678955, 0.6186504364013672, 0.6315144896507263, 0.6379700303077698, 0.6546979546546936, 0.6607294082641602, 0.669870913028717, 0.6796249151229858, 0.6918292045593262, 0.6899443864822388, 0.7019602060317993, 0.7069079279899597, 0.7108660936355591, 0.7168033123016357, 0.7231175303459167, 0.7276882529258728, 0.7329186797142029, 0.7379606366157532, 0.7460653781890869, 0.7457355856895447, 0.7487512826919556, 0.7541701793670654, 0.7577984929084778], "finalValData": [0.2592364549636841, 0.310960590839386, 0.3605295419692993, 0.40240147709846497, 0.4445812702178955, 0.4267241358757019, 0.4233374297618866, 0.4519704580307007, 0.4824507534503937, 0.4556650221347809, 0.4698275923728943, 0.45966747403144836, 0.48830050230026245, 0.5036945939064026, 0.4568965435028076, 0.4532019793987274, 0.5184729099273682, 0.4676724076271057, 0.4873768389225006, 0.5036945939064026, 0.5092364549636841, 0.48860836029052734, 0.4839901626110077, 0.5070812702178955, 0.549876868724823, 0.5203201770782471, 0.4963054060935974, 0.5200123190879822, 0.5153940916061401, 0.4941502511501312, 0.5116994976997375, 0.5113916397094727, 0.5160098671913147, 0.5264778137207031, 0.517241358757019, 0.4941502511501312, 0.514162540435791, 0.5021551847457886, 0.5021551847457886, 0.48676109313964844]}