{"parameters": [512, 0.5, 30, 32], "report": {"air_conditioner": {"precision": 0.6234567901234568, "recall": 0.505, "f1-score": 0.5580110497237569, "support": 200}, "car_horn": {"precision": 0.6, "recall": 0.7758620689655172, "f1-score": 0.6766917293233082, "support": 58}, "children_playing": {"precision": 0.7692307692307693, "recall": 0.65, "f1-score": 0.7046070460704607, "support": 200}, "dog_bark": {"precision": 0.8762886597938144, "recall": 0.85, "f1-score": 0.8629441624365483, "support": 200}, "drilling": {"precision": 0.631336405529954, "recall": 0.685, "f1-score": 0.657074340527578, "support": 200}, "engine_idling": {"precision": 0.65625, "recall": 0.5412371134020618, "f1-score": 0.5932203389830508, "support": 194}, "gun_shot": {"precision": 0.9367088607594937, "recall": 0.9135802469135802, "f1-score": 0.9249999999999999, "support": 81}, "jackhammer": {"precision": 0.5657142857142857, "recall": 0.6428571428571429, "f1-score": 0.601823708206687, "support": 154}, "siren": {"precision": 0.6114285714285714, "recall": 0.6815286624203821, "f1-score": 0.6445783132530121, "support": 157}, "street_music": {"precision": 0.6302521008403361, "recall": 0.75, "f1-score": 0.684931506849315, "support": 200}, "accuracy": 0.6800486618004866, "macro avg": {"precision": 0.6900666443420681, "recall": 0.6995065234558684, "f1-score": 0.6908882195373718, "support": 1644}, "weighted avg": {"precision": 0.685652766751503, "recall": 0.6800486618004866, "f1-score": 0.6792281833513067, "support": 1644}}, "finalAcc": 0.8866390585899353, "finalVal": 0.6960784196853638, "finalAccData": [0.31441327929496765, 0.4968112111091614, 0.5919961929321289, 0.6332908272743225, 0.6661351919174194, 0.694355845451355, 0.7163584232330322, 0.7329400777816772, 0.7523915767669678, 0.7597257494926453, 0.7702487111091614, 0.7825255393981934, 0.7927296161651611, 0.7989476919174194, 0.8132972121238708, 0.8187181353569031, 0.8227040767669678, 0.8392857313156128, 0.8399234414100647, 0.8411989808082581, 0.8486925959587097, 0.8529974222183228, 0.8611288070678711, 0.8657525777816772, 0.8691007494926453, 0.8675063848495483, 0.8764349222183228, 0.8794642686843872, 0.8856824040412903, 0.8866390585899353], "finalValData": [0.5024510025978088, 0.561274528503418, 0.5882353186607361, 0.5882353186607361, 0.6164215803146362, 0.6397058963775635, 0.6470588445663452, 0.6531862616539001, 0.658088207244873, 0.6764705777168274, 0.6776960492134094, 0.6801470518112183, 0.6850489974021912, 0.6875, 0.6899510025978088, 0.6850489974021912, 0.688725471496582, 0.6899510025978088, 0.688725471496582, 0.6924019455909729, 0.6936274766921997, 0.6924019455909729, 0.6973039507865906, 0.6911764740943909, 0.6973039507865906, 0.6973039507865906, 0.7034313678741455, 0.7095588445663452, 0.7107843160629272, 0.6960784196853638]}