{"parameters": [512, 0.5, 50, 32], "report": {"air_conditioner": {"precision": 0.40476190476190477, "recall": 0.255, "f1-score": 0.3128834355828221, "support": 200}, "car_horn": {"precision": 0.5517241379310345, "recall": 0.8275862068965517, "f1-score": 0.6620689655172414, "support": 58}, "children_playing": {"precision": 0.5019157088122606, "recall": 0.655, "f1-score": 0.5683297180043384, "support": 200}, "dog_bark": {"precision": 0.6495726495726496, "recall": 0.76, "f1-score": 0.7004608294930875, "support": 200}, "drilling": {"precision": 0.6354166666666666, "recall": 0.61, "f1-score": 0.6224489795918368, "support": 200}, "engine_idling": {"precision": 0.5297619047619048, "recall": 0.4587628865979381, "f1-score": 0.4917127071823204, "support": 194}, "gun_shot": {"precision": 0.9473684210526315, "recall": 0.6666666666666666, "f1-score": 0.782608695652174, "support": 81}, "jackhammer": {"precision": 0.688, "recall": 0.5584415584415584, "f1-score": 0.6164874551971327, "support": 154}, "siren": {"precision": 0.6294117647058823, "recall": 0.6815286624203821, "f1-score": 0.6544342507645259, "support": 157}, "street_music": {"precision": 0.5803571428571429, "recall": 0.65, "f1-score": 0.6132075471698114, "support": 200}, "accuracy": 0.5900243309002433, "macro avg": {"precision": 0.6118290301122078, "recall": 0.6122985981023097, "f1-score": 0.6024642584155291, "support": 1644}, "weighted avg": {"precision": 0.5904410664367524, "recall": 0.5900243309002433, "f1-score": 0.5829287816179832, "support": 1644}}, "finalAcc": 0.8577806353569031, "finalVal": 0.6360294222831726, "finalAccData": [0.2326211780309677, 0.4268175959587097, 0.49920281767845154, 0.545918345451355, 0.5797193646430969, 0.6033163070678711, 0.6307398080825806, 0.6511479616165161, 0.6629464030265808, 0.6779336929321289, 0.6994578838348389, 0.6961097121238708, 0.7050382494926453, 0.7155612111091614, 0.7284757494926453, 0.7444196343421936, 0.7482461929321289, 0.7487244606018066, 0.7522321343421936, 0.7579719424247742, 0.7759885191917419, 0.7715242505073547, 0.7780612111091614, 0.7903380393981934, 0.7807716727256775, 0.784757673740387, 0.8002232313156128, 0.8013392686843872, 0.8112244606018066, 0.8097895383834839, 0.8132972121238708, 0.8093112111091614, 0.8183992505073547, 0.8270089030265808, 0.8242984414100647, 0.8306760191917419, 0.831632673740387, 0.8330675959587097, 0.8348214030265808, 0.8431122303009033, 0.8372130393981934, 0.8396046161651611, 0.848054826259613, 0.8509247303009033, 0.8502869606018066, 0.8547512888908386, 0.850605845451355, 0.8580994606018066, 0.863679826259613, 0.8577806353569031], "finalValData": [0.3651960790157318, 0.46568626165390015, 0.4950980246067047, 0.5134803652763367, 0.5073529481887817, 0.5526960492134094, 0.5490196347236633, 0.5759803652763367, 0.5686274766921997, 0.5772058963775635, 0.5833333134651184, 0.5784313678741455, 0.5759803652763367, 0.5723039507865906, 0.5821078419685364, 0.5796568393707275, 0.5906862616539001, 0.5882353186607361, 0.593137264251709, 0.593137264251709, 0.5870097875595093, 0.5894607901573181, 0.5906862616539001, 0.5992646813392639, 0.594362735748291, 0.591911792755127, 0.593137264251709, 0.5992646813392639, 0.6017156839370728, 0.6041666865348816, 0.5992646813392639, 0.5968137383460999, 0.6017156839370728, 0.6164215803146362, 0.6017156839370728, 0.6078431606292725, 0.6090686321258545, 0.6139705777168274, 0.6151960492134094, 0.6115196347236633, 0.625, 0.6274510025978088, 0.6188725233078003, 0.6200980544090271, 0.625, 0.6164215803146362, 0.6176470518112183, 0.6225489974021912, 0.6311274766921997, 0.6360294222831726]}