{"air_conditioner": {"precision": 0.6788990825688074, "recall": 0.74, "f1-score": 0.7081339712918661, "support": 100}, "car_horn": {"precision": 0.9861111111111112, "recall": 0.7244897959183674, "f1-score": 0.8352941176470589, "support": 98}, "children_playing": {"precision": 0.7572815533980582, "recall": 0.78, "f1-score": 0.768472906403941, "support": 100}, "dog_bark": {"precision": 0.6521739130434783, "recall": 0.75, "f1-score": 0.6976744186046512, "support": 100}, "drilling": {"precision": 0.632183908045977, "recall": 0.55, "f1-score": 0.5882352941176471, "support": 100}, "engine_idling": {"precision": 0.8313253012048193, "recall": 0.6448598130841121, "f1-score": 0.7263157894736842, "support": 107}, "gun_shot": {"precision": 1.0, "recall": 0.875, "f1-score": 0.9333333333333333, "support": 40}, "jackhammer": {"precision": 0.7619047619047619, "recall": 0.9333333333333333, "f1-score": 0.8389513108614233, "support": 120}, "siren": {"precision": 0.8382352941176471, "recall": 0.8028169014084507, "f1-score": 0.8201438848920864, "support": 71}, "street_music": {"precision": 0.7521367521367521, "recall": 0.88, "f1-score": 0.8110599078341014, "support": 100}, "accuracy": 0.7628205128205128, "macro avg": {"precision": 0.7890251677531412, "recall": 0.7680499843744264, "f1-score": 0.7727614934459793, "support": 936}, "weighted avg": {"precision": 0.773292194816278, "recall": 0.7628205128205128, "f1-score": 0.7619337278764517, "support": 936}}