{"parameters": [[512, 0.3, 40, 32]], "report": {"air_conditioner": {"precision": 0.3755522827687776, "recall": 0.31875, "f1-score": 0.3448275862068965, "support": 800}, "car_horn": {"precision": 0.23387096774193547, "recall": 0.37662337662337664, "f1-score": 0.2885572139303482, "support": 77}, "children_playing": {"precision": 0.41581632653061223, "recall": 0.6205583756345178, "f1-score": 0.4979633401221996, "support": 788}, "dog_bark": {"precision": 0.7245841035120147, "recall": 0.6144200626959248, "f1-score": 0.6649703138252756, "support": 638}, "drilling": {"precision": 0.3273972602739726, "recall": 0.3273972602739726, "f1-score": 0.3273972602739726, "support": 730}, "engine_idling": {"precision": 0.6696269982238011, "recall": 0.48771021992238034, "f1-score": 0.56437125748503, "support": 773}, "gun_shot": {"precision": 0.912621359223301, "recall": 0.7230769230769231, "f1-score": 0.8068669527896994, "support": 130}, "jackhammer": {"precision": 0.45080500894454384, "recall": 0.43826086956521737, "f1-score": 0.4444444444444445, "support": 575}, "siren": {"precision": 0.7892644135188867, "recall": 0.6518883415435139, "f1-score": 0.7140287769784173, "support": 609}, "street_music": {"precision": 0.45116772823779194, "recall": 0.53125, "f1-score": 0.48794489092996557, "support": 800}, "accuracy": 0.4981418918918919, "macro avg": {"precision": 0.5350706448975637, "recall": 0.5089935429335826, "f1-score": 0.5141372036986249, "support": 5920}, "weighted avg": {"precision": 0.521025228204445, "recall": 0.4981418918918919, "f1-score": 0.5026408489954302, "support": 5920}}, "finalAcc": 0.8282042145729065, "finalVal": 0.5649697184562683, "finalAccData": [0.19116581976413727, 0.2063269317150116, 0.22089971601963043, 0.25891563296318054, 0.3009141981601715, 0.3460354804992676, 0.40025344491004944, 0.4407132565975189, 0.4721216559410095, 0.5054308176040649, 0.5398262143135071, 0.5738595128059387, 0.5873008966445923, 0.6084811687469482, 0.6272175908088684, 0.6404326558113098, 0.6603004932403564, 0.674511194229126, 0.6830195784568787, 0.6926140189170837, 0.7067794799804688, 0.7144731879234314, 0.7270546555519104, 0.7418084740638733, 0.7473750710487366, 0.7511314153671265, 0.7649348378181458, 0.7681480646133423, 0.7761585712432861, 0.7803674936294556, 0.7834902405738831, 0.7943519353866577, 0.7985155582427979, 0.7986965775489807, 0.8091962337493896, 0.8100560903549194, 0.8168447017669678, 0.8226828575134277, 0.8244931101799011, 0.8282042145729065], "finalValData": [0.2837308645248413, 0.22178710997104645, 0.3339266777038574, 0.36739054322242737, 0.4086863696575165, 0.46849411725997925, 0.5012459754943848, 0.5008900165557861, 0.5211819410324097, 0.5525097846984863, 0.5571377873420715, 0.536845862865448, 0.5824136734008789, 0.5432538390159607, 0.5646137595176697, 0.5571377873420715, 0.5546457767486572, 0.5300818681716919, 0.5005339980125427, 0.5849056839942932, 0.5649697184562683, 0.5574937462806702, 0.5332858562469482, 0.5642577409744263, 0.6123175621032715, 0.5564257502555847, 0.536845862865448, 0.5820576548576355, 0.6101815700531006, 0.6059095859527588, 0.5254539251327515, 0.5877536535263062, 0.589177668094635, 0.6027055978775024, 0.5859736800193787, 0.5728017091751099, 0.5980775952339172, 0.524385929107666, 0.5838376879692078, 0.5649697184562683]}