{"parameters": [[256, 0.4, 50, 32]], "report": {"air_conditioner": {"precision": 0.39080459770114945, "recall": 0.34, "f1-score": 0.3636363636363637, "support": 800}, "car_horn": {"precision": 0.391304347826087, "recall": 0.35064935064935066, "f1-score": 0.36986301369863017, "support": 77}, "children_playing": {"precision": 0.4314946619217082, "recall": 0.6154822335025381, "f1-score": 0.5073221757322176, "support": 788}, "dog_bark": {"precision": 0.8134490238611713, "recall": 0.5877742946708464, "f1-score": 0.6824385805277525, "support": 638}, "drilling": {"precision": 0.4161490683229814, "recall": 0.27534246575342464, "f1-score": 0.3314097279472382, "support": 730}, "engine_idling": {"precision": 0.5510688836104513, "recall": 0.6002587322121604, "f1-score": 0.5746130030959752, "support": 773}, "gun_shot": {"precision": 0.9333333333333333, "recall": 0.5384615384615384, "f1-score": 0.6829268292682926, "support": 130}, "jackhammer": {"precision": 0.553448275862069, "recall": 0.5582608695652174, "f1-score": 0.5558441558441558, "support": 575}, "siren": {"precision": 0.6952998379254457, "recall": 0.7044334975369458, "f1-score": 0.699836867862969, "support": 609}, "street_music": {"precision": 0.33504624871531347, "recall": 0.4075, "f1-score": 0.36773829667230684, "support": 800}, "accuracy": 0.5016891891891891, "macro avg": {"precision": 0.551139827907971, "recall": 0.4978162982352021, "f1-score": 0.5135629014285902, "support": 5920}, "weighted avg": {"precision": 0.5173273890018221, "recall": 0.5016891891891891, "f1-score": 0.5015948229550529, "support": 5920}}, "finalAcc": 0.6703023314476013, "finalVal": 0.5635457634925842, "finalAccData": [0.14378167688846588, 0.13767197728157043, 0.1555032581090927, 0.19166365265846252, 0.2094496786594391, 0.22977009415626526, 0.24189898371696472, 0.2644822597503662, 0.2720854580402374, 0.28910210728645325, 0.299918532371521, 0.31385770440101624, 0.3322773277759552, 0.34431570768356323, 0.35219043493270874, 0.3693428635597229, 0.37961623072624207, 0.38522809743881226, 0.3988957405090332, 0.41039103269577026, 0.4305303990840912, 0.43958181142807007, 0.45143917202949524, 0.46053585410118103, 0.46782222390174866, 0.47845762968063354, 0.4966057240962982, 0.4993664026260376, 0.5123099088668823, 0.5188722014427185, 0.5265659093856812, 0.537834882736206, 0.544759213924408, 0.5611422657966614, 0.5663015842437744, 0.5741763114929199, 0.5830467343330383, 0.591917097568512, 0.5996560454368591, 0.6116943955421448, 0.6172610521316528, 0.6276249289512634, 0.6275796294212341, 0.6386224031448364, 0.6449583768844604, 0.6519279479980469, 0.6612961888313293, 0.6614319086074829, 0.6660028696060181, 0.6703023314476013], "finalValData": [0.2634389400482178, 0.2032751888036728, 0.2791028916835785, 0.2969028055667877, 0.30188679695129395, 0.3310786783695221, 0.3446066081523895, 0.3851904571056366, 0.40619438886642456, 0.3873264491558075, 0.40833038091659546, 0.4393022358417511, 0.3855464458465576, 0.42969027161598206, 0.41260233521461487, 0.45745816826820374, 0.46208614110946655, 0.43609824776649475, 0.4311142861843109, 0.472054123878479, 0.4571021795272827, 0.4567461609840393, 0.4093983769416809, 0.40797436237335205, 0.45995014905929565, 0.5062299966812134, 0.5290138721466064, 0.5268778800964355, 0.540405809879303, 0.49875399470329285, 0.5357778668403625, 0.5421858429908752, 0.5236738920211792, 0.5436097979545593, 0.5357778668403625, 0.5461018085479736, 0.5026699900627136, 0.5478817820549011, 0.5461018085479736, 0.5553577542304993, 0.5382698178291321, 0.5614097714424133, 0.5606977343559265, 0.5051620006561279, 0.5535777807235718, 0.5631897449493408, 0.5653257369995117, 0.5649697184562683, 0.5471698045730591, 0.5635457634925842]}