{"parameters": [[512, 0.4, 50, 32]], "report": {"air_conditioner": {"precision": 0.49603174603174605, "recall": 0.3125, "f1-score": 0.3834355828220859, "support": 800}, "car_horn": {"precision": 0.19333333333333333, "recall": 0.37662337662337664, "f1-score": 0.2555066079295154, "support": 77}, "children_playing": {"precision": 0.447702834799609, "recall": 0.5812182741116751, "f1-score": 0.5057979017117614, "support": 788}, "dog_bark": {"precision": 0.8055555555555556, "recall": 0.6363636363636364, "f1-score": 0.7110332749562172, "support": 638}, "drilling": {"precision": 0.3343065693430657, "recall": 0.3136986301369863, "f1-score": 0.3236749116607774, "support": 730}, "engine_idling": {"precision": 0.8417849898580122, "recall": 0.536869340232859, "f1-score": 0.655608214849921, "support": 773}, "gun_shot": {"precision": 0.9270833333333334, "recall": 0.6846153846153846, "f1-score": 0.7876106194690266, "support": 130}, "jackhammer": {"precision": 0.6055646481178396, "recall": 0.6434782608695652, "f1-score": 0.6239460370994941, "support": 575}, "siren": {"precision": 0.7410071942446043, "recall": 0.6765188834154351, "f1-score": 0.7072961373390558, "support": 609}, "street_music": {"precision": 0.37673343605546994, "recall": 0.61125, "f1-score": 0.4661582459485224, "support": 800}, "accuracy": 0.5315878378378378, "macro avg": {"precision": 0.5769103640672568, "recall": 0.5373135786368918, "f1-score": 0.5420067533786377, "support": 5920}, "weighted avg": {"precision": 0.5734071909931947, "recall": 0.5315878378378378, "f1-score": 0.5382646254885165, "support": 5920}}, "finalAcc": 0.7884684801101685, "finalVal": 0.5720897316932678, "finalAccData": [0.15373823046684265, 0.16935192048549652, 0.16975922882556915, 0.17614047229290009, 0.1887671947479248, 0.20619116723537445, 0.22461079061031342, 0.259006142616272, 0.28276610374450684, 0.3144460618495941, 0.3403783440589905, 0.36730629205703735, 0.39717596769332886, 0.4217052757740021, 0.451665461063385, 0.4774167239665985, 0.5066075325012207, 0.5274257659912109, 0.5464789867401123, 0.5646271109580994, 0.5802860260009766, 0.5938178896903992, 0.6168537139892578, 0.6245021820068359, 0.6410210132598877, 0.6530593633651733, 0.6640568375587463, 0.6755521297454834, 0.6796252727508545, 0.691075325012207, 0.7006698250770569, 0.7093139290809631, 0.7172791361808777, 0.7192704677581787, 0.7276882529258728, 0.7324855327606201, 0.7375995516777039, 0.7468772530555725, 0.7487328052520752, 0.7569695711135864, 0.7592777013778687, 0.7665640711784363, 0.7666093707084656, 0.7724927663803101, 0.7755702137947083, 0.7791002988815308, 0.7853910326957703, 0.7876086235046387, 0.7916817665100098, 0.7884684801101685], "finalValData": [0.25596296787261963, 0.16945531964302063, 0.16518333554267883, 0.19223922491073608, 0.22249911725521088, 0.3292986750602722, 0.3268066942691803, 0.37308651208877563, 0.39088642597198486, 0.4129583537578583, 0.4350302517414093, 0.5240299105644226, 0.46386614441871643, 0.4916340410709381, 0.5094339847564697, 0.5436097979545593, 0.49875399470329285, 0.5283018946647644, 0.5357778668403625, 0.48771804571151733, 0.5268778800964355, 0.5728017091751099, 0.5514417886734009, 0.5347098708152771, 0.5720897316932678, 0.5866856575012207, 0.580277681350708, 0.5482378005981445, 0.5585617423057556, 0.5386258363723755, 0.5428978204727173, 0.558205783367157, 0.5382698178291321, 0.5784977078437805, 0.5646137595176697, 0.5913136601448059, 0.567817747592926, 0.5695977210998535, 0.580277681350708, 0.5838376879692078, 0.5614097714424133, 0.5525097846984863, 0.5735136866569519, 0.5347098708152771, 0.5382698178291321, 0.5361338257789612, 0.5585617423057556, 0.5218939185142517, 0.5478817820549011, 0.5720897316932678]}