{"parameters": [[128, 0.5, 40, 32]], "report": {"air_conditioner": {"precision": 0.21530698065601345, "recall": 0.32, "f1-score": 0.25741578682755156, "support": 800}, "car_horn": {"precision": 0.0, "recall": 0.0, "f1-score": 0.0, "support": 77}, "children_playing": {"precision": 0.300944669365722, "recall": 0.565989847715736, "f1-score": 0.39295154185022024, "support": 788}, "dog_bark": {"precision": 0.6966824644549763, "recall": 0.4608150470219436, "f1-score": 0.5547169811320755, "support": 638}, "drilling": {"precision": 0.38461538461538464, "recall": 0.19863013698630136, "f1-score": 0.26196928635953026, "support": 730}, "engine_idling": {"precision": 0.4341004184100418, "recall": 0.536869340232859, "f1-score": 0.4800462695199537, "support": 773}, "gun_shot": {"precision": 0.0, "recall": 0.0, "f1-score": 0.0, "support": 130}, "jackhammer": {"precision": 0.29204892966360857, "recall": 0.33217391304347826, "f1-score": 0.31082180634662326, "support": 575}, "siren": {"precision": 0.20235756385068762, "recall": 0.16912972085385877, "f1-score": 0.184257602862254, "support": 609}, "street_music": {"precision": 0.311178247734139, "recall": 0.12875, "f1-score": 0.1821396993810787, "support": 800}, "accuracy": 0.32989864864864865, "macro avg": {"precision": 0.2837234658750573, "recall": 0.27123580058541774, "f1-score": 0.2624318974279287, "support": 5920}, "weighted avg": {"precision": 0.3395791789926389, "recall": 0.32989864864864865, "f1-score": 0.31561628413529463, "support": 5920}}, "finalAcc": 0.3398352563381195, "finalVal": 0.42577430605888367, "finalAccData": [0.11735155433416367, 0.14495836198329926, 0.13988956809043884, 0.13762672245502472, 0.1378982663154602, 0.13640478253364563, 0.1356806606054306, 0.13798877596855164, 0.1397990584373474, 0.14138305187225342, 0.14568248391151428, 0.14817161858081818, 0.1479453295469284, 0.15314988791942596, 0.15749457478523254, 0.15708725154399872, 0.16134141385555267, 0.16469043493270874, 0.16355901956558228, 0.1677226573228836, 0.17048335075378418, 0.1739681363105774, 0.1755521297454834, 0.1758689284324646, 0.17695510387420654, 0.17442071437835693, 0.18139030039310455, 0.18745474517345428, 0.19175416231155396, 0.19274981319904327, 0.2176864594221115, 0.23130883276462555, 0.24796342849731445, 0.2647990584373474, 0.2767016589641571, 0.2912291884422302, 0.3030412793159485, 0.3202842175960541, 0.3270275294780731, 0.3398352563381195], "finalValData": [0.19829121232032776, 0.19152723252773285, 0.18583126366138458, 0.19330722093582153, 0.19544321298599243, 0.16803133487701416, 0.17016731202602386, 0.17159131169319153, 0.17443929612636566, 0.18761125206947327, 0.18974724411964417, 0.18903523683547974, 0.18476326763629913, 0.19010323286056519, 0.22143112123012543, 0.21146315336227417, 0.21537913382053375, 0.21893912553787231, 0.21181915700435638, 0.21751512587070465, 0.22570309042930603, 0.22427910566329956, 0.2232111096382141, 0.2274830937385559, 0.22677108645439148, 0.2356710582971573, 0.23638305068016052, 0.2556069791316986, 0.26771092414855957, 0.2402990460395813, 0.30224278569221497, 0.33855465054512024, 0.364186555147171, 0.42328229546546936, 0.4133143424987793, 0.42755427956581116, 0.4328942596912384, 0.4218583106994629, 0.42933428287506104, 0.42577430605888367]}