{"parameters": [[512, 0.5, 50, 32]], "report": {"air_conditioner": {"precision": 0.4036222509702458, "recall": 0.39, "f1-score": 0.39669421487603307, "support": 800}, "car_horn": {"precision": 0.2556390977443609, "recall": 0.44155844155844154, "f1-score": 0.32380952380952377, "support": 77}, "children_playing": {"precision": 0.4433179723502304, "recall": 0.6104060913705583, "f1-score": 0.5136145221569673, "support": 788}, "dog_bark": {"precision": 0.7986725663716814, "recall": 0.5658307210031348, "f1-score": 0.6623853211009174, "support": 638}, "drilling": {"precision": 0.4272030651340996, "recall": 0.30547945205479454, "f1-score": 0.3562300319488818, "support": 730}, "engine_idling": {"precision": 0.6133540372670807, "recall": 0.5109961190168176, "f1-score": 0.557515878616796, "support": 773}, "gun_shot": {"precision": 1.0, "recall": 0.6230769230769231, "f1-score": 0.7677725118483413, "support": 130}, "jackhammer": {"precision": 0.5645645645645646, "recall": 0.6539130434782608, "f1-score": 0.6059629331184528, "support": 575}, "siren": {"precision": 0.7443762781186094, "recall": 0.5977011494252874, "f1-score": 0.663023679417122, "support": 609}, "street_music": {"precision": 0.37953488372093025, "recall": 0.51, "f1-score": 0.43520000000000003, "support": 800}, "accuracy": 0.512668918918919, "macro avg": {"precision": 0.5630284716241803, "recall": 0.5208961940984217, "f1-score": 0.5282208616893035, "support": 5920}, "weighted avg": {"precision": 0.5403763959781377, "recall": 0.512668918918919, "f1-score": 0.5170282119760344, "support": 5920}}, "finalAcc": 0.6778602600097656, "finalVal": 0.5222499370574951, "finalAccData": [0.1469496786594391, 0.14518465101718903, 0.1535572111606598, 0.17247465252876282, 0.18270274996757507, 0.18713794648647308, 0.20877081155776978, 0.2384141981601715, 0.25638124346733093, 0.27271905541419983, 0.2862056493759155, 0.2970220744609833, 0.30127623677253723, 0.3150343894958496, 0.32526248693466187, 0.33684828877449036, 0.3477552533149719, 0.35879796743392944, 0.3649981915950775, 0.38011404871940613, 0.39283129572868347, 0.4042813181877136, 0.4120202660560608, 0.42351555824279785, 0.43822410702705383, 0.4450579285621643, 0.45677950978279114, 0.4766926169395447, 0.489002525806427, 0.5052950978279114, 0.5151158571243286, 0.5291907787322998, 0.5437183380126953, 0.5583816170692444, 0.5646723508834839, 0.5794714093208313, 0.5822773575782776, 0.5942704677581787, 0.6024619936943054, 0.612328052520752, 0.6184377074241638, 0.6263577342033386, 0.640749454498291, 0.6420618891716003, 0.6508417725563049, 0.6571325063705444, 0.6632874608039856, 0.666998565196991, 0.67374187707901, 0.6778602600097656], "finalValData": [0.3182627260684967, 0.23460306227207184, 0.23745104670524597, 0.19615522027015686, 0.1883232444524765, 0.2079031616449356, 0.37308651208877563, 0.38661444187164307, 0.3987184166908264, 0.39693841338157654, 0.42506229877471924, 0.4136703312397003, 0.4175863265991211, 0.4129583537578583, 0.3855464458465576, 0.3894624412059784, 0.46208614110946655, 0.45389819145202637, 0.44927018880844116, 0.45389819145202637, 0.42506229877471924, 0.4311142861843109, 0.4482021927833557, 0.41438233852386475, 0.44962620735168457, 0.48807403445243835, 0.47561410069465637, 0.47739410400390625, 0.45781415700912476, 0.49875399470329285, 0.49483802914619446, 0.4759700894355774, 0.47525811195373535, 0.5072979927062988, 0.5247418880462646, 0.527945876121521, 0.5254539251327515, 0.5268778800964355, 0.5176219344139099, 0.5129939317703247, 0.5226058959960938, 0.5229619145393372, 0.536845862865448, 0.5307939052581787, 0.516197919845581, 0.514773964881897, 0.5151299238204956, 0.5258098840713501, 0.5332858562469482, 0.5222499370574951]}