{"parameters": [[64, 0.4, 50, 32]], "report": {"air_conditioner": {"precision": 0.26060267857142855, "recall": 0.58375, "f1-score": 0.36033950617283944, "support": 800}, "car_horn": {"precision": 0.0, "recall": 0.0, "f1-score": 0.0, "support": 77}, "children_playing": {"precision": 0.3248031496062992, "recall": 0.41878172588832485, "f1-score": 0.36585365853658536, "support": 788}, "dog_bark": {"precision": 0.8521303258145363, "recall": 0.5329153605015674, "f1-score": 0.6557377049180327, "support": 638}, "drilling": {"precision": 0.4598337950138504, "recall": 0.2273972602739726, "f1-score": 0.304307974335472, "support": 730}, "engine_idling": {"precision": 0.3176470588235294, "recall": 0.17464424320827943, "f1-score": 0.22537562604340566, "support": 773}, "gun_shot": {"precision": 0.9298245614035088, "recall": 0.4076923076923077, "f1-score": 0.5668449197860962, "support": 130}, "jackhammer": {"precision": 0.308, "recall": 0.4017391304347826, "f1-score": 0.34867924528301886, "support": 575}, "siren": {"precision": 0.4117647058823529, "recall": 0.4942528735632184, "f1-score": 0.4492537313432835, "support": 609}, "street_music": {"precision": 0.2442159383033419, "recall": 0.11875, "f1-score": 0.159798149705635, "support": 800}, "accuracy": 0.35777027027027025, "macro avg": {"precision": 0.4108822213418847, "recall": 0.33599229015624527, "f1-score": 0.34361905161243683, "support": 5920}, "weighted avg": {"precision": 0.39415889678289906, "recall": 0.35777027027027025, "f1-score": 0.3491384411421873, "support": 5920}}, "finalAcc": 0.37613141536712646, "finalVal": 0.43218228220939636, "finalAccData": [0.12033852189779282, 0.1419261395931244, 0.13988956809043884, 0.136314257979393, 0.13717414438724518, 0.14016111195087433, 0.1425597369670868, 0.14346487820148468, 0.14812636375427246, 0.14658761024475098, 0.15464337170124054, 0.1566799432039261, 0.15459811687469482, 0.15944062173366547, 0.15631788969039917, 0.1639663279056549, 0.1611151397228241, 0.16641020774841309, 0.1695782095193863, 0.17695510387420654, 0.18365314602851868, 0.18673062324523926, 0.1868664026260376, 0.1906227320432663, 0.2006698101758957, 0.20324945449829102, 0.20591962337493896, 0.2094496786594391, 0.2251991331577301, 0.24429760873317719, 0.25230810046195984, 0.26059016585350037, 0.26271724700927734, 0.27280956506729126, 0.27502715587615967, 0.27810463309288025, 0.2849384546279907, 0.288921058177948, 0.290912389755249, 0.2983798086643219, 0.30521360039711, 0.3090152144432068, 0.309332013130188, 0.31209269165992737, 0.3199674189090729, 0.32453837990760803, 0.33209630846977234, 0.3514663279056549, 0.36413830518722534, 0.37613141536712646], "finalValData": [0.21537913382053375, 0.1819152683019638, 0.17693129181861877, 0.17906728386878967, 0.18013527989387512, 0.18440726399421692, 0.20185118913650513, 0.19793520867824554, 0.19544321298599243, 0.20469918847084045, 0.20078319311141968, 0.1993592083454132, 0.2032751888036728, 0.21075116097927094, 0.20647917687892914, 0.20968316495418549, 0.22783908247947693, 0.21359914541244507, 0.22143112123012543, 0.25453898310661316, 0.24528302252292633, 0.23460306227207184, 0.25418299436569214, 0.2837308645248413, 0.2876468598842621, 0.28871485590934753, 0.29334282875061035, 0.2965468168258667, 0.33463865518569946, 0.30793875455856323, 0.3154147267341614, 0.3203987181186676, 0.3381986618041992, 0.3268066942691803, 0.33001068234443665, 0.33001068234443665, 0.3218227028846741, 0.30224278569221497, 0.3317906856536865, 0.3207547068595886, 0.36881452798843384, 0.3805624842643738, 0.3570665717124939, 0.3987184166908264, 0.376290500164032, 0.3381986618041992, 0.3677465319633484, 0.3787824809551239, 0.40797436237335205, 0.43218228220939636]}