{"parameters": [[64, 0.4, 40, 16]], "report": {"air_conditioner": {"precision": 0.33958333333333335, "recall": 0.20375, "f1-score": 0.2546875, "support": 800}, "car_horn": {"precision": 0.9583333333333334, "recall": 0.2987012987012987, "f1-score": 0.4554455445544554, "support": 77}, "children_playing": {"precision": 0.37808807733619765, "recall": 0.4467005076142132, "f1-score": 0.4095404304828389, "support": 788}, "dog_bark": {"precision": 0.7383863080684596, "recall": 0.47335423197492166, "f1-score": 0.5768863419293218, "support": 638}, "drilling": {"precision": 0.40992167101827676, "recall": 0.21506849315068494, "f1-score": 0.28212039532794253, "support": 730}, "engine_idling": {"precision": 0.34228650137741046, "recall": 0.6429495472186287, "f1-score": 0.4467415730337079, "support": 773}, "gun_shot": {"precision": 1.0, "recall": 0.2076923076923077, "f1-score": 0.3439490445859873, "support": 130}, "jackhammer": {"precision": 0.39668174962292607, "recall": 0.4573913043478261, "f1-score": 0.42487883683360256, "support": 575}, "siren": {"precision": 0.48746518105849584, "recall": 0.5747126436781609, "f1-score": 0.5275056518462699, "support": 609}, "street_music": {"precision": 0.36614645858343337, "recall": 0.38125, "f1-score": 0.3735456215554194, "support": 800}, "accuracy": 0.41199324324324327, "macro avg": {"precision": 0.5416892613731865, "recall": 0.3901570334378042, "f1-score": 0.40953009401495455, "support": 5920}, "weighted avg": {"precision": 0.4436128304720554, "recall": 0.41199324324324327, "f1-score": 0.40371214916228804, "support": 5920}}, "finalAcc": 0.41722482442855835, "finalVal": 0.4606621563434601, "finalAccData": [0.1255883425474167, 0.1372646689414978, 0.13749094307422638, 0.13712888956069946, 0.1397538036108017, 0.14495836198329926, 0.14903150498867035, 0.14894098043441772, 0.1573135405778885, 0.15907856822013855, 0.15993845462799072, 0.1664554625749588, 0.16650071740150452, 0.17175054550170898, 0.1730629950761795, 0.18170709908008575, 0.2028874009847641, 0.22085444629192352, 0.23569877445697784, 0.24633418023586273, 0.2562907338142395, 0.2700488865375519, 0.27027517557144165, 0.27520817518234253, 0.287744402885437, 0.3043989837169647, 0.31073498725891113, 0.3163468539714813, 0.32521724700927734, 0.3335897922515869, 0.34499457478523254, 0.3565351068973541, 0.36762309074401855, 0.3762671947479248, 0.3809286653995514, 0.3859522044658661, 0.3967686593532562, 0.3969496786594391, 0.4047791361808777, 0.41722482442855835], "finalValData": [0.17586329579353333, 0.17906728386878967, 0.17265930771827698, 0.17586329579353333, 0.17123530805110931, 0.16553933918476105, 0.17799928784370422, 0.16945531964302063, 0.17016731202602386, 0.18084727227687836, 0.17906728386878967, 0.19651120901107788, 0.18476326763629913, 0.20007120072841644, 0.1929512321949005, 0.22392310202121735, 0.2744748890399933, 0.34318262338638306, 0.3271626830101013, 0.33677464723587036, 0.3285866975784302, 0.3506585955619812, 0.3339266777038574, 0.35350659489631653, 0.3485226035118103, 0.3446066081523895, 0.35137060284614563, 0.3442506194114685, 0.385902464389801, 0.37771448493003845, 0.3873264491558075, 0.3923104405403137, 0.4400142431259155, 0.4154503345489502, 0.4521181881427765, 0.44713419675827026, 0.44713419675827026, 0.45389819145202637, 0.43396225571632385, 0.4606621563434601]}