{"parameters": [[128, 0.4, 50, 32]], "report": {"air_conditioner": {"precision": 0.30742857142857144, "recall": 0.33625, "f1-score": 0.32119402985074624, "support": 800}, "car_horn": {"precision": 0.6410256410256411, "recall": 0.3246753246753247, "f1-score": 0.43103448275862066, "support": 77}, "children_playing": {"precision": 0.3609083536090835, "recall": 0.5647208121827412, "f1-score": 0.4403760514596734, "support": 788}, "dog_bark": {"precision": 0.8757961783439491, "recall": 0.43103448275862066, "f1-score": 0.5777310924369748, "support": 638}, "drilling": {"precision": 0.3903420523138833, "recall": 0.26575342465753427, "f1-score": 0.3162184189079055, "support": 730}, "engine_idling": {"precision": 0.5470085470085471, "recall": 0.49676584734799484, "f1-score": 0.520677966101695, "support": 773}, "gun_shot": {"precision": 1.0, "recall": 0.47692307692307695, "f1-score": 0.6458333333333334, "support": 130}, "jackhammer": {"precision": 0.454855195911414, "recall": 0.4643478260869565, "f1-score": 0.459552495697074, "support": 575}, "siren": {"precision": 0.3743078626799557, "recall": 0.555008210180624, "f1-score": 0.4470899470899471, "support": 609}, "street_music": {"precision": 0.3488700564971751, "recall": 0.30875, "f1-score": 0.3275862068965517, "support": 800}, "accuracy": 0.4233108108108108, "macro avg": {"precision": 0.530054245881822, "recall": 0.4224229004812873, "f1-score": 0.4487294024532522, "support": 5920}, "weighted avg": {"precision": 0.4636544175971059, "recall": 0.4233108108108108, "f1-score": 0.42595015537695513, "support": 5920}}, "finalAcc": 0.4917632043361664, "finalVal": 0.48807403445243835, "finalAccData": [0.11341419070959091, 0.1573587954044342, 0.15287834405899048, 0.15111331641674042, 0.15373823046684265, 0.1523352712392807, 0.15500542521476746, 0.1610698699951172, 0.16641020774841309, 0.1786748766899109, 0.17912743985652924, 0.1922067403793335, 0.20112237334251404, 0.20216329395771027, 0.20836350321769714, 0.21370384097099304, 0.2217595875263214, 0.22569696605205536, 0.23099203407764435, 0.22872918844223022, 0.23443156480789185, 0.23886676132678986, 0.2430756688117981, 0.24321144819259644, 0.2556571364402771, 0.26746922731399536, 0.26932477951049805, 0.2766111493110657, 0.2945329546928406, 0.30064263939857483, 0.307748019695282, 0.3153964579105377, 0.3341328799724579, 0.3674873411655426, 0.3847302794456482, 0.39559197425842285, 0.40839970111846924, 0.410753071308136, 0.4202117919921875, 0.4203023314476013, 0.43831461668014526, 0.4403964579105377, 0.4471397399902344, 0.4563269317150116, 0.4569152891635895, 0.45551231503486633, 0.4647447466850281, 0.4818066656589508, 0.4815351068973541, 0.4917632043361664], "finalValData": [0.20398718118667603, 0.21395514905452728, 0.20968316495418549, 0.2032751888036728, 0.19651120901107788, 0.18298326432704926, 0.1883232444524765, 0.21537913382053375, 0.21680313348770142, 0.24279102683067322, 0.2595229744911194, 0.2862228453159332, 0.30793875455856323, 0.31470274925231934, 0.2986828088760376, 0.3200427293777466, 0.3207547068595886, 0.2837308645248413, 0.3111427426338196, 0.31256675720214844, 0.30651476979255676, 0.3132787346839905, 0.30224278569221497, 0.30437877774238586, 0.3054467737674713, 0.34033462405204773, 0.35599857568740845, 0.3485226035118103, 0.37095052003860474, 0.2961908280849457, 0.3221787214279175, 0.32609468698501587, 0.3677465319633484, 0.4542541801929474, 0.46671414375305176, 0.42577430605888367, 0.45069420337677, 0.43360626697540283, 0.472054123878479, 0.45959416031837463, 0.47739410400390625, 0.4973300099372864, 0.4909220337867737, 0.47703808546066284, 0.46208614110946655, 0.46173015236854553, 0.46600213646888733, 0.4610181450843811, 0.4873620569705963, 0.48807403445243835]}