{"parameters": [[64, 0.5, 50, 16]], "report": {"air_conditioner": {"precision": 0.2690972222222222, "recall": 0.3875, "f1-score": 0.31762295081967207, "support": 800}, "car_horn": {"precision": 1.0, "recall": 0.2987012987012987, "f1-score": 0.45999999999999996, "support": 77}, "children_playing": {"precision": 0.40821566110397944, "recall": 0.4035532994923858, "f1-score": 0.40587109125717935, "support": 788}, "dog_bark": {"precision": 0.6402266288951841, "recall": 0.3542319749216301, "f1-score": 0.4561049445005046, "support": 638}, "drilling": {"precision": 0.39863325740318906, "recall": 0.23972602739726026, "f1-score": 0.2994011976047904, "support": 730}, "engine_idling": {"precision": 0.4926372155287818, "recall": 0.4760672703751617, "f1-score": 0.48421052631578954, "support": 773}, "gun_shot": {"precision": 0.0, "recall": 0.0, "f1-score": 0.0, "support": 130}, "jackhammer": {"precision": 0.46525096525096526, "recall": 0.4191304347826087, "f1-score": 0.4409881061299177, "support": 575}, "siren": {"precision": 0.2725306416726748, "recall": 0.6206896551724138, "f1-score": 0.3787575150300601, "support": 609}, "street_music": {"precision": 0.27586206896551724, "recall": 0.18, "f1-score": 0.2178517397881997, "support": 800}, "accuracy": 0.36875, "macro avg": {"precision": 0.4222453661042514, "recall": 0.3379599960842759, "f1-score": 0.34608080714461137, "support": 5920}, "weighted avg": {"precision": 0.3966904179799486, "recall": 0.36875, "f1-score": 0.36346456516214326, "support": 5920}}, "finalAcc": 0.37762489914894104, "finalVal": 0.3727305233478546, "finalAccData": [0.13387037813663483, 0.13749094307422638, 0.1325126737356186, 0.13178855180740356, 0.13015930354595184, 0.1319243311882019, 0.1340966671705246, 0.13482078909873962, 0.13640478253364563, 0.13450397551059723, 0.144460529088974, 0.13857711851596832, 0.14332911372184753, 0.14912201464176178, 0.15541274845600128, 0.1560916006565094, 0.1558200567960739, 0.1610698699951172, 0.16600289940834045, 0.174918532371521, 0.18410572409629822, 0.18849565088748932, 0.20782041549682617, 0.2166908085346222, 0.21818429231643677, 0.2230267971754074, 0.22587798535823822, 0.22999638319015503, 0.23280231654644012, 0.23330014944076538, 0.23633237183094025, 0.24628892540931702, 0.24701303243637085, 0.25135770440101624, 0.25701484084129333, 0.27032041549682617, 0.28846850991249084, 0.2963884770870209, 0.30661657452583313, 0.31204742193222046, 0.3212346136569977, 0.3215966820716858, 0.3394732177257538, 0.3499275743961334, 0.3568519055843353, 0.3611966073513031, 0.3645908832550049, 0.3692976236343384, 0.37572410702705383, 0.37762489914894104], "finalValData": [0.17265930771827698, 0.16126735508441925, 0.12637948989868164, 0.12210751324892044, 0.11925952136516571, 0.12068351358175278, 0.11925952136516571, 0.12459950149059296, 0.13599145412445068, 0.13492345809936523, 0.13883943855762482, 0.14453542232513428, 0.18298326432704926, 0.18725524842739105, 0.177287295460701, 0.1879672408103943, 0.16803133487701416, 0.21929512917995453, 0.2210751175880432, 0.2445710152387619, 0.2570309638977051, 0.23709505796432495, 0.27376291155815125, 0.3154147267341614, 0.31256675720214844, 0.2986828088760376, 0.29512283205986023, 0.30188679695129395, 0.2940548360347748, 0.3506585955619812, 0.3025988042354584, 0.3414026200771332, 0.35137060284614563, 0.3588465750217438, 0.4065503776073456, 0.37095052003860474, 0.38875043392181396, 0.36525455117225647, 0.34923461079597473, 0.3592025637626648, 0.39765042066574097, 0.35599857568740845, 0.3705945312976837, 0.3503026068210602, 0.3987184166908264, 0.39088642597198486, 0.332858681678772, 0.37771448493003845, 0.3485226035118103, 0.3727305233478546]}