{"parameters": [[512, 0.3, 50, 32]], "report": {"air_conditioner": {"precision": 0.4298245614035088, "recall": 0.30625, "f1-score": 0.35766423357664234, "support": 800}, "car_horn": {"precision": 0.17834394904458598, "recall": 0.36363636363636365, "f1-score": 0.23931623931623933, "support": 77}, "children_playing": {"precision": 0.4417293233082707, "recall": 0.5964467005076142, "f1-score": 0.5075593952483801, "support": 788}, "dog_bark": {"precision": 0.5620052770448549, "recall": 0.6677115987460815, "f1-score": 0.6103151862464183, "support": 638}, "drilling": {"precision": 0.3958333333333333, "recall": 0.31232876712328766, "f1-score": 0.3491577335375191, "support": 730}, "engine_idling": {"precision": 0.7524950099800399, "recall": 0.48771021992238034, "f1-score": 0.5918367346938777, "support": 773}, "gun_shot": {"precision": 0.9719626168224299, "recall": 0.8, "f1-score": 0.8776371308016878, "support": 130}, "jackhammer": {"precision": 0.5911111111111111, "recall": 0.6939130434782609, "f1-score": 0.6384000000000001, "support": 575}, "siren": {"precision": 0.684931506849315, "recall": 0.6568144499178982, "f1-score": 0.6705783738474433, "support": 609}, "street_music": {"precision": 0.45689655172413796, "recall": 0.53, "f1-score": 0.4907407407407408, "support": 800}, "accuracy": 0.5238175675675676, "macro avg": {"precision": 0.5465133240621588, "recall": 0.5414811143331887, "f1-score": 0.533320576800895, "support": 5920}, "weighted avg": {"precision": 0.5377965778538897, "recall": 0.5238175675675676, "f1-score": 0.521692435851396, "support": 5920}}, "finalAcc": 0.8448135256767273, "finalVal": 0.5763617157936096, "finalAccData": [0.19768284261226654, 0.2835354804992676, 0.337662935256958, 0.3979000747203827, 0.4383598864078522, 0.48248550295829773, 0.5170618891716003, 0.5480177402496338, 0.5652607083320618, 0.5842233896255493, 0.6033671498298645, 0.6163106560707092, 0.6308833956718445, 0.6490315198898315, 0.6610698699951172, 0.6700307726860046, 0.6758689284324646, 0.6951484680175781, 0.6981806755065918, 0.7072320580482483, 0.7182747721672058, 0.7283671498298645, 0.7321687340736389, 0.7441166043281555, 0.7463794350624084, 0.7543447017669678, 0.7561549544334412, 0.7678765654563904, 0.7710445523262024, 0.7789645195007324, 0.77833092212677, 0.7855268120765686, 0.7882422208786011, 0.7941256165504456, 0.7998732924461365, 0.8004163503646851, 0.8115043640136719, 0.8095582723617554, 0.8144460320472717, 0.8158490061759949, 0.8207820653915405, 0.823090136051178, 0.8250362277030945, 0.8313722014427185, 0.8353548049926758, 0.8346759676933289, 0.8354453444480896, 0.8407856822013855, 0.8425959348678589, 0.8448135256767273], "finalValData": [0.3414026200771332, 0.44464221596717834, 0.4613741636276245, 0.46885013580322266, 0.5151299238204956, 0.5852616429328918, 0.5133499503135681, 0.5019580125808716, 0.5663937330245972, 0.5870416760444641, 0.5503737926483154, 0.5364898443222046, 0.5315058827400208, 0.536845862865448, 0.5539337992668152, 0.5478817820549011, 0.5724456906318665, 0.5461018085479736, 0.5557137727737427, 0.5051620006561279, 0.5550017952919006, 0.4959060251712799, 0.5158419609069824, 0.5318619012832642, 0.5261659026145935, 0.5443218350410461, 0.49697402119636536, 0.5674617290496826, 0.5389818549156189, 0.5250979065895081, 0.5532217621803284, 0.5450338125228882, 0.5421858429908752, 0.567817747592926, 0.5770736932754517, 0.5436097979545593, 0.5671057105064392, 0.5119259357452393, 0.5557137727737427, 0.5635457634925842, 0.5332858562469482, 0.5649697184562683, 0.5767176747322083, 0.5646137595176697, 0.5546457767486572, 0.5873976349830627, 0.5596297383308411, 0.5674617290496826, 0.5489497780799866, 0.5763617157936096]}