{"parameters": [[512, 0.4, 30, 32]], "report": {"air_conditioner": {"precision": 0.35454545454545455, "recall": 0.34125, "f1-score": 0.3477707006369427, "support": 800}, "car_horn": {"precision": 0.2912621359223301, "recall": 0.38961038961038963, "f1-score": 0.3333333333333333, "support": 77}, "children_playing": {"precision": 0.44874274661508706, "recall": 0.5888324873096447, "f1-score": 0.5093304061470911, "support": 788}, "dog_bark": {"precision": 0.7757936507936508, "recall": 0.6128526645768025, "f1-score": 0.6847635726795097, "support": 638}, "drilling": {"precision": 0.4421553090332805, "recall": 0.3821917808219178, "f1-score": 0.40999265246142536, "support": 730}, "engine_idling": {"precision": 0.6204268292682927, "recall": 0.5265200517464425, "f1-score": 0.5696291112666201, "support": 773}, "gun_shot": {"precision": 0.9504950495049505, "recall": 0.7384615384615385, "f1-score": 0.8311688311688311, "support": 130}, "jackhammer": {"precision": 0.566003616636528, "recall": 0.5443478260869565, "f1-score": 0.5549645390070921, "support": 575}, "siren": {"precision": 0.756198347107438, "recall": 0.6009852216748769, "f1-score": 0.6697163769441903, "support": 609}, "street_music": {"precision": 0.43357933579335795, "recall": 0.5875, "f1-score": 0.49893842887473466, "support": 800}, "accuracy": 0.5217905405405405, "macro avg": {"precision": 0.5639202475220371, "recall": 0.531255196028857, "f1-score": 0.540960795251977, "support": 5920}, "weighted avg": {"precision": 0.5428035801156874, "recall": 0.5217905405405405, "f1-score": 0.526333996712064, "support": 5920}}, "finalAcc": 0.694243311882019, "finalVal": 0.5525097846984863, "finalAccData": [0.16604815423488617, 0.20171071588993073, 0.2251538783311844, 0.25638124346733093, 0.2939445972442627, 0.3293808698654175, 0.36296162009239197, 0.39903149008750916, 0.4305756688117981, 0.45777517557144165, 0.48538196086883545, 0.5036658048629761, 0.5228095650672913, 0.5433562397956848, 0.5569334030151367, 0.5708725452423096, 0.583001434803009, 0.5922791361808777, 0.6078928112983704, 0.6162201166152954, 0.628575325012207, 0.6350923180580139, 0.6444605588912964, 0.6541907787322998, 0.6623823046684265, 0.6674058437347412, 0.6769551038742065, 0.6815713047981262, 0.6911205649375916, 0.694243311882019], "finalValData": [0.3154147267341614, 0.33499467372894287, 0.35137060284614563, 0.3923104405403137, 0.49234601855278015, 0.46600213646888733, 0.4951940178871155, 0.4983980059623718, 0.5347098708152771, 0.5428978204727173, 0.5660377144813538, 0.5439658164978027, 0.5400498509407043, 0.5631897449493408, 0.5660377144813538, 0.5660377144813538, 0.546457827091217, 0.5137059688568115, 0.5525097846984863, 0.5008900165557861, 0.558205783367157, 0.5222499370574951, 0.5517978072166443, 0.5190459489822388, 0.5453898310661316, 0.5350658893585205, 0.5432538390159607, 0.5019580125808716, 0.5151299238204956, 0.5525097846984863]}