{"parameters": [[128, 0.4, 30, 16]], "report": {"air_conditioner": {"precision": 0.3254759746146872, "recall": 0.44875, "f1-score": 0.37729900157645824, "support": 800}, "car_horn": {"precision": 0.4117647058823529, "recall": 0.36363636363636365, "f1-score": 0.38620689655172413, "support": 77}, "children_playing": {"precision": 0.36444805194805197, "recall": 0.5697969543147208, "f1-score": 0.44455445544554456, "support": 788}, "dog_bark": {"precision": 0.825, "recall": 0.5172413793103449, "f1-score": 0.6358381502890172, "support": 638}, "drilling": {"precision": 0.4861111111111111, "recall": 0.23972602739726026, "f1-score": 0.3211009174311926, "support": 730}, "engine_idling": {"precision": 0.6276445698166432, "recall": 0.5756791720569211, "f1-score": 0.6005398110661269, "support": 773}, "gun_shot": {"precision": 0.9807692307692307, "recall": 0.3923076923076923, "f1-score": 0.5604395604395603, "support": 130}, "jackhammer": {"precision": 0.49442896935933145, "recall": 0.6173913043478261, "f1-score": 0.5491105955143077, "support": 575}, "siren": {"precision": 0.6946983546617916, "recall": 0.6239737274220033, "f1-score": 0.6574394463667821, "support": 609}, "street_music": {"precision": 0.3433652530779754, "recall": 0.31375, "f1-score": 0.3278902677988243, "support": 800}, "accuracy": 0.4768581081081081, "macro avg": {"precision": 0.5553706221241175, "recall": 0.4662252620793132, "f1-score": 0.4860419102479538, "support": 5920}, "weighted avg": {"precision": 0.5160831500662431, "recall": 0.4768581081081081, "f1-score": 0.47930072620005365, "support": 5920}}, "finalAcc": 0.4845220744609833, "finalVal": 0.46671414375305176, "finalAccData": [0.12789645791053772, 0.14799058437347412, 0.1488504707813263, 0.15591056644916534, 0.15776611864566803, 0.1670890599489212, 0.17668356001377106, 0.18492034077644348, 0.18926502764225006, 0.20175597071647644, 0.21221035718917847, 0.2229815423488617, 0.22782404720783234, 0.23624184727668762, 0.2494116574525833, 0.2590514123439789, 0.2936277985572815, 0.32177770137786865, 0.34223389625549316, 0.35599204897880554, 0.3624638020992279, 0.3845039904117584, 0.4055032730102539, 0.42980629205703735, 0.43890297412872314, 0.44985517859458923, 0.46053585410118103, 0.4664645195007324, 0.47601374983787537, 0.4845220744609833], "finalValData": [0.18049128353595734, 0.2011391967535019, 0.19829121232032776, 0.20647917687892914, 0.19010323286056519, 0.18049128353595734, 0.18761125206947327, 0.21146315336227417, 0.2338910698890686, 0.2623709440231323, 0.31078675389289856, 0.30437877774238586, 0.30437877774238586, 0.3004628121852875, 0.3047347664833069, 0.34033462405204773, 0.3421146273612976, 0.34104663133621216, 0.36489853262901306, 0.38234245777130127, 0.39943039417266846, 0.42933428287506104, 0.4542541801929474, 0.484514057636261, 0.4809540808200836, 0.484870046377182, 0.4610181450843811, 0.4930580258369446, 0.4734781086444855, 0.46671414375305176]}