{"parameters": [[256, 0.5, 40, 32]], "report": {"air_conditioner": {"precision": 0.3349875930521092, "recall": 0.50625, "f1-score": 0.40318566450970633, "support": 800}, "car_horn": {"precision": 0.3246753246753247, "recall": 0.3246753246753247, "f1-score": 0.3246753246753247, "support": 77}, "children_playing": {"precision": 0.39705882352941174, "recall": 0.5482233502538071, "f1-score": 0.46055437100213215, "support": 788}, "dog_bark": {"precision": 0.7777777777777778, "recall": 0.54858934169279, "f1-score": 0.6433823529411765, "support": 638}, "drilling": {"precision": 0.45, "recall": 0.3082191780821918, "f1-score": 0.3658536585365853, "support": 730}, "engine_idling": {"precision": 0.7554744525547445, "recall": 0.535575679172057, "f1-score": 0.6267978803936411, "support": 773}, "gun_shot": {"precision": 0.9807692307692307, "recall": 0.3923076923076923, "f1-score": 0.5604395604395603, "support": 130}, "jackhammer": {"precision": 0.5298102981029811, "recall": 0.68, "f1-score": 0.5955826351865957, "support": 575}, "siren": {"precision": 0.6175438596491228, "recall": 0.5779967159277504, "f1-score": 0.5971162001696353, "support": 609}, "street_music": {"precision": 0.4127906976744186, "recall": 0.355, "f1-score": 0.3817204301075269, "support": 800}, "accuracy": 0.4947635135135135, "macro avg": {"precision": 0.5580888057785122, "recall": 0.4776837282111613, "f1-score": 0.4959308077961884, "support": 5920}, "weighted avg": {"precision": 0.532607110051515, "recall": 0.4947635135135135, "f1-score": 0.4994710333595731, "support": 5920}}, "finalAcc": 0.5090966820716858, "finalVal": 0.45995014905929565, "finalAccData": [0.12047429382801056, 0.1394822597503662, 0.14830738306045532, 0.14907675981521606, 0.15029869973659515, 0.15441708266735077, 0.15247103571891785, 0.15491491556167603, 0.163604274392128, 0.1645546704530716, 0.17405864596366882, 0.17392288148403168, 0.1825217306613922, 0.18768103420734406, 0.1969587206840515, 0.20252534747123718, 0.20370203256607056, 0.2120293229818344, 0.2201755940914154, 0.22977009415626526, 0.22995112836360931, 0.23759956657886505, 0.24628892540931702, 0.25891563296318054, 0.2628077566623688, 0.278874009847641, 0.29851555824279785, 0.3231354057788849, 0.33467596769332886, 0.3448135554790497, 0.3536839187145233, 0.38169804215431213, 0.4004797339439392, 0.41826575994491577, 0.43297430872917175, 0.4465966820716858, 0.46307024359703064, 0.47719043493270874, 0.49045076966285706, 0.5090966820716858], "finalValData": [0.2164471298456192, 0.23958703875541687, 0.23104307055473328, 0.2249910980463028, 0.22641509771347046, 0.22249911725521088, 0.22819508612155914, 0.22570309042930603, 0.21751512587070465, 0.21466714143753052, 0.2274830937385559, 0.24136702716350555, 0.24848701059818268, 0.25667497515678406, 0.2851548492908478, 0.2947668135166168, 0.30437877774238586, 0.33677464723587036, 0.3225347101688385, 0.32609468698501587, 0.3396226465702057, 0.3478105962276459, 0.39729440212249756, 0.33926665782928467, 0.4093983769416809, 0.3901744484901428, 0.4264862835407257, 0.3417586386203766, 0.33855465054512024, 0.3663225471973419, 0.39693841338157654, 0.4311142861843109, 0.4311142861843109, 0.4549661874771118, 0.484514057636261, 0.46208614110946655, 0.47098612785339355, 0.4759700894355774, 0.4528301954269409, 0.45995014905929565]}