{"parameters": [[128, 0.5, 30, 32]], "report": {"air_conditioner": {"precision": 0.12178899082568807, "recall": 0.66375, "f1-score": 0.20581395348837211, "support": 800}, "car_horn": {"precision": 0.0, "recall": 0.0, "f1-score": 0.0, "support": 77}, "children_playing": {"precision": 0.0, "recall": 0.0, "f1-score": 0.0, "support": 788}, "dog_bark": {"precision": 0.0, "recall": 0.0, "f1-score": 0.0, "support": 638}, "drilling": {"precision": 0.47246376811594204, "recall": 0.2232876712328767, "f1-score": 0.3032558139534884, "support": 730}, "engine_idling": {"precision": 0.4179278230500582, "recall": 0.4644243208279431, "f1-score": 0.43995098039215685, "support": 773}, "gun_shot": {"precision": 0.0, "recall": 0.0, "f1-score": 0.0, "support": 130}, "jackhammer": {"precision": 0.32996632996632996, "recall": 0.17043478260869566, "f1-score": 0.22477064220183487, "support": 575}, "siren": {"precision": 0.0, "recall": 0.0, "f1-score": 0.0, "support": 609}, "street_music": {"precision": 0.11764705882352941, "recall": 0.0025, "f1-score": 0.004895960832313342, "support": 800}, "accuracy": 0.1947635135135135, "macro avg": {"precision": 0.1459793970781548, "recall": 0.15243967746695156, "f1-score": 0.11786873508681657, "support": 5920}, "weighted avg": {"precision": 0.1772358509108693, "recall": 0.1947635135135135, "f1-score": 0.14514694303239647, "support": 5920}}, "finalAcc": 0.21714337170124054, "finalVal": 0.29797080159187317, "finalAccData": [0.12839427590370178, 0.14314807951450348, 0.13830557465553284, 0.13907495141029358, 0.13708363473415375, 0.1328747272491455, 0.13803403079509735, 0.13898442685604095, 0.1435553878545761, 0.14269551634788513, 0.15079651772975922, 0.14572773873806, 0.15337617695331573, 0.15283308923244476, 0.16043627262115479, 0.16401158273220062, 0.16170348227024078, 0.17324402928352356, 0.17170529067516327, 0.17473751306533813, 0.18111875653266907, 0.17976103723049164, 0.18324583768844604, 0.18632331490516663, 0.20112237334251404, 0.2056933343410492, 0.2094496786594391, 0.21587617695331573, 0.2154235988855362, 0.21714337170124054], "finalValData": [0.2054111808538437, 0.19544321298599243, 0.16340334713459015, 0.15663936734199524, 0.15948736667633057, 0.1598433554172516, 0.15913136303424835, 0.18262727558612823, 0.18583126366138458, 0.19152723252773285, 0.1904592365026474, 0.19544321298599243, 0.18867924809455872, 0.20185118913650513, 0.21502314507961273, 0.19117122888565063, 0.19971519708633423, 0.19188323616981506, 0.22855108976364136, 0.23033107817173004, 0.24065503478050232, 0.2527589797973633, 0.2613029479980469, 0.28693485260009766, 0.29725882411003113, 0.3029547929763794, 0.2851548492908478, 0.289782851934433, 0.3054467737674713, 0.29797080159187317]}