{"parameters": [[512, 0.4, 30, 16]], "report": {"air_conditioner": {"precision": 0.4828042328042328, "recall": 0.45625, "f1-score": 0.46915167095115673, "support": 800}, "car_horn": {"precision": 0.2265625, "recall": 0.37662337662337664, "f1-score": 0.2829268292682927, "support": 77}, "children_playing": {"precision": 0.41719242902208203, "recall": 0.6713197969543148, "f1-score": 0.5145914396887159, "support": 788}, "dog_bark": {"precision": 0.7383367139959433, "recall": 0.5705329153605015, "f1-score": 0.6436781609195402, "support": 638}, "drilling": {"precision": 0.4197952218430034, "recall": 0.336986301369863, "f1-score": 0.3738601823708207, "support": 730}, "engine_idling": {"precision": 0.7761806981519507, "recall": 0.4890038809831824, "f1-score": 0.6000000000000001, "support": 773}, "gun_shot": {"precision": 0.87, "recall": 0.6692307692307692, "f1-score": 0.7565217391304347, "support": 130}, "jackhammer": {"precision": 0.5025641025641026, "recall": 0.5113043478260869, "f1-score": 0.5068965517241378, "support": 575}, "siren": {"precision": 0.7595959595959596, "recall": 0.6174055829228243, "f1-score": 0.681159420289855, "support": 609}, "street_music": {"precision": 0.41193737769080235, "recall": 0.52625, "f1-score": 0.4621295279912185, "support": 800}, "accuracy": 0.5217905405405405, "macro avg": {"precision": 0.5604969235668077, "recall": 0.522490697127092, "f1-score": 0.5290915522334173, "support": 5920}, "weighted avg": {"precision": 0.5581337075135117, "recall": 0.5217905405405405, "f1-score": 0.5277588529669747, "support": 5920}}, "finalAcc": 0.7239772081375122, "finalVal": 0.5258098840713501, "finalAccData": [0.18921977281570435, 0.2522175908088684, 0.3093772530555725, 0.35567522048950195, 0.38993483781814575, 0.4296252727508545, 0.4600380063056946, 0.4829833507537842, 0.5068337917327881, 0.520003616809845, 0.5342596173286438, 0.5486513376235962, 0.5727733373641968, 0.583408772945404, 0.5993844866752625, 0.6092957854270935, 0.6236875653266907, 0.6429670453071594, 0.6512943506240845, 0.6613414287567139, 0.6738775968551636, 0.6777244806289673, 0.6884503960609436, 0.6927497982978821, 0.7013486623764038, 0.7085897922515869, 0.7116219997406006, 0.7188178896903992, 0.728005051612854, 0.7239772081375122], "finalValData": [0.3837664723396301, 0.4713421165943146, 0.5350658893585205, 0.5528658032417297, 0.5574937462806702, 0.515485942363739, 0.5525097846984863, 0.5347098708152771, 0.5688857436180115, 0.5407618284225464, 0.5208259224891663, 0.5247418880462646, 0.5475258231163025, 0.5293698906898499, 0.5222499370574951, 0.5293698906898499, 0.5489497780799866, 0.5671057105064392, 0.48629406094551086, 0.5446777939796448, 0.5332858562469482, 0.5322178602218628, 0.5186899304389954, 0.5297259092330933, 0.5275899171829224, 0.5083659887313843, 0.5094339847564697, 0.5283018946647644, 0.5386258363723755, 0.5258098840713501]}