{"parameters": [[256, 0.4, 50, 16]], "report": {"air_conditioner": {"precision": 0.42, "recall": 0.39375, "f1-score": 0.4064516129032258, "support": 800}, "car_horn": {"precision": 0.19727891156462585, "recall": 0.37662337662337664, "f1-score": 0.25892857142857145, "support": 77}, "children_playing": {"precision": 0.43155893536121676, "recall": 0.5761421319796954, "f1-score": 0.49347826086956526, "support": 788}, "dog_bark": {"precision": 0.7505197505197505, "recall": 0.5658307210031348, "f1-score": 0.6452189454870421, "support": 638}, "drilling": {"precision": 0.43782837127845886, "recall": 0.3424657534246575, "f1-score": 0.3843197540353574, "support": 730}, "engine_idling": {"precision": 0.6618444846292948, "recall": 0.47347994825355755, "f1-score": 0.5520361990950226, "support": 773}, "gun_shot": {"precision": 0.9484536082474226, "recall": 0.7076923076923077, "f1-score": 0.8105726872246697, "support": 130}, "jackhammer": {"precision": 0.4703125, "recall": 0.5234782608695652, "f1-score": 0.49547325102880657, "support": 575}, "siren": {"precision": 0.717607973421927, "recall": 0.7093596059113301, "f1-score": 0.7134599504541701, "support": 609}, "street_music": {"precision": 0.38656280428432327, "recall": 0.49625, "f1-score": 0.43459222769567596, "support": 800}, "accuracy": 0.50625, "macro avg": {"precision": 0.5421967339307019, "recall": 0.5165072105757625, "f1-score": 0.5194531460222107, "support": 5920}, "weighted avg": {"precision": 0.5306272249243263, "recall": 0.50625, "f1-score": 0.511035339547077, "support": 5920}}, "finalAcc": 0.7283671498298645, "finalVal": 0.5008900165557861, "finalAccData": [0.1569967418909073, 0.1793084740638733, 0.18116401135921478, 0.19415278732776642, 0.21365858614444733, 0.24189898371696472, 0.2675597369670868, 0.28819695115089417, 0.30602824687957764, 0.3286115229129791, 0.33816075325012207, 0.3659485876560211, 0.38332730531692505, 0.399755597114563, 0.4145546853542328, 0.43636858463287354, 0.46967777609825134, 0.4895908832550049, 0.5044351816177368, 0.5217233896255493, 0.5375633835792542, 0.5513667464256287, 0.5631335973739624, 0.5749909281730652, 0.5906499028205872, 0.6007874608039856, 0.609250545501709, 0.6192976236343384, 0.6316527724266052, 0.6380340456962585, 0.6472212076187134, 0.6574493050575256, 0.6617034673690796, 0.6684015393257141, 0.6736060976982117, 0.6806209087371826, 0.6844677925109863, 0.6909847855567932, 0.6885409355163574, 0.6995383501052856, 0.6998099088668823, 0.7013939023017883, 0.7042450904846191, 0.7128891944885254, 0.7159214615821838, 0.7190894484519958, 0.7181390523910522, 0.7154688835144043, 0.7262852787971497, 0.7283671498298645], "finalValData": [0.2769668996334076, 0.23887504637241364, 0.2851548492908478, 0.3175507187843323, 0.33214667439460754, 0.3527945876121521, 0.40405839681625366, 0.3595585525035858, 0.3616945445537567, 0.37308651208877563, 0.4482021927833557, 0.46885013580322266, 0.44072625041007996, 0.45176219940185547, 0.44286224246025085, 0.4692061245441437, 0.4692061245441437, 0.5040940046310425, 0.4887860417366028, 0.5240299105644226, 0.4894980490207672, 0.5165539383888245, 0.5172659158706665, 0.5108579397201538, 0.5275899171829224, 0.5393378138542175, 0.5386258363723755, 0.5332858562469482, 0.5122819542884827, 0.5446777939796448, 0.5290138721466064, 0.5315058827400208, 0.5379138588905334, 0.5176219344139099, 0.5119259357452393, 0.5322178602218628, 0.4930580258369446, 0.527945876121521, 0.5510857701301575, 0.5382698178291321, 0.5297259092330933, 0.5357778668403625, 0.48629406094551086, 0.5432538390159607, 0.5414738059043884, 0.5329298973083496, 0.5461018085479736, 0.5090779662132263, 0.536845862865448, 0.5008900165557861]}