{"parameters": [[64, 0.5, 40, 32]], "report": {"air_conditioner": {"precision": 0.0, "recall": 0.0, "f1-score": 0.0, "support": 800}, "car_horn": {"precision": 0.0, "recall": 0.0, "f1-score": 0.0, "support": 77}, "children_playing": {"precision": 0.23558897243107768, "recall": 0.23857868020304568, "f1-score": 0.23707440100882723, "support": 788}, "dog_bark": {"precision": 1.0, "recall": 0.05799373040752351, "f1-score": 0.10962962962962962, "support": 638}, "drilling": {"precision": 0.4306784660766962, "recall": 0.2, "f1-score": 0.2731524789522919, "support": 730}, "engine_idling": {"precision": 0.2002281802624073, "recall": 0.908150064683053, "f1-score": 0.32811404533769567, "support": 773}, "gun_shot": {"precision": 0.0, "recall": 0.0, "f1-score": 0.0, "support": 130}, "jackhammer": {"precision": 0.2657718120805369, "recall": 0.3443478260869565, "f1-score": 0.30000000000000004, "support": 575}, "siren": {"precision": 0.0, "recall": 0.0, "f1-score": 0.0, "support": 609}, "street_music": {"precision": 0.12525252525252525, "recall": 0.0775, "f1-score": 0.09575289575289576, "support": 800}, "accuracy": 0.2251689189189189, "macro avg": {"precision": 0.22575199561032436, "recall": 0.18265703013805787, "f1-score": 0.134372345068134, "support": 5920}, "weighted avg": {"precision": 0.2611210449329134, "recall": 0.2251689189189189, "f1-score": 0.16197535726050472, "support": 5920}}, "finalAcc": 0.2009866088628769, "finalVal": 0.2773228883743286, "finalAccData": [0.11993120610713959, 0.13708363473415375, 0.13260318338871002, 0.13138124346733093, 0.1312907338142395, 0.1309739351272583, 0.13070239126682281, 0.13024981319904327, 0.12898261845111847, 0.1316075325012207, 0.13138124346733093, 0.13133598864078522, 0.13174329698085785, 0.13355357944965363, 0.13233163952827454, 0.13450397551059723, 0.13608798384666443, 0.13459450006484985, 0.14215242862701416, 0.1384866088628769, 0.1441890001296997, 0.15161114931106567, 0.1472664773464203, 0.15070600807666779, 0.15373823046684265, 0.15301412343978882, 0.15586531162261963, 0.15414555370807648, 0.15654416382312775, 0.1582639366388321, 0.15835444629192352, 0.15930485725402832, 0.16183924674987793, 0.16220130026340485, 0.16256335377693176, 0.1686730682849884, 0.1768645942211151, 0.18320058286190033, 0.19143736362457275, 0.2009866088628769], "finalValData": [0.13314346969127655, 0.12210751324892044, 0.13029548525810242, 0.12210751324892044, 0.12602350115776062, 0.12388750165700912, 0.12246350944042206, 0.11997152119874954, 0.11890352517366409, 0.11854752898216248, 0.11819152534008026, 0.11819152534008026, 0.11783552914857864, 0.12139551341533661, 0.1253114938735962, 0.12139551341533661, 0.1274474859237671, 0.14845140278339386, 0.15948736667633057, 0.16625133156776428, 0.18227127194404602, 0.17443929612636566, 0.1840512603521347, 0.18440726399421692, 0.18049128353595734, 0.18262727558612823, 0.18761125206947327, 0.17799928784370422, 0.18547526001930237, 0.18547526001930237, 0.18476326763629913, 0.20434318482875824, 0.18689925968647003, 0.18689925968647003, 0.18476326763629913, 0.19544321298599243, 0.24777500331401825, 0.24991099536418915, 0.2573869824409485, 0.2773228883743286]}