{"parameters": [[512, 0.3, 30, 32]], "report": {"air_conditioner": {"precision": 0.402457757296467, "recall": 0.3275, "f1-score": 0.3611302549965541, "support": 800}, "car_horn": {"precision": 0.2413793103448276, "recall": 0.36363636363636365, "f1-score": 0.29015544041450775, "support": 77}, "children_playing": {"precision": 0.3790322580645161, "recall": 0.5964467005076142, "f1-score": 0.4635108481262327, "support": 788}, "dog_bark": {"precision": 0.673721340388007, "recall": 0.5987460815047022, "f1-score": 0.6340248962655601, "support": 638}, "drilling": {"precision": 0.43026706231454004, "recall": 0.3972602739726027, "f1-score": 0.4131054131054131, "support": 730}, "engine_idling": {"precision": 0.7873684210526316, "recall": 0.48382923673997413, "f1-score": 0.5993589743589745, "support": 773}, "gun_shot": {"precision": 0.847457627118644, "recall": 0.7692307692307693, "f1-score": 0.8064516129032259, "support": 130}, "jackhammer": {"precision": 0.547244094488189, "recall": 0.4834782608695652, "f1-score": 0.5133887349953832, "support": 575}, "siren": {"precision": 0.7207357859531772, "recall": 0.7077175697865353, "f1-score": 0.7141673570836786, "support": 609}, "street_music": {"precision": 0.44912641315519014, "recall": 0.54625, "f1-score": 0.4929498025944727, "support": 800}, "accuracy": 0.5155405405405405, "macro avg": {"precision": 0.5478790070176189, "recall": 0.5274095256248126, "f1-score": 0.5288243334844003, "support": 5920}, "weighted avg": {"precision": 0.5430504834873614, "recall": 0.5155405405405405, "f1-score": 0.5194589592290204, "support": 5920}}, "finalAcc": 0.7785119414329529, "finalVal": 0.5550017952919006, "finalAccData": [0.18740949034690857, 0.24610789120197296, 0.2940351068973541, 0.3417813181877136, 0.3916998505592346, 0.4287201166152954, 0.4704923927783966, 0.5066527724266052, 0.5384232401847839, 0.5607349872589111, 0.587255597114563, 0.6058562397956848, 0.6190260648727417, 0.6363595128059387, 0.6536929607391357, 0.6622012853622437, 0.6775434613227844, 0.6859612464904785, 0.6981354355812073, 0.7092686295509338, 0.7173243761062622, 0.7287744283676147, 0.7346125841140747, 0.7426230907440186, 0.749592661857605, 0.7549329996109009, 0.7683743834495544, 0.7675144672393799, 0.774665117263794, 0.7785119414329529], "finalValData": [0.3339266777038574, 0.35386258363723755, 0.441438227891922, 0.4788180887699127, 0.472054123878479, 0.5069419741630554, 0.5033819675445557, 0.5574937462806702, 0.5446777939796448, 0.5614097714424133, 0.5688857436180115, 0.4951940178871155, 0.5414738059043884, 0.5574937462806702, 0.5532217621803284, 0.5703096985816956, 0.5557137727737427, 0.5585617423057556, 0.5685297250747681, 0.5436097979545593, 0.5574937462806702, 0.5258098840713501, 0.5639017224311829, 0.5628337264060974, 0.5585617423057556, 0.598789632320404, 0.5485938191413879, 0.536845862865448, 0.54930579662323, 0.5550017952919006]}