{"parameters": [[128, 0.3, 30, 32]], "report": {"air_conditioner": {"precision": 0.24756493506493507, "recall": 0.38125, "f1-score": 0.3001968503937008, "support": 800}, "car_horn": {"precision": 0.08695652173913043, "recall": 0.05194805194805195, "f1-score": 0.06504065040650407, "support": 77}, "children_playing": {"precision": 0.34127740705433746, "recall": 0.4543147208121827, "f1-score": 0.38976592270005445, "support": 788}, "dog_bark": {"precision": 0.7726218097447796, "recall": 0.5219435736677116, "f1-score": 0.6230121608980357, "support": 638}, "drilling": {"precision": 0.4063745019920319, "recall": 0.27945205479452057, "f1-score": 0.3311688311688312, "support": 730}, "engine_idling": {"precision": 0.5650842266462481, "recall": 0.47736093143596375, "f1-score": 0.517531556802244, "support": 773}, "gun_shot": {"precision": 0.855072463768116, "recall": 0.45384615384615384, "f1-score": 0.592964824120603, "support": 130}, "jackhammer": {"precision": 0.5834633385335414, "recall": 0.6504347826086957, "f1-score": 0.6151315789473685, "support": 575}, "siren": {"precision": 0.6130742049469965, "recall": 0.5697865353037767, "f1-score": 0.5906382978723405, "support": 609}, "street_music": {"precision": 0.35841313269493846, "recall": 0.3275, "f1-score": 0.34225996080992815, "support": 800}, "accuracy": 0.44172297297297297, "macro avg": {"precision": 0.4829902542185055, "recall": 0.41678368044170566, "f1-score": 0.4367710634119611, "support": 5920}, "weighted avg": {"precision": 0.4741239767177187, "recall": 0.44172297297297297, "f1-score": 0.4486285191521699, "support": 5920}}, "finalAcc": 0.46940621733665466, "finalVal": 0.5510857701301575, "finalAccData": [0.131562277674675, 0.15007241070270538, 0.15070600807666779, 0.15749457478523254, 0.1702118068933487, 0.1871832013130188, 0.1953747272491455, 0.21782222390174866, 0.22619478404521942, 0.24040549993515015, 0.25547611713409424, 0.27434828877449036, 0.28692975640296936, 0.2958453893661499, 0.30629977583885193, 0.30978459119796753, 0.31987690925598145, 0.32331642508506775, 0.3354000747203827, 0.3567161560058594, 0.3778511881828308, 0.3998008668422699, 0.4089427888393402, 0.42197683453559875, 0.42451122403144836, 0.43175235390663147, 0.439083993434906, 0.4522990584373474, 0.4638848602771759, 0.46940621733665466], "finalValData": [0.2335350662469864, 0.1598433554172516, 0.18583126366138458, 0.20007120072841644, 0.18939124047756195, 0.19366322457790375, 0.18689925968647003, 0.2872908413410187, 0.3050907850265503, 0.2872908413410187, 0.2876468598842621, 0.3218227028846741, 0.377002477645874, 0.3203987181186676, 0.3805624842643738, 0.3531505763530731, 0.3599145710468292, 0.4268423020839691, 0.45140618085861206, 0.4741901159286499, 0.4930580258369446, 0.46030616760253906, 0.48558205366134644, 0.48807403445243835, 0.4983980059623718, 0.5019580125808716, 0.4887860417366028, 0.5133499503135681, 0.5190459489822388, 0.5510857701301575]}