{"parameters": [[64, 0.4, 40, 32]], "report": {"air_conditioner": {"precision": 0.11977715877437325, "recall": 0.43, "f1-score": 0.18736383442265794, "support": 800}, "car_horn": {"precision": 0.0, "recall": 0.0, "f1-score": 0.0, "support": 77}, "children_playing": {"precision": 0.16666666666666666, "recall": 0.04187817258883249, "f1-score": 0.06693711967545639, "support": 788}, "dog_bark": {"precision": 0.0, "recall": 0.0, "f1-score": 0.0, "support": 638}, "drilling": {"precision": 0.4008810572687225, "recall": 0.2493150684931507, "f1-score": 0.30743243243243246, "support": 730}, "engine_idling": {"precision": 0.5279831045406547, "recall": 0.6468305304010349, "f1-score": 0.5813953488372092, "support": 773}, "gun_shot": {"precision": 0.0, "recall": 0.0, "f1-score": 0.0, "support": 130}, "jackhammer": {"precision": 0.3593350383631714, "recall": 0.48869565217391303, "f1-score": 0.41414885777450255, "support": 575}, "siren": {"precision": 0.1951219512195122, "recall": 0.052545155993431854, "f1-score": 0.08279430789133246, "support": 609}, "street_music": {"precision": 0.23856858846918488, "recall": 0.15, "f1-score": 0.18419033000767462, "support": 800}, "accuracy": 0.252027027027027, "macro avg": {"precision": 0.20083335653022855, "recall": 0.20592645796503625, "f1-score": 0.18242622310412654, "support": 5920}, "weighted avg": {"precision": 0.2439579321107736, "recall": 0.252027027027027, "f1-score": 0.22168773461174401, "support": 5920}}, "finalAcc": 0.2654779255390167, "finalVal": 0.3592025637626648, "finalAccData": [0.10816437005996704, 0.12889210879802704, 0.13088341057300568, 0.12730811536312103, 0.12902787327766418, 0.1325126737356186, 0.1299782693386078, 0.13337256014347076, 0.13491129875183105, 0.1401158571243286, 0.14083996415138245, 0.14301231503486633, 0.1451393961906433, 0.1476285308599472, 0.15025344491004944, 0.15161114931106567, 0.15681570768356323, 0.15613685548305511, 0.158625990152359, 0.16025525331497192, 0.16727009415626526, 0.1674058586359024, 0.16908037662506104, 0.17392288148403168, 0.17202208936214447, 0.17926321923732758, 0.17939898371696472, 0.18695691227912903, 0.2013034075498581, 0.2120293229818344, 0.22053764760494232, 0.22415821254253387, 0.2273714691400528, 0.23565350472927094, 0.24642468988895416, 0.25140297412872314, 0.25108617544174194, 0.2572411298751831, 0.262581467628479, 0.2654779255390167], "finalValData": [0.1082235649228096, 0.10786756873130798, 0.10359558463096619, 0.11890352517366409, 0.12032751739025116, 0.12281950563192368, 0.12495549768209457, 0.12637948989868164, 0.12815949320793152, 0.13100747764110565, 0.1669633388519287, 0.16518333554267883, 0.17123530805110931, 0.18084727227687836, 0.18120327591896057, 0.18084727227687836, 0.20505517721176147, 0.20612317323684692, 0.20434318482875824, 0.20897115767002106, 0.20968316495418549, 0.21680313348770142, 0.21715913712978363, 0.22178710997104645, 0.220719113945961, 0.2313990741968155, 0.21893912553787231, 0.26771092414855957, 0.2548949718475342, 0.2812388837337494, 0.27625489234924316, 0.27162691950798035, 0.24813100695610046, 0.33036667108535767, 0.2986828088760376, 0.3556425869464874, 0.28052687644958496, 0.32538270950317383, 0.35208258032798767, 0.3592025637626648]}