{"parameters": [[64, 0.5, 50, 32]], "report": {"air_conditioner": {"precision": 0.2619047619047619, "recall": 0.1925, "f1-score": 0.2219020172910663, "support": 800}, "car_horn": {"precision": 0.0, "recall": 0.0, "f1-score": 0.0, "support": 77}, "children_playing": {"precision": 0.03896103896103896, "recall": 0.007614213197969543, "f1-score": 0.012738853503184714, "support": 788}, "dog_bark": {"precision": 0.0, "recall": 0.0, "f1-score": 0.0, "support": 638}, "drilling": {"precision": 0.4481792717086835, "recall": 0.2191780821917808, "f1-score": 0.2943882244710212, "support": 730}, "engine_idling": {"precision": 0.554726368159204, "recall": 0.5769728331177232, "f1-score": 0.5656309448319594, "support": 773}, "gun_shot": {"precision": 1.0, "recall": 0.17692307692307693, "f1-score": 0.3006535947712418, "support": 130}, "jackhammer": {"precision": 0.32723577235772355, "recall": 0.56, "f1-score": 0.413085311096857, "support": 575}, "siren": {"precision": 0.15830508474576271, "recall": 0.7668308702791461, "f1-score": 0.26243326777184606, "support": 609}, "street_music": {"precision": 0.11666666666666667, "recall": 0.00875, "f1-score": 0.01627906976744186, "support": 800}, "accuracy": 0.2677364864864865, "macro avg": {"precision": 0.29059789645038414, "recall": 0.2508769075709697, "f1-score": 0.20871112835046185, "support": 5920}, "weighted avg": {"precision": 0.2540711415893084, "recall": 0.2677364864864865, "f1-score": 0.21776183981423555, "support": 5920}}, "finalAcc": 0.24334721267223358, "finalVal": 0.2791028916835785, "finalAccData": [0.11554127186536789, 0.13215062022209167, 0.13169804215431213, 0.12703657150268555, 0.12567885220050812, 0.12364228814840317, 0.1243664026260376, 0.12391383200883865, 0.12328023463487625, 0.12391383200883865, 0.1243664026260376, 0.12386857718229294, 0.12708182632923126, 0.12771542370319366, 0.12205829471349716, 0.12146995216608047, 0.125, 0.12504525482654572, 0.12934467196464539, 0.12581463158130646, 0.12454742938280106, 0.12920890748500824, 0.12703657150268555, 0.13454924523830414, 0.14265024662017822, 0.15124909579753876, 0.15437182784080505, 0.15505069494247437, 0.15966691076755524, 0.1632874757051468, 0.15835444629192352, 0.16853728890419006, 0.17347031831741333, 0.1686730682849884, 0.1705286055803299, 0.16980448365211487, 0.17500905692577362, 0.17360608279705048, 0.17731715738773346, 0.1796252727508545, 0.18220491707324982, 0.18392468988895416, 0.18994387984275818, 0.18754525482654572, 0.1965966671705246, 0.20419985055923462, 0.20800144970417023, 0.23506517708301544, 0.24022448062896729, 0.24334721267223358], "finalValData": [0.15841937065124512, 0.15058739483356476, 0.15236738324165344, 0.09113563597202301, 0.09113563597202301, 0.09042363613843918, 0.09042363613843918, 0.09006763994693756, 0.09042363613843918, 0.08935564011335373, 0.08935564011335373, 0.11747953295707703, 0.11712352931499481, 0.11783552914857864, 0.11747953295707703, 0.11747953295707703, 0.11747953295707703, 0.1167675331234932, 0.11641153693199158, 0.1167675331234932, 0.11569953709840775, 0.1537913829088211, 0.16269135475158691, 0.18049128353595734, 0.21181915700435638, 0.20683516561985016, 0.21395514905452728, 0.21787112951278687, 0.21395514905452728, 0.2274830937385559, 0.2249910980463028, 0.24563901126384735, 0.2338910698890686, 0.2356710582971573, 0.22855108976364136, 0.2296190857887268, 0.23495906591415405, 0.22997507452964783, 0.2296190857887268, 0.24777500331401825, 0.23211106657981873, 0.22677108645439148, 0.23851904273033142, 0.2513349950313568, 0.31256675720214844, 0.3339266777038574, 0.33250266313552856, 0.2812388837337494, 0.2556069791316986, 0.2791028916835785]}