{"parameters": [[64, 0.4, 30, 16]], "report": {"air_conditioner": {"precision": 0.3869346733668342, "recall": 0.48125, "f1-score": 0.42896935933147634, "support": 800}, "car_horn": {"precision": 0.0, "recall": 0.0, "f1-score": 0.0, "support": 77}, "children_playing": {"precision": 0.2908704883227176, "recall": 0.3477157360406091, "f1-score": 0.31676300578034683, "support": 788}, "dog_bark": {"precision": 0.8159203980099502, "recall": 0.5141065830721003, "f1-score": 0.6307692307692309, "support": 638}, "drilling": {"precision": 0.32023575638506874, "recall": 0.2232876712328767, "f1-score": 0.2631154156577885, "support": 730}, "engine_idling": {"precision": 0.8905325443786982, "recall": 0.38939197930142305, "f1-score": 0.5418541854185418, "support": 773}, "gun_shot": {"precision": 0.0, "recall": 0.0, "f1-score": 0.0, "support": 130}, "jackhammer": {"precision": 0.3503448275862069, "recall": 0.44173913043478263, "f1-score": 0.39076923076923076, "support": 575}, "siren": {"precision": 0.16216216216216217, "recall": 0.20689655172413793, "f1-score": 0.18181818181818182, "support": 609}, "street_music": {"precision": 0.26542207792207795, "recall": 0.40875, "f1-score": 0.32185039370078744, "support": 800}, "accuracy": 0.36452702702702705, "macro avg": {"precision": 0.3482422928133716, "recall": 0.30131376518059294, "f1-score": 0.3075909003245584, "support": 5920}, "weighted avg": {"precision": 0.4212850255649391, "recall": 0.36452702702702705, "f1-score": 0.3714599559780055, "support": 5920}}, "finalAcc": 0.3260318636894226, "finalVal": 0.3527945876121521, "finalAccData": [0.092958003282547, 0.1325126737356186, 0.1325579285621643, 0.13147175312042236, 0.13056661188602448, 0.1312454789876938, 0.13201484084129333, 0.1362690031528473, 0.14020636677742004, 0.1447773426771164, 0.14708544313907623, 0.15604634582996368, 0.16437363624572754, 0.16812998056411743, 0.1727009415626526, 0.1805756688117981, 0.1903511881828308, 0.20741310715675354, 0.21963250637054443, 0.23456734418869019, 0.25239861011505127, 0.2612690031528473, 0.2704561948776245, 0.27086350321769714, 0.275706022977829, 0.28308290243148804, 0.28724655508995056, 0.3015477955341339, 0.31833815574645996, 0.3260318636894226], "finalValData": [0.11285154521465302, 0.14097543060779572, 0.13955144584178925, 0.14026343822479248, 0.14204342663288116, 0.15485937893390656, 0.1448914259672165, 0.1537913829088211, 0.15058739483356476, 0.17479529976844788, 0.17408330738544464, 0.16767533123493195, 0.19188323616981506, 0.1929512321949005, 0.23923105001449585, 0.25240299105644226, 0.23495906591415405, 0.268422931432724, 0.31470274925231934, 0.31292274594306946, 0.3702385127544403, 0.36739054322242737, 0.3723745048046112, 0.32823067903518677, 0.29975080490112305, 0.34069064259529114, 0.3317906856536865, 0.2983268201351166, 0.3446066081523895, 0.3527945876121521]}