{"parameters": [[256, 0.5, 50, 16]], "report": {"air_conditioner": {"precision": 0.4527027027027027, "recall": 0.5025, "f1-score": 0.476303317535545, "support": 800}, "car_horn": {"precision": 0.27722772277227725, "recall": 0.36363636363636365, "f1-score": 0.3146067415730337, "support": 77}, "children_playing": {"precision": 0.4184829991281604, "recall": 0.6091370558375635, "f1-score": 0.496124031007752, "support": 788}, "dog_bark": {"precision": 0.8733850129198967, "recall": 0.5297805642633229, "f1-score": 0.6595121951219513, "support": 638}, "drilling": {"precision": 0.37265917602996257, "recall": 0.2726027397260274, "f1-score": 0.31487341772151894, "support": 730}, "engine_idling": {"precision": 0.7057949479940565, "recall": 0.6144890038809832, "f1-score": 0.656984785615491, "support": 773}, "gun_shot": {"precision": 1.0, "recall": 0.45384615384615384, "f1-score": 0.6243386243386244, "support": 130}, "jackhammer": {"precision": 0.5016666666666667, "recall": 0.5234782608695652, "f1-score": 0.5123404255319148, "support": 575}, "siren": {"precision": 0.7261029411764706, "recall": 0.6486042692939245, "f1-score": 0.6851691240242844, "support": 609}, "street_music": {"precision": 0.3698074974670719, "recall": 0.45625, "f1-score": 0.408505875769446, "support": 800}, "accuracy": 0.5138513513513514, "macro avg": {"precision": 0.5697829666857265, "recall": 0.4974324411353904, "f1-score": 0.5148758538239562, "support": 5920}, "weighted avg": {"precision": 0.548076799688556, "recall": 0.5138513513513514, "f1-score": 0.5193447951452999, "support": 5920}}, "finalAcc": 0.6575398445129395, "finalVal": 0.5105019807815552, "finalAccData": [0.12205829471349716, 0.13147175312042236, 0.14817161858081818, 0.16043627262115479, 0.16039101779460907, 0.16604815423488617, 0.17976103723049164, 0.1921614706516266, 0.19863323867321014, 0.2104000747203827, 0.2164192646741867, 0.22280050814151764, 0.23597031831741333, 0.25805574655532837, 0.26244568824768066, 0.27833092212677, 0.2860698699951172, 0.2914102077484131, 0.3024981915950775, 0.35223570466041565, 0.38640478253364563, 0.40505069494247437, 0.428493857383728, 0.45370203256607056, 0.47384142875671387, 0.49262309074401855, 0.4996832013130188, 0.5171071887016296, 0.5249366164207458, 0.538830578327179, 0.5476104021072388, 0.5496469736099243, 0.5642650127410889, 0.5717324614524841, 0.5834540128707886, 0.5904688835144043, 0.5971216559410095, 0.6032313704490662, 0.6052679419517517, 0.6106082797050476, 0.6164464354515076, 0.6216962337493896, 0.6255430579185486, 0.6307023763656616, 0.6347755193710327, 0.642333447933197, 0.6475380063056946, 0.6490767598152161, 0.6523805260658264, 0.6575398445129395], "finalValData": [0.15201139450073242, 0.155927374958992, 0.22677108645439148, 0.225347101688385, 0.21680313348770142, 0.24492701888084412, 0.2570309638977051, 0.27589890360832214, 0.2773228883743286, 0.3093627691268921, 0.30366677045822144, 0.29725882411003113, 0.3446066081523895, 0.35208258032798767, 0.3463866114616394, 0.364186555147171, 0.4204343259334564, 0.37130650877952576, 0.385902464389801, 0.4204343259334564, 0.48344606161117554, 0.47063010931015015, 0.4439302384853363, 0.5186899304389954, 0.44072625041007996, 0.4610181450843811, 0.4464222192764282, 0.45069420337677, 0.4464222192764282, 0.4549661874771118, 0.4716981053352356, 0.46600213646888733, 0.46386614441871643, 0.46173015236854553, 0.48202207684516907, 0.5211819410324097, 0.5055179595947266, 0.5172659158706665, 0.5019580125808716, 0.5112139582633972, 0.5016019940376282, 0.45995014905929565, 0.46422213315963745, 0.5389818549156189, 0.4994660019874573, 0.5268778800964355, 0.5133499503135681, 0.5144179463386536, 0.5190459489822388, 0.5105019807815552]}