{"parameters": [[256, 0.3, 30, 16]], "report": {"air_conditioner": {"precision": 0.5856481481481481, "recall": 0.31625, "f1-score": 0.41071428571428575, "support": 800}, "car_horn": {"precision": 0.29292929292929293, "recall": 0.37662337662337664, "f1-score": 0.32954545454545453, "support": 77}, "children_playing": {"precision": 0.4081439393939394, "recall": 0.5469543147208121, "f1-score": 0.4674620390455531, "support": 788}, "dog_bark": {"precision": 0.7214953271028037, "recall": 0.6050156739811913, "f1-score": 0.6581415174765558, "support": 638}, "drilling": {"precision": 0.4405458089668616, "recall": 0.3095890410958904, "f1-score": 0.3636363636363636, "support": 730}, "engine_idling": {"precision": 0.5312145289443814, "recall": 0.6054333764553687, "f1-score": 0.56590084643289, "support": 773}, "gun_shot": {"precision": 0.9880952380952381, "recall": 0.6384615384615384, "f1-score": 0.7757009345794392, "support": 130}, "jackhammer": {"precision": 0.5705614567526556, "recall": 0.6539130434782608, "f1-score": 0.6094003241491085, "support": 575}, "siren": {"precision": 0.5788005578800558, "recall": 0.6814449917898193, "f1-score": 0.6259426847662142, "support": 609}, "street_music": {"precision": 0.4110169491525424, "recall": 0.485, "f1-score": 0.44495412844036697, "support": 800}, "accuracy": 0.5160472972972973, "macro avg": {"precision": 0.552845124736592, "recall": 0.5218685356606257, "f1-score": 0.5251398578786232, "support": 5920}, "weighted avg": {"precision": 0.5309224841358191, "recall": 0.5160472972972973, "f1-score": 0.5124164542048174, "support": 5920}}, "finalAcc": 0.7067342400550842, "finalVal": 0.49412602186203003, "finalAccData": [0.17519007623195648, 0.24198949337005615, 0.29566437005996704, 0.3404236137866974, 0.3689808249473572, 0.39215242862701416, 0.41966870427131653, 0.4350561201572418, 0.45048877596855164, 0.46718862652778625, 0.4836621880531311, 0.4908580780029297, 0.5101375579833984, 0.5170618891716003, 0.5390115976333618, 0.5534033179283142, 0.572003960609436, 0.5935463309288025, 0.600334882736206, 0.6149529218673706, 0.6260861754417419, 0.6444152593612671, 0.6530593633651733, 0.6656860709190369, 0.6746469736099243, 0.6817523241043091, 0.6846035718917847, 0.6967324614524841, 0.7041093707084656, 0.7067342400550842], "finalValData": [0.29085084795951843, 0.3787824809551239, 0.42506229877471924, 0.40156638622283936, 0.42577430605888367, 0.41936632990837097, 0.40156638622283936, 0.41651833057403564, 0.36917051672935486, 0.4528301954269409, 0.4247063100337982, 0.462798148393631, 0.4400142431259155, 0.4713421165943146, 0.43859025835990906, 0.48807403445243835, 0.5250979065895081, 0.4894980490207672, 0.5069419741630554, 0.4588821530342102, 0.5179779529571533, 0.4827340543270111, 0.503026008605957, 0.5033819675445557, 0.5008900165557861, 0.49697402119636536, 0.5407618284225464, 0.49448201060295105, 0.5382698178291321, 0.49412602186203003]}