{"parameters": [[64, 0.3, 30, 16]], "report": {"air_conditioner": {"precision": 0.2862903225806452, "recall": 0.5325, "f1-score": 0.3723776223776224, "support": 800}, "car_horn": {"precision": 0.0, "recall": 0.0, "f1-score": 0.0, "support": 77}, "children_playing": {"precision": 0.4190954773869347, "recall": 0.5291878172588832, "f1-score": 0.4677509814918676, "support": 788}, "dog_bark": {"precision": 0.8146067415730337, "recall": 0.45454545454545453, "f1-score": 0.5835010060362174, "support": 638}, "drilling": {"precision": 0.43160377358490565, "recall": 0.25068493150684934, "f1-score": 0.31715771230502604, "support": 730}, "engine_idling": {"precision": 0.5299806576402321, "recall": 0.35446313065976714, "f1-score": 0.4248062015503876, "support": 773}, "gun_shot": {"precision": 0.9272727272727272, "recall": 0.3923076923076923, "f1-score": 0.5513513513513514, "support": 130}, "jackhammer": {"precision": 0.30265848670756645, "recall": 0.2573913043478261, "f1-score": 0.2781954887218045, "support": 575}, "siren": {"precision": 0.582089552238806, "recall": 0.5763546798029556, "f1-score": 0.5792079207920792, "support": 609}, "street_music": {"precision": 0.3826787512588117, "recall": 0.475, "f1-score": 0.4238706079196876, "support": 800}, "accuracy": 0.42567567567567566, "macro avg": {"precision": 0.4676276490243662, "recall": 0.3822435010429428, "f1-score": 0.3998218892546043, "support": 5920}, "weighted avg": {"precision": 0.4660395306021426, "recall": 0.42567567567567566, "f1-score": 0.4260364913410058, "support": 5920}}, "finalAcc": 0.46058109402656555, "finalVal": 0.472054123878479, "finalAccData": [0.1321958750486374, 0.14364591240882874, 0.14568248391151428, 0.151022806763649, 0.15364772081375122, 0.16011947393417358, 0.16912563145160675, 0.1762309968471527, 0.185916006565094, 0.1937907338142395, 0.2007150650024414, 0.2075941413640976, 0.21365858614444733, 0.23796162009239197, 0.28688451647758484, 0.29380884766578674, 0.3093772530555725, 0.31711623072624207, 0.3410572111606598, 0.37929943203926086, 0.40120384097099304, 0.4089427888393402, 0.4189898669719696, 0.43075668811798096, 0.4362328052520752, 0.43953657150268555, 0.4428855776786804, 0.446370393037796, 0.4543808698654175, 0.46058109402656555], "finalValData": [0.21502314507961273, 0.2011391967535019, 0.1929512321949005, 0.20434318482875824, 0.2164471298456192, 0.18689925968647003, 0.1947312206029892, 0.2531149983406067, 0.25845497846603394, 0.2744748890399933, 0.27589890360832214, 0.26094695925712585, 0.3111427426338196, 0.3499465882778168, 0.39480242133140564, 0.3684585392475128, 0.3915984332561493, 0.3837664723396301, 0.45176219940185547, 0.4588821530342102, 0.4588821530342102, 0.46671414375305176, 0.462798148393631, 0.44749021530151367, 0.49448201060295105, 0.4788180887699127, 0.4781060814857483, 0.441082239151001, 0.4983980059623718, 0.472054123878479]}