{"parameters": [[512, 0.3, 40, 16]], "report": {"air_conditioner": {"precision": 0.36723910171730517, "recall": 0.3475, "f1-score": 0.35709698137443807, "support": 800}, "car_horn": {"precision": 0.25688073394495414, "recall": 0.36363636363636365, "f1-score": 0.3010752688172043, "support": 77}, "children_playing": {"precision": 0.4935521688159437, "recall": 0.5342639593908629, "f1-score": 0.5131017672151127, "support": 788}, "dog_bark": {"precision": 0.6906854130052724, "recall": 0.6159874608150471, "f1-score": 0.6512013256006629, "support": 638}, "drilling": {"precision": 0.35515548281505727, "recall": 0.29726027397260274, "f1-score": 0.32363907531692765, "support": 730}, "engine_idling": {"precision": 0.768796992481203, "recall": 0.5291073738680466, "f1-score": 0.6268199233716476, "support": 773}, "gun_shot": {"precision": 0.9259259259259259, "recall": 0.7692307692307693, "f1-score": 0.8403361344537816, "support": 130}, "jackhammer": {"precision": 0.46357615894039733, "recall": 0.48695652173913045, "f1-score": 0.47497879558948264, "support": 575}, "siren": {"precision": 0.7432675044883303, "recall": 0.6798029556650246, "f1-score": 0.7101200686106346, "support": 609}, "street_music": {"precision": 0.4098360655737705, "recall": 0.625, "f1-score": 0.4950495049504951, "support": 800}, "accuracy": 0.5135135135135135, "macro avg": {"precision": 0.547491554770816, "recall": 0.5248745678317848, "f1-score": 0.5293418845300387, "support": 5920}, "weighted avg": {"precision": 0.5344825173156087, "recall": 0.5135135135135135, "f1-score": 0.5169423269479838, "support": 5920}}, "finalAcc": 0.8540459871292114, "finalVal": 0.5283018946647644, "finalAccData": [0.19211621582508087, 0.21089789271354675, 0.22601376473903656, 0.2615858018398285, 0.31259050965309143, 0.35943156480789185, 0.40658941864967346, 0.4476375877857208, 0.4908580780029297, 0.5353910326957703, 0.5695148706436157, 0.5990224480628967, 0.6218772530555725, 0.6416546106338501, 0.667496383190155, 0.6803041100502014, 0.6963703632354736, 0.7145184874534607, 0.7203113436698914, 0.7369207143783569, 0.7471035718917847, 0.7541636228561401, 0.7654326558113098, 0.7764301300048828, 0.7841238379478455, 0.7856625914573669, 0.7969768047332764, 0.7986965775489807, 0.8079290390014648, 0.8148533701896667, 0.8158490061759949, 0.8198316693305969, 0.828249454498291, 0.8250362277030945, 0.8364409804344177, 0.8395637273788452, 0.8418265581130981, 0.8464428186416626, 0.8485698699951172, 0.8540459871292114], "finalValData": [0.27767887711524963, 0.2598789632320404, 0.3317906856536865, 0.31292274594306946, 0.3698825240135193, 0.3809184730052948, 0.46030616760253906, 0.4998219907283783, 0.49911001324653625, 0.5268778800964355, 0.5703096985816956, 0.5137059688568115, 0.5692417025566101, 0.5863296389579773, 0.5293698906898499, 0.5208259224891663, 0.5571377873420715, 0.5517978072166443, 0.5738697052001953, 0.5510857701301575, 0.5300818681716919, 0.5347098708152771, 0.5489497780799866, 0.570665717124939, 0.5400498509407043, 0.5372018218040466, 0.49270203709602356, 0.5105019807815552, 0.550017774105072, 0.5489497780799866, 0.5411178469657898, 0.5354218482971191, 0.5439658164978027, 0.5140619277954102, 0.5389818549156189, 0.5621217489242554, 0.5268778800964355, 0.5300818681716919, 0.5418298244476318, 0.5283018946647644]}