{"parameters": [[256, 0.3, 40, 32]], "report": {"air_conditioner": {"precision": 0.383638928067701, "recall": 0.34, "f1-score": 0.3605036447978794, "support": 800}, "car_horn": {"precision": 0.1986754966887417, "recall": 0.38961038961038963, "f1-score": 0.2631578947368421, "support": 77}, "children_playing": {"precision": 0.4288747346072187, "recall": 0.5126903553299492, "f1-score": 0.46705202312138727, "support": 788}, "dog_bark": {"precision": 0.7857142857142857, "recall": 0.5689655172413793, "f1-score": 0.66, "support": 638}, "drilling": {"precision": 0.4290718038528897, "recall": 0.3356164383561644, "f1-score": 0.3766333589546503, "support": 730}, "engine_idling": {"precision": 0.6130573248407644, "recall": 0.49805950840879687, "f1-score": 0.5496074232690935, "support": 773}, "gun_shot": {"precision": 0.9139784946236559, "recall": 0.6538461538461539, "f1-score": 0.7623318385650225, "support": 130}, "jackhammer": {"precision": 0.544055944055944, "recall": 0.6765217391304348, "f1-score": 0.6031007751937985, "support": 575}, "siren": {"precision": 0.6166134185303515, "recall": 0.6338259441707718, "f1-score": 0.6251012145748988, "support": 609}, "street_music": {"precision": 0.3704789833822092, "recall": 0.47375, "f1-score": 0.4157981349424026, "support": 800}, "accuracy": 0.4962837837837838, "macro avg": {"precision": 0.5284159414363762, "recall": 0.508288604609404, "f1-score": 0.5083286308155974, "support": 5920}, "weighted avg": {"precision": 0.5155598007591067, "recall": 0.4962837837837838, "f1-score": 0.4994566200264392, "support": 5920}}, "finalAcc": 0.711078941822052, "finalVal": 0.5194019079208374, "finalAccData": [0.1598479300737381, 0.22230267524719238, 0.27086350321769714, 0.3086531460285187, 0.33689355850219727, 0.3683924674987793, 0.3860427141189575, 0.4054127335548401, 0.4251900911331177, 0.44202569127082825, 0.46587616205215454, 0.4792722761631012, 0.490993857383728, 0.505159318447113, 0.5213160514831543, 0.5324493050575256, 0.5383780002593994, 0.5470673441886902, 0.5564808249473572, 0.5764844417572021, 0.5795618891716003, 0.587255597114563, 0.596261739730835, 0.606082558631897, 0.6073949933052063, 0.620248019695282, 0.6202027797698975, 0.636087954044342, 0.6372646689414978, 0.6438722014427185, 0.6487599611282349, 0.6598932147026062, 0.6651430130004883, 0.67292720079422, 0.6747827529907227, 0.6826574802398682, 0.6893102526664734, 0.6927950978279114, 0.7026610970497131, 0.711078941822052], "finalValData": [0.3463866114616394, 0.37166252732276917, 0.44677820801734924, 0.4610181450843811, 0.47917407751083374, 0.5254539251327515, 0.5208259224891663, 0.503026008605957, 0.4983980059623718, 0.5336418747901917, 0.4635101556777954, 0.49911001324653625, 0.5325738787651062, 0.5097899436950684, 0.5129939317703247, 0.5037379860877991, 0.506585955619812, 0.47276610136032104, 0.5258098840713501, 0.5268778800964355, 0.5407618284225464, 0.5336418747901917, 0.5194019079208374, 0.5012459754943848, 0.5275899171829224, 0.5261659026145935, 0.5087219476699829, 0.5357778668403625, 0.5286579132080078, 0.49448201060295105, 0.5236738920211792, 0.5521537661552429, 0.5400498509407043, 0.5229619145393372, 0.5204699039459229, 0.527945876121521, 0.524385929107666, 0.5439658164978027, 0.5265219211578369, 0.5194019079208374]}