{"parameters": [[512, 0.5, 30, 16]], "report": {"air_conditioner": {"precision": 0.41033434650455924, "recall": 0.50625, "f1-score": 0.45327364297705647, "support": 800}, "car_horn": {"precision": 0.2871287128712871, "recall": 0.37662337662337664, "f1-score": 0.32584269662921345, "support": 77}, "children_playing": {"precision": 0.40551500405515006, "recall": 0.6345177664974619, "f1-score": 0.49480455220188024, "support": 788}, "dog_bark": {"precision": 0.8310185185185185, "recall": 0.5626959247648903, "f1-score": 0.6710280373831775, "support": 638}, "drilling": {"precision": 0.3849056603773585, "recall": 0.27945205479452057, "f1-score": 0.3238095238095238, "support": 730}, "engine_idling": {"precision": 0.8261851015801355, "recall": 0.47347994825355755, "f1-score": 0.6019736842105263, "support": 773}, "gun_shot": {"precision": 1.0, "recall": 0.5615384615384615, "f1-score": 0.7192118226600985, "support": 130}, "jackhammer": {"precision": 0.5910404624277457, "recall": 0.711304347826087, "f1-score": 0.6456195737963694, "support": 575}, "siren": {"precision": 0.7588785046728972, "recall": 0.6666666666666666, "f1-score": 0.7097902097902097, "support": 609}, "street_music": {"precision": 0.39149888143176736, "recall": 0.4375, "f1-score": 0.4132231404958678, "support": 800}, "accuracy": 0.5238175675675676, "macro avg": {"precision": 0.5886505192439418, "recall": 0.5210028546965023, "f1-score": 0.5358576883953923, "support": 5920}, "weighted avg": {"precision": 0.5684017942718054, "recall": 0.5238175675675676, "f1-score": 0.5295619644123294, "support": 5920}}, "finalAcc": 0.63875812292099, "finalVal": 0.5315058827400208, "finalAccData": [0.14658761024475098, 0.191935196518898, 0.20768465101718903, 0.22221216559410095, 0.24791817367076874, 0.2722212076187134, 0.295166552066803, 0.3102824091911316, 0.33236783742904663, 0.34055936336517334, 0.35635408759117126, 0.3677588701248169, 0.3894822597503662, 0.41030049324035645, 0.4306661784648895, 0.4397628605365753, 0.4601737856864929, 0.4770546853542328, 0.5016292333602905, 0.5162925124168396, 0.5386042594909668, 0.5634503960609436, 0.5708725452423096, 0.5927769541740417, 0.601421058177948, 0.6093863248825073, 0.6196144223213196, 0.6267650127410889, 0.6357711553573608, 0.63875812292099], "finalValData": [0.30651476979255676, 0.36240655183792114, 0.3698825240135193, 0.41473832726478577, 0.4503381848335266, 0.44927018880844116, 0.4464222192764282, 0.4328942596912384, 0.4567461609840393, 0.4218583106994629, 0.4763261079788208, 0.46457815170288086, 0.4763261079788208, 0.44677820801734924, 0.4724101126194, 0.4934140145778656, 0.45532217621803284, 0.44749021530151367, 0.4460662305355072, 0.46849411725997925, 0.5361338257789612, 0.49661800265312195, 0.49697402119636536, 0.5382698178291321, 0.5389818549156189, 0.5350658893585205, 0.5339978933334351, 0.5019580125808716, 0.5325738787651062, 0.5315058827400208]}