{"parameters": [[128, 0.4, 40, 32]], "report": {"air_conditioner": {"precision": 0.35108024691358025, "recall": 0.56875, "f1-score": 0.43416030534351147, "support": 800}, "car_horn": {"precision": 0.6136363636363636, "recall": 0.35064935064935066, "f1-score": 0.4462809917355372, "support": 77}, "children_playing": {"precision": 0.40183112919633773, "recall": 0.501269035532995, "f1-score": 0.4460756634669678, "support": 788}, "dog_bark": {"precision": 0.6976744186046512, "recall": 0.5642633228840125, "f1-score": 0.6239168110918544, "support": 638}, "drilling": {"precision": 0.36470588235294116, "recall": 0.21232876712328766, "f1-score": 0.26839826839826836, "support": 730}, "engine_idling": {"precision": 0.8057553956834532, "recall": 0.2897800776196636, "f1-score": 0.4262607040913416, "support": 773}, "gun_shot": {"precision": 0.9818181818181818, "recall": 0.4153846153846154, "f1-score": 0.5837837837837838, "support": 130}, "jackhammer": {"precision": 0.43137254901960786, "recall": 0.4973913043478261, "f1-score": 0.46203554119547663, "support": 575}, "siren": {"precision": 0.2821011673151751, "recall": 0.47619047619047616, "f1-score": 0.354306658521686, "support": 609}, "street_music": {"precision": 0.3829113924050633, "recall": 0.3025, "f1-score": 0.3379888268156424, "support": 800}, "accuracy": 0.42027027027027025, "macro avg": {"precision": 0.5312886726945355, "recall": 0.4178506949732227, "f1-score": 0.43832075544440696, "support": 5920}, "weighted avg": {"precision": 0.47850708201519127, "recall": 0.42027027027027025, "f1-score": 0.41966466785335704, "support": 5920}}, "finalAcc": 0.4431118667125702, "finalVal": 0.4086863696575165, "finalAccData": [0.11282584816217422, 0.1366310715675354, 0.13554489612579346, 0.13549964129924774, 0.14047791063785553, 0.14156408607959747, 0.1438722014427185, 0.15505069494247437, 0.15993845462799072, 0.16781318187713623, 0.1784033328294754, 0.18645909428596497, 0.18315532803535461, 0.1944243311882019, 0.19768284261226654, 0.20076031982898712, 0.2044261395931244, 0.21062636375427246, 0.21374909579753876, 0.22452028095722198, 0.23090152442455292, 0.2393193393945694, 0.23845945298671722, 0.24927589297294617, 0.2514934837818146, 0.25701484084129333, 0.264165461063385, 0.2798696458339691, 0.2845763862133026, 0.293582558631897, 0.3077932596206665, 0.338206022977829, 0.36065351963043213, 0.3727824091911316, 0.3874909579753876, 0.4022447466850281, 0.41853728890419006, 0.4271361231803894, 0.43985337018966675, 0.4431118667125702], "finalValData": [0.20861516892910004, 0.18689925968647003, 0.16731932759284973, 0.16269135475158691, 0.17159131169319153, 0.18227127194404602, 0.19223922491073608, 0.21288715302944183, 0.21893912553787231, 0.2335350662469864, 0.25631898641586304, 0.24741901457309723, 0.2616589665412903, 0.2680669128894806, 0.2883588373661041, 0.2766108810901642, 0.2926308214664459, 0.2919188439846039, 0.29761481285095215, 0.3093627691268921, 0.3004628121852875, 0.29298684000968933, 0.30615878105163574, 0.30865076184272766, 0.2773228883743286, 0.2919188439846039, 0.2851548492908478, 0.2880028486251831, 0.3004628121852875, 0.2965468168258667, 0.3271626830101013, 0.3310786783695221, 0.3503026068210602, 0.3962264060974121, 0.37985047698020935, 0.40192240476608276, 0.39978641271591187, 0.4022783935070038, 0.3826984763145447, 0.4086863696575165]}