{"parameters": [[128, 0.3, 40, 16]], "report": {"air_conditioner": {"precision": 0.3875862068965517, "recall": 0.35125, "f1-score": 0.36852459016393446, "support": 800}, "car_horn": {"precision": 0.2988505747126437, "recall": 0.33766233766233766, "f1-score": 0.3170731707317074, "support": 77}, "children_playing": {"precision": 0.3895098882201204, "recall": 0.5748730964467005, "f1-score": 0.4643772424397745, "support": 788}, "dog_bark": {"precision": 0.7132352941176471, "recall": 0.6081504702194357, "f1-score": 0.6565143824027073, "support": 638}, "drilling": {"precision": 0.40725806451612906, "recall": 0.27671232876712326, "f1-score": 0.3295269168026101, "support": 730}, "engine_idling": {"precision": 0.6470588235294118, "recall": 0.49805950840879687, "f1-score": 0.5628654970760234, "support": 773}, "gun_shot": {"precision": 0.9518072289156626, "recall": 0.6076923076923076, "f1-score": 0.7417840375586855, "support": 130}, "jackhammer": {"precision": 0.538135593220339, "recall": 0.662608695652174, "f1-score": 0.5939204988308653, "support": 575}, "siren": {"precision": 0.6695957820738138, "recall": 0.625615763546798, "f1-score": 0.6468590831918505, "support": 609}, "street_music": {"precision": 0.3863157894736842, "recall": 0.45875, "f1-score": 0.41942857142857143, "support": 800}, "accuracy": 0.49712837837837837, "macro avg": {"precision": 0.5389353245676003, "recall": 0.5001374508395673, "f1-score": 0.510087399062673, "support": 5920}, "weighted avg": {"precision": 0.5139413168483563, "recall": 0.49712837837837837, "f1-score": 0.497818526742517, "support": 5920}}, "finalAcc": 0.6617034673690796, "finalVal": 0.5190459489822388, "finalAccData": [0.14803583920001984, 0.18962708115577698, 0.2054217904806137, 0.22945329546928406, 0.25, 0.27597755193710327, 0.30009955167770386, 0.30987510085105896, 0.3282947242259979, 0.34024256467819214, 0.34255069494247437, 0.3590695261955261, 0.373416006565094, 0.37862056493759155, 0.3897990584373474, 0.4083544611930847, 0.42985156178474426, 0.43451303243637085, 0.43980810046195984, 0.4525705873966217, 0.4763758182525635, 0.49633416533470154, 0.5182386040687561, 0.5370655059814453, 0.547157883644104, 0.5586531758308411, 0.5729091167449951, 0.5854000449180603, 0.5915550589561462, 0.6026882529258728, 0.6057657599449158, 0.6194334030151367, 0.6228276491165161, 0.6267650127410889, 0.6333725452423096, 0.6363142728805542, 0.6478095650672913, 0.6480358242988586, 0.6566799283027649, 0.6617034673690796], "finalValData": [0.2766108810901642, 0.3417586386203766, 0.34318262338638306, 0.36917051672935486, 0.3556425869464874, 0.35813456773757935, 0.3809184730052948, 0.38020646572113037, 0.3727305233478546, 0.376290500164032, 0.3374866545200348, 0.3898184299468994, 0.3574225604534149, 0.3791384696960449, 0.3880384564399719, 0.4264862835407257, 0.41260233521461487, 0.40156638622283936, 0.35635456442832947, 0.41936632990837097, 0.4652901291847229, 0.5090779662132263, 0.4980420172214508, 0.4716981053352356, 0.5090779662132263, 0.4652901291847229, 0.516197919845581, 0.5240299105644226, 0.5211819410324097, 0.5037379860877991, 0.5236738920211792, 0.527233898639679, 0.4930580258369446, 0.5400498509407043, 0.5286579132080078, 0.4976859986782074, 0.5040940046310425, 0.4951940178871155, 0.5322178602218628, 0.5190459489822388]}