{"parameters": [[128, 0.3, 30, 16]], "report": {"air_conditioner": {"precision": 0.3455684870188004, "recall": 0.4825, "f1-score": 0.4027125717266562, "support": 800}, "car_horn": {"precision": 0.30927835051546393, "recall": 0.38961038961038963, "f1-score": 0.3448275862068966, "support": 77}, "children_playing": {"precision": 0.4383020730503455, "recall": 0.5634517766497462, "f1-score": 0.49305941143808996, "support": 788}, "dog_bark": {"precision": 0.8114942528735632, "recall": 0.5532915360501567, "f1-score": 0.6579683131407269, "support": 638}, "drilling": {"precision": 0.3902439024390244, "recall": 0.28493150684931506, "f1-score": 0.32937450514647665, "support": 730}, "engine_idling": {"precision": 0.7280701754385965, "recall": 0.536869340232859, "f1-score": 0.6180193596425912, "support": 773}, "gun_shot": {"precision": 0.8970588235294118, "recall": 0.46923076923076923, "f1-score": 0.6161616161616161, "support": 130}, "jackhammer": {"precision": 0.5114401076716016, "recall": 0.6608695652173913, "f1-score": 0.5766312594840668, "support": 575}, "siren": {"precision": 0.6545138888888888, "recall": 0.6190476190476191, "f1-score": 0.6362869198312237, "support": 609}, "street_music": {"precision": 0.4270833333333333, "recall": 0.41, "f1-score": 0.4183673469387755, "support": 800}, "accuracy": 0.5037162162162162, "macro avg": {"precision": 0.5513053394759029, "recall": 0.49698025028882464, "f1-score": 0.5093408889717119, "support": 5920}, "weighted avg": {"precision": 0.5341253746395699, "recall": 0.5037162162162162, "f1-score": 0.5082880627211976, "support": 5920}}, "finalAcc": 0.5968048572540283, "finalVal": 0.484870046377182, "finalAccData": [0.1397990584373474, 0.14934830367565155, 0.1702118068933487, 0.1859612613916397, 0.20687001943588257, 0.22189536690711975, 0.24293990433216095, 0.27778783440589905, 0.30005431175231934, 0.3074312210083008, 0.3218229413032532, 0.3395637273788452, 0.3471216559410095, 0.3711984157562256, 0.3936006426811218, 0.4064536690711975, 0.4333363473415375, 0.4582729935646057, 0.47402244806289673, 0.48845943808555603, 0.504254162311554, 0.5213160514831543, 0.5295981168746948, 0.5406408309936523, 0.5528149604797363, 0.5637671947479248, 0.5736332535743713, 0.5827299356460571, 0.5878891944885254, 0.5968048572540283], "finalValData": [0.20434318482875824, 0.24741901457309723, 0.2580989599227905, 0.25169098377227783, 0.27839088439941406, 0.27411890029907227, 0.34247061610221863, 0.3488785922527313, 0.38198646903038025, 0.376290500164032, 0.3503026068210602, 0.35208258032798767, 0.4172303378582001, 0.3901744484901428, 0.44713419675827026, 0.4108223617076874, 0.4464222192764282, 0.44286224246025085, 0.45140618085861206, 0.4499821960926056, 0.45781415700912476, 0.493770033121109, 0.5026699900627136, 0.49056604504585266, 0.5105019807815552, 0.5094339847564697, 0.48985403776168823, 0.49021002650260925, 0.5190459489822388, 0.484870046377182]}