{"parameters": [[64, 0.3, 40, 32]], "report": {"air_conditioner": {"precision": 0.2446601941747573, "recall": 0.4725, "f1-score": 0.32238805970149254, "support": 800}, "car_horn": {"precision": 0.0, "recall": 0.0, "f1-score": 0.0, "support": 77}, "children_playing": {"precision": 0.3131868131868132, "recall": 0.5786802030456852, "f1-score": 0.4064171122994652, "support": 788}, "dog_bark": {"precision": 0.8523676880222841, "recall": 0.47962382445141066, "f1-score": 0.6138415245737212, "support": 638}, "drilling": {"precision": 0.41, "recall": 0.22465753424657534, "f1-score": 0.2902654867256637, "support": 730}, "engine_idling": {"precision": 0.4595238095238095, "recall": 0.49935316946959896, "f1-score": 0.4786112833230006, "support": 773}, "gun_shot": {"precision": 0.9777777777777777, "recall": 0.3384615384615385, "f1-score": 0.5028571428571429, "support": 130}, "jackhammer": {"precision": 0.32892561983471075, "recall": 0.34608695652173915, "f1-score": 0.33728813559322035, "support": 575}, "siren": {"precision": 0.7928571428571428, "recall": 0.3645320197044335, "f1-score": 0.499437570303712, "support": 609}, "street_music": {"precision": 0.30512820512820515, "recall": 0.14875, "f1-score": 0.2, "support": 800}, "accuracy": 0.3841216216216216, "macro avg": {"precision": 0.46844272505055, "recall": 0.34526452459009815, "f1-score": 0.36511063153774187, "support": 5920}, "weighted avg": {"precision": 0.4533847568361098, "recall": 0.3841216216216216, "f1-score": 0.3843121518753567, "support": 5920}}, "finalAcc": 0.393917441368103, "finalVal": 0.4051263928413391, "finalAccData": [0.12115315347909927, 0.13110969960689545, 0.13875815272331238, 0.13830557465553284, 0.1413377970457077, 0.16061730682849884, 0.16622918844223022, 0.17487327754497528, 0.18220491707324982, 0.18849565088748932, 0.1916183978319168, 0.2006698101758957, 0.20315894484519958, 0.2079561948776245, 0.2066437304019928, 0.2157856673002243, 0.21759594976902008, 0.22189536690711975, 0.23040369153022766, 0.23158037662506104, 0.23479363322257996, 0.23660391569137573, 0.2424873262643814, 0.2424420714378357, 0.24284937977790833, 0.2578294575214386, 0.27249276638031006, 0.27679216861724854, 0.3005973994731903, 0.3055756688117981, 0.31168538331985474, 0.31928855180740356, 0.3414192497730255, 0.35228094458580017, 0.35916003584861755, 0.36133235692977905, 0.37165096402168274, 0.38174331188201904, 0.3878077566623688, 0.393917441368103], "finalValData": [0.15201139450073242, 0.12317550927400589, 0.16304734349250793, 0.1648273468017578, 0.18155927956104279, 0.26557493209838867, 0.27376291155815125, 0.28195086121559143, 0.28444287180900574, 0.290138840675354, 0.3075827658176422, 0.3054467737674713, 0.3157707452774048, 0.31505873799324036, 0.3200427293777466, 0.2961908280849457, 0.31007474660873413, 0.3268066942691803, 0.3285866975784302, 0.32787469029426575, 0.30865076184272766, 0.30865076184272766, 0.3139907419681549, 0.30437877774238586, 0.289782851934433, 0.280882865190506, 0.3050907850265503, 0.32324671745300293, 0.3830544650554657, 0.37344250082969666, 0.3595585525035858, 0.3958704173564911, 0.420078307390213, 0.3748665153980255, 0.4332502782344818, 0.41865432262420654, 0.4784621000289917, 0.4521181881427765, 0.4674261212348938, 0.4051263928413391]}