{"parameters": [[256, 0.5, 30, 16]], "report": {"air_conditioner": {"precision": 0.28937160589604344, "recall": 0.46625, "f1-score": 0.357108664432743, "support": 800}, "car_horn": {"precision": 0.3142857142857143, "recall": 0.2857142857142857, "f1-score": 0.29931972789115646, "support": 77}, "children_playing": {"precision": 0.38727272727272727, "recall": 0.5406091370558376, "f1-score": 0.45127118644067793, "support": 788}, "dog_bark": {"precision": 0.786697247706422, "recall": 0.5376175548589341, "f1-score": 0.638733705772812, "support": 638}, "drilling": {"precision": 0.4323040380047506, "recall": 0.2493150684931507, "f1-score": 0.31624674196351, "support": 730}, "engine_idling": {"precision": 0.5936329588014981, "recall": 0.41009055627425617, "f1-score": 0.48508033664881406, "support": 773}, "gun_shot": {"precision": 0.9833333333333333, "recall": 0.45384615384615384, "f1-score": 0.6210526315789473, "support": 130}, "jackhammer": {"precision": 0.5316045380875203, "recall": 0.5704347826086956, "f1-score": 0.5503355704697986, "support": 575}, "siren": {"precision": 0.5921875, "recall": 0.6223316912972086, "f1-score": 0.6068855084067254, "support": 609}, "street_music": {"precision": 0.37317397078353254, "recall": 0.35125, "f1-score": 0.36188023180940115, "support": 800}, "accuracy": 0.4577702702702703, "macro avg": {"precision": 0.5283863634171542, "recall": 0.4487459230148523, "f1-score": 0.4687914305414586, "support": 5920}, "weighted avg": {"precision": 0.494920366486816, "recall": 0.4577702702702703, "f1-score": 0.46181635588642417, "support": 5920}}, "finalAcc": 0.5104543566703796, "finalVal": 0.45140618085861206, "finalAccData": [0.13513758778572083, 0.15880702435970306, 0.1620655357837677, 0.1629706770181656, 0.16822049021720886, 0.17387762665748596, 0.1815260648727417, 0.19075851142406464, 0.1997646689414978, 0.20985698699951172, 0.2138848602771759, 0.21881788969039917, 0.22474655508995056, 0.23013214766979218, 0.23284757137298584, 0.24384504556655884, 0.27910029888153076, 0.30353909730911255, 0.3210535943508148, 0.3423244059085846, 0.360834538936615, 0.37133416533470154, 0.39464157819747925, 0.41536930203437805, 0.4381788671016693, 0.4519369900226593, 0.46555936336517334, 0.48225924372673035, 0.4975108504295349, 0.5104543566703796], "finalValData": [0.21537913382053375, 0.21680313348770142, 0.21965111792087555, 0.2121751457452774, 0.22605909407138824, 0.23211106657981873, 0.24279102683067322, 0.23460306227207184, 0.290494829416275, 0.3075827658176422, 0.28871485590934753, 0.32609468698501587, 0.31933072209358215, 0.30865076184272766, 0.3136347532272339, 0.30865076184272766, 0.3891064524650574, 0.4158063232898712, 0.32609468698501587, 0.37949448823928833, 0.37308651208877563, 0.39124244451522827, 0.4225703179836273, 0.45745816826820374, 0.4546101689338684, 0.4681381285190582, 0.4453542232513428, 0.45318618416786194, 0.4781060814857483, 0.45140618085861206]}