{"parameters": [[256, 0.5, 50, 32]], "report": {"air_conditioner": {"precision": 0.3215547703180212, "recall": 0.455, "f1-score": 0.37681159420289856, "support": 800}, "car_horn": {"precision": 0.3146067415730337, "recall": 0.36363636363636365, "f1-score": 0.3373493975903615, "support": 77}, "children_playing": {"precision": 0.3720748829953198, "recall": 0.6053299492385786, "f1-score": 0.4608695652173913, "support": 788}, "dog_bark": {"precision": 0.8528610354223434, "recall": 0.49059561128526646, "f1-score": 0.6228855721393035, "support": 638}, "drilling": {"precision": 0.39285714285714285, "recall": 0.22602739726027396, "f1-score": 0.28695652173913044, "support": 730}, "engine_idling": {"precision": 0.62478184991274, "recall": 0.463130659767141, "f1-score": 0.5319465081723627, "support": 773}, "gun_shot": {"precision": 1.0, "recall": 0.38461538461538464, "f1-score": 0.5555555555555556, "support": 130}, "jackhammer": {"precision": 0.5496598639455782, "recall": 0.7026086956521739, "f1-score": 0.616793893129771, "support": 575}, "siren": {"precision": 0.5758513931888545, "recall": 0.6108374384236454, "f1-score": 0.5928286852589641, "support": 609}, "street_music": {"precision": 0.3865814696485623, "recall": 0.3025, "f1-score": 0.3394109396914446, "support": 800}, "accuracy": 0.46841216216216214, "macro avg": {"precision": 0.5390829149861596, "recall": 0.46042814998788273, "f1-score": 0.47214082326971835, "support": 5920}, "weighted avg": {"precision": 0.5058351459397193, "recall": 0.46841216216216214, "f1-score": 0.46758520860261205, "support": 5920}}, "finalAcc": 0.5516835451126099, "finalVal": 0.4695621132850647, "finalAccData": [0.11450035870075226, 0.12137943506240845, 0.13771723210811615, 0.14016111195087433, 0.1441890001296997, 0.14649710059165955, 0.14690442383289337, 0.1604815423488617, 0.16030050814151764, 0.15853548049926758, 0.16527877748012543, 0.16903512179851532, 0.1812545210123062, 0.1825217306613922, 0.18768103420734406, 0.19763758778572083, 0.20496922731399536, 0.21501629054546356, 0.21804851293563843, 0.22782404720783234, 0.22841238975524902, 0.23547248542308807, 0.23257602751255035, 0.24864229559898376, 0.25389209389686584, 0.26461803913116455, 0.28466689586639404, 0.31575849652290344, 0.33902063965797424, 0.357666552066803, 0.373416006565094, 0.39486783742904663, 0.40496018528938293, 0.4176774024963379, 0.42727190256118774, 0.442251980304718, 0.4522537887096405, 0.46216508746147156, 0.4737056493759155, 0.4765115976333618, 0.4868302047252655, 0.49140116572380066, 0.5000452399253845, 0.5079652667045593, 0.5170166492462158, 0.5244840979576111, 0.5395546555519104, 0.5380612015724182, 0.546343207359314, 0.5516835451126099], "finalValData": [0.17016731202602386, 0.22249911725521088, 0.21253114938735962, 0.199003204703331, 0.20825916528701782, 0.20612317323684692, 0.20897115767002106, 0.20825916528701782, 0.21395514905452728, 0.20683516561985016, 0.2054111808538437, 0.20932716131210327, 0.24741901457309723, 0.2705589234828949, 0.280882865190506, 0.27625489234924316, 0.26735493540763855, 0.28408685326576233, 0.2791028916835785, 0.3029547929763794, 0.29761481285095215, 0.32111072540283203, 0.3097187578678131, 0.3357066512107849, 0.36027055978775024, 0.35849055647850037, 0.4111783504486084, 0.5179779529571533, 0.441082239151001, 0.5026699900627136, 0.44499823451042175, 0.4916340410709381, 0.4870060384273529, 0.48593804240226746, 0.46635812520980835, 0.43147027492523193, 0.4282662868499756, 0.42755427956581116, 0.45176219940185547, 0.42506229877471924, 0.41046637296676636, 0.44250622391700745, 0.43431827425956726, 0.43396225571632385, 0.42292630672454834, 0.47490209341049194, 0.45781415700912476, 0.44250622391700745, 0.484514057636261, 0.4695621132850647]}