{"parameters": [[64, 0.5, 30, 32]], "report": {"air_conditioner": {"precision": 0.0, "recall": 0.0, "f1-score": 0.0, "support": 800}, "car_horn": {"precision": 0.0, "recall": 0.0, "f1-score": 0.0, "support": 77}, "children_playing": {"precision": 0.0, "recall": 0.0, "f1-score": 0.0, "support": 788}, "dog_bark": {"precision": 0.0, "recall": 0.0, "f1-score": 0.0, "support": 638}, "drilling": {"precision": 0.315, "recall": 0.1726027397260274, "f1-score": 0.22300884955752215, "support": 730}, "engine_idling": {"precision": 0.14123979213066074, "recall": 0.9844760672703752, "f1-score": 0.24703781853595197, "support": 773}, "gun_shot": {"precision": 0.0, "recall": 0.0, "f1-score": 0.0, "support": 130}, "jackhammer": {"precision": 0.07563025210084033, "recall": 0.01565217391304348, "f1-score": 0.025936599423631128, "support": 575}, "siren": {"precision": 0.0, "recall": 0.0, "f1-score": 0.0, "support": 609}, "street_music": {"precision": 0.08333333333333333, "recall": 0.00125, "f1-score": 0.0024630541871921183, "support": 800}, "accuracy": 0.15152027027027026, "macro avg": {"precision": 0.06152033775648345, "recall": 0.11739809809094462, "f1-score": 0.04984463217042974, "support": 5920}, "weighted avg": {"precision": 0.07589230083473827, "recall": 0.15152027027027026, "f1-score": 0.0626082232979094, "support": 5920}}, "finalAcc": 0.16179399192333221, "finalVal": 0.18298326432704926, "finalAccData": [0.11689898371696472, 0.131562277674675, 0.1303403377532959, 0.12807747721672058, 0.12767016887664795, 0.12771542370319366, 0.12776067852973938, 0.12798696756362915, 0.12767016887664795, 0.12807747721672058, 0.1262219399213791, 0.12771542370319366, 0.1259503960609436, 0.12830376625061035, 0.12509050965309143, 0.1262219399213791, 0.1297519952058792, 0.12730811536312103, 0.13495655357837677, 0.13269369304180145, 0.13939175009727478, 0.1391202062368393, 0.14151883125305176, 0.14391745626926422, 0.1472664773464203, 0.15373823046684265, 0.1519732028245926, 0.15586531162261963, 0.16170348227024078, 0.16179399192333221], "finalValData": [0.1537913829088211, 0.13136348128318787, 0.13136348128318787, 0.1256674975156784, 0.12317550927400589, 0.12210751324892044, 0.12103951722383499, 0.11747953295707703, 0.11961552500724792, 0.11961552500724792, 0.14453542232513428, 0.14346742630004883, 0.11712352931499481, 0.11783552914857864, 0.11712352931499481, 0.11819152534008026, 0.12317550927400589, 0.14417941868305206, 0.14631541073322296, 0.14987540245056152, 0.15485937893390656, 0.1555713713169098, 0.1580633670091629, 0.15414738655090332, 0.17372730374336243, 0.1797792762517929, 0.18262727558612823, 0.1950872242450714, 0.20434318482875824, 0.18298326432704926]}