{"parameters": [[256, 0.3, 30, 32]], "report": {"air_conditioner": {"precision": 0.4077407740774077, "recall": 0.56625, "f1-score": 0.4740973312401884, "support": 800}, "car_horn": {"precision": 0.25925925925925924, "recall": 0.36363636363636365, "f1-score": 0.3027027027027027, "support": 77}, "children_playing": {"precision": 0.42604651162790697, "recall": 0.5812182741116751, "f1-score": 0.4916800858829845, "support": 788}, "dog_bark": {"precision": 0.7743271221532091, "recall": 0.5862068965517241, "f1-score": 0.6672613737734167, "support": 638}, "drilling": {"precision": 0.5257510729613734, "recall": 0.3356164383561644, "f1-score": 0.4096989966555184, "support": 730}, "engine_idling": {"precision": 0.7198211624441133, "recall": 0.6248382923673997, "f1-score": 0.6689750692520776, "support": 773}, "gun_shot": {"precision": 0.9358974358974359, "recall": 0.5615384615384615, "f1-score": 0.7019230769230769, "support": 130}, "jackhammer": {"precision": 0.5785123966942148, "recall": 0.6086956521739131, "f1-score": 0.5932203389830509, "support": 575}, "siren": {"precision": 0.7816326530612245, "recall": 0.6288998357963875, "f1-score": 0.6969972702456779, "support": 609}, "street_music": {"precision": 0.4237695078031212, "recall": 0.44125, "f1-score": 0.4323331292100428, "support": 800}, "accuracy": 0.5405405405405406, "macro avg": {"precision": 0.5832757895979267, "recall": 0.5298150214532089, "f1-score": 0.5438889374868736, "support": 5920}, "weighted avg": {"precision": 0.5718686091005325, "recall": 0.5405405405405406, "f1-score": 0.54639023128324, "support": 5920}}, "finalAcc": 0.6477643251419067, "finalVal": 0.4738340973854065, "finalAccData": [0.14898623526096344, 0.16690804064273834, 0.17184105515480042, 0.173334538936615, 0.17709088325500488, 0.18261224031448364, 0.19360969960689545, 0.19170890748500824, 0.21125996112823486, 0.2220764011144638, 0.23515568673610687, 0.2566528022289276, 0.2879254221916199, 0.32078203558921814, 0.3529598116874695, 0.38559016585350037, 0.4142831265926361, 0.4482711851596832, 0.4790007174015045, 0.501176655292511, 0.5222212076187134, 0.5416817665100098, 0.5625452399253845, 0.5749004483222961, 0.5969406366348267, 0.6081191301345825, 0.6149529218673706, 0.6236875653266907, 0.6369931101799011, 0.6477643251419067], "finalValData": [0.24599501490592957, 0.2210751175880432, 0.17443929612636566, 0.1730153113603592, 0.21075116097927094, 0.22783908247947693, 0.23745104670524597, 0.25845497846603394, 0.2726949155330658, 0.27198290824890137, 0.2812388837337494, 0.2833748757839203, 0.31897473335266113, 0.3524385988712311, 0.3221787214279175, 0.37166252732276917, 0.4393022358417511, 0.44037023186683655, 0.5101459622383118, 0.4549661874771118, 0.5201139450073242, 0.5151299238204956, 0.5179779529571533, 0.5176219344139099, 0.5019580125808716, 0.5044499635696411, 0.4716981053352356, 0.4976859986782074, 0.441438227891922, 0.4738340973854065]}