{"parameters": [[256, 0.3, 40, 16]], "report": {"air_conditioner": {"precision": 0.4954367666232073, "recall": 0.475, "f1-score": 0.4850031908104659, "support": 800}, "car_horn": {"precision": 0.26229508196721313, "recall": 0.4155844155844156, "f1-score": 0.3216080402010051, "support": 77}, "children_playing": {"precision": 0.4439295644114921, "recall": 0.6078680203045685, "f1-score": 0.5131226566684521, "support": 788}, "dog_bark": {"precision": 0.7243243243243244, "recall": 0.6300940438871473, "f1-score": 0.6739312657166806, "support": 638}, "drilling": {"precision": 0.4197761194029851, "recall": 0.3082191780821918, "f1-score": 0.35545023696682465, "support": 730}, "engine_idling": {"precision": 0.7744510978043913, "recall": 0.5019404915912031, "f1-score": 0.6091051805337521, "support": 773}, "gun_shot": {"precision": 0.9320388349514563, "recall": 0.7384615384615385, "f1-score": 0.8240343347639485, "support": 130}, "jackhammer": {"precision": 0.5552, "recall": 0.6034782608695652, "f1-score": 0.5783333333333334, "support": 575}, "siren": {"precision": 0.7205623901581723, "recall": 0.6732348111658456, "f1-score": 0.6960950764006791, "support": 609}, "street_music": {"precision": 0.37723424270931327, "recall": 0.50125, "f1-score": 0.4304884594739667, "support": 800}, "accuracy": 0.5337837837837838, "macro avg": {"precision": 0.5705248422352556, "recall": 0.5455130759946476, "f1-score": 0.5487171774869108, "support": 5920}, "weighted avg": {"precision": 0.5598959044543338, "recall": 0.5337837837837838, "f1-score": 0.5380694171549616, "support": 5920}}, "finalAcc": 0.7548877596855164, "finalVal": 0.5439658164978027, "finalAccData": [0.17546162009239197, 0.24325670301914215, 0.2842143476009369, 0.31793084740638733, 0.358707457780838, 0.39839789271354675, 0.4303041398525238, 0.45424512028694153, 0.47094497084617615, 0.4956100583076477, 0.511087954044342, 0.5268374085426331, 0.5386495590209961, 0.5550326108932495, 0.5632241368293762, 0.5762128829956055, 0.5857168436050415, 0.5979815125465393, 0.613912045955658, 0.624592661857605, 0.6326031684875488, 0.6511133313179016, 0.6551411747932434, 0.665912389755249, 0.6801683306694031, 0.6829742789268494, 0.6928403377532959, 0.6975923180580139, 0.7071868181228638, 0.7141563892364502, 0.7173696756362915, 0.7242487072944641, 0.7272356748580933, 0.732259213924408, 0.7369207143783569, 0.7463794350624084, 0.7485517859458923, 0.7511314153671265, 0.756335973739624, 0.7548877596855164], "finalValData": [0.32111072540283203, 0.4093983769416809, 0.4421502351760864, 0.45959416031837463, 0.5048059821128845, 0.5240299105644226, 0.49697402119636536, 0.4649341404438019, 0.45959416031837463, 0.4781060814857483, 0.540405809879303, 0.5304378867149353, 0.5521537661552429, 0.536845862865448, 0.5639017224311829, 0.5080099701881409, 0.45105019211769104, 0.48344606161117554, 0.48593804240226746, 0.5357778668403625, 0.5347098708152771, 0.5432538390159607, 0.5681737065315247, 0.5742257237434387, 0.5742257237434387, 0.5788536667823792, 0.571377694606781, 0.5539337992668152, 0.5275899171829224, 0.524385929107666, 0.558205783367157, 0.5624777674674988, 0.5275899171829224, 0.5428978204727173, 0.540405809879303, 0.5631897449493408, 0.5653257369995117, 0.5322178602218628, 0.5503737926483154, 0.5439658164978027]}