{"parameters": [[64, 0.3, 40, 16]], "report": {"air_conditioner": {"precision": 0.301218161683278, "recall": 0.34, "f1-score": 0.3194362889019378, "support": 800}, "car_horn": {"precision": 0.1111111111111111, "recall": 0.09090909090909091, "f1-score": 0.09999999999999999, "support": 77}, "children_playing": {"precision": 0.374900714853058, "recall": 0.5989847715736041, "f1-score": 0.4611626770884221, "support": 788}, "dog_bark": {"precision": 0.7340425531914894, "recall": 0.5407523510971787, "f1-score": 0.6227436823104694, "support": 638}, "drilling": {"precision": 0.37037037037037035, "recall": 0.2328767123287671, "f1-score": 0.2859545836837679, "support": 730}, "engine_idling": {"precision": 0.593841642228739, "recall": 0.5239327296248383, "f1-score": 0.5567010309278351, "support": 773}, "gun_shot": {"precision": 0.9705882352941176, "recall": 0.25384615384615383, "f1-score": 0.40243902439024387, "support": 130}, "jackhammer": {"precision": 0.494910941475827, "recall": 0.6765217391304348, "f1-score": 0.5716385011021308, "support": 575}, "siren": {"precision": 0.6144144144144145, "recall": 0.5599343185550082, "f1-score": 0.5859106529209622, "support": 609}, "street_music": {"precision": 0.383638928067701, "recall": 0.34, "f1-score": 0.3605036447978794, "support": 800}, "accuracy": 0.4570945945945946, "macro avg": {"precision": 0.4949037072690106, "recall": 0.4157757867065076, "f1-score": 0.4266490086123649, "support": 5920}, "weighted avg": {"precision": 0.47880417900762134, "recall": 0.4570945945945946, "f1-score": 0.4542675925252196, "support": 5920}}, "finalAcc": 0.5252081751823425, "finalVal": 0.5286579132080078, "finalAccData": [0.11911658197641373, 0.15152063965797424, 0.1453656703233719, 0.15437182784080505, 0.16134141385555267, 0.17188630998134613, 0.18075670301914215, 0.1896723359823227, 0.20057928562164307, 0.20555756986141205, 0.21488052606582642, 0.2255159318447113, 0.23375271260738373, 0.24045075476169586, 0.24642468988895416, 0.24787291884422302, 0.25828203558921814, 0.2687816917896271, 0.2892831265926361, 0.3031770586967468, 0.31856444478034973, 0.3288378119468689, 0.34657856822013855, 0.36576756834983826, 0.37857529520988464, 0.39934828877449036, 0.4139663279056549, 0.4236513376235962, 0.42980629205703735, 0.43446776270866394, 0.44926682114601135, 0.45836350321769714, 0.460671603679657, 0.4721216559410095, 0.48167088627815247, 0.4981897175312042, 0.5042994022369385, 0.5124909281730652, 0.5166998505592346, 0.5252081751823425], "finalValData": [0.1925952285528183, 0.14773941040039062, 0.17372730374336243, 0.17123530805110931, 0.1730153113603592, 0.19152723252773285, 0.1993592083454132, 0.26521894335746765, 0.29797080159187317, 0.28871485590934753, 0.28657886385917664, 0.28657886385917664, 0.2944108247756958, 0.29298684000968933, 0.3029547929763794, 0.30366677045822144, 0.3097187578678131, 0.37308651208877563, 0.355286568403244, 0.37344250082969666, 0.44749021530151367, 0.4606621563434601, 0.45817017555236816, 0.4485582113265991, 0.4745461046695709, 0.5108579397201538, 0.5112139582633972, 0.4930580258369446, 0.5226058959960938, 0.5076539516448975, 0.5194019079208374, 0.49911001324653625, 0.5169099569320679, 0.5129939317703247, 0.4973300099372864, 0.5361338257789612, 0.4959060251712799, 0.49448201060295105, 0.484870046377182, 0.5286579132080078]}