{"parameters": [[64, 0.3, 30, 32]], "report": {"air_conditioner": {"precision": 0.17719680464778503, "recall": 0.61, "f1-score": 0.2746201463140124, "support": 800}, "car_horn": {"precision": 0.0, "recall": 0.0, "f1-score": 0.0, "support": 77}, "children_playing": {"precision": 0.2863636363636364, "recall": 0.399746192893401, "f1-score": 0.3336864406779661, "support": 788}, "dog_bark": {"precision": 0.7819148936170213, "recall": 0.2304075235109718, "f1-score": 0.35593220338983056, "support": 638}, "drilling": {"precision": 0.45161290322580644, "recall": 0.2493150684931507, "f1-score": 0.32127096204766104, "support": 730}, "engine_idling": {"precision": 0.5642458100558659, "recall": 0.2613195342820181, "f1-score": 0.3572060123784261, "support": 773}, "gun_shot": {"precision": 0.0, "recall": 0.0, "f1-score": 0.0, "support": 130}, "jackhammer": {"precision": 0.37735849056603776, "recall": 0.6608695652173913, "f1-score": 0.48040455120101133, "support": 575}, "siren": {"precision": 0.0, "recall": 0.0, "f1-score": 0.0, "support": 609}, "street_music": {"precision": 0.16363636363636364, "recall": 0.0225, "f1-score": 0.03956043956043956, "support": 800}, "accuracy": 0.2925675675675676, "macro avg": {"precision": 0.28023289021125164, "recall": 0.24341578843969325, "f1-score": 0.21626807555693467, "support": 5920}, "weighted avg": {"precision": 0.3344600244616586, "recall": 0.2925675675675676, "f1-score": 0.25815114806087974, "support": 5920}}, "finalAcc": 0.29444244503974915, "finalVal": 0.3481666147708893, "finalAccData": [0.11676321178674698, 0.13138124346733093, 0.1472664773464203, 0.1475832760334015, 0.15224474668502808, 0.15559376776218414, 0.15645365417003632, 0.161477193236351, 0.16595764458179474, 0.17188630998134613, 0.17817704379558563, 0.1805756688117981, 0.18632331490516663, 0.19261404871940613, 0.19519369304180145, 0.19523896276950836, 0.20017197728157043, 0.20338523387908936, 0.20044352114200592, 0.20596487820148468, 0.21307024359703064, 0.22533489763736725, 0.23538197576999664, 0.2405412793159485, 0.2522628605365753, 0.25393736362457275, 0.26113322377204895, 0.2672882080078125, 0.2824040651321411, 0.29444244503974915], "finalValData": [0.1299394816160202, 0.16589534282684326, 0.18939124047756195, 0.1947312206029892, 0.20897115767002106, 0.21324314177036285, 0.2249910980463028, 0.24207903444766998, 0.23709505796432495, 0.2556069791316986, 0.2573869824409485, 0.25382697582244873, 0.259166955947876, 0.26699894666671753, 0.28017088770866394, 0.2872908413410187, 0.28230687975883484, 0.2922748327255249, 0.2947668135166168, 0.29975080490112305, 0.2990387976169586, 0.31221073865890503, 0.3161267340183258, 0.3292986750602722, 0.3339266777038574, 0.3268066942691803, 0.3353506624698639, 0.3050907850265503, 0.333570659160614, 0.3481666147708893]}