{"parameters": [[256, 0.4, 40, 32]], "report": {"air_conditioner": {"precision": 0.46033810143042914, "recall": 0.4425, "f1-score": 0.45124282982791586, "support": 800}, "car_horn": {"precision": 0.2803738317757009, "recall": 0.38961038961038963, "f1-score": 0.3260869565217392, "support": 77}, "children_playing": {"precision": 0.3967649857278782, "recall": 0.5291878172588832, "f1-score": 0.4535073409461664, "support": 788}, "dog_bark": {"precision": 0.8856382978723404, "recall": 0.5219435736677116, "f1-score": 0.6568047337278106, "support": 638}, "drilling": {"precision": 0.4163568773234201, "recall": 0.30684931506849317, "f1-score": 0.3533123028391167, "support": 730}, "engine_idling": {"precision": 0.6303317535545023, "recall": 0.5161707632600259, "f1-score": 0.5675675675675675, "support": 773}, "gun_shot": {"precision": 0.9545454545454546, "recall": 0.4846153846153846, "f1-score": 0.6428571428571428, "support": 130}, "jackhammer": {"precision": 0.6015037593984962, "recall": 0.6956521739130435, "f1-score": 0.6451612903225806, "support": 575}, "siren": {"precision": 0.549685534591195, "recall": 0.7175697865353038, "f1-score": 0.6225071225071225, "support": 609}, "street_music": {"precision": 0.4, "recall": 0.46, "f1-score": 0.42790697674418604, "support": 800}, "accuracy": 0.5109797297297297, "macro avg": {"precision": 0.5575538596219417, "recall": 0.5064099203929235, "f1-score": 0.5146954263861347, "support": 5920}, "weighted avg": {"precision": 0.5377446513922302, "recall": 0.5109797297297297, "f1-score": 0.5126904501030088, "support": 5920}}, "finalAcc": 0.6083001494407654, "finalVal": 0.524385929107666, "finalAccData": [0.14518465101718903, 0.15029869973659515, 0.15052498877048492, 0.16509775817394257, 0.17215785384178162, 0.18256698548793793, 0.19514843821525574, 0.21727915108203888, 0.23922881484031677, 0.27276429533958435, 0.2891926169395447, 0.30009955167770386, 0.3115043342113495, 0.31797611713409424, 0.3288830518722534, 0.3442704677581787, 0.34816256165504456, 0.3639572858810425, 0.37735337018966675, 0.3797067403793335, 0.39559197425842285, 0.4132422208786011, 0.42609521746635437, 0.43736422061920166, 0.45207276940345764, 0.46660029888153076, 0.48062998056411743, 0.485834538936615, 0.49832549691200256, 0.5123099088668823, 0.5238957405090332, 0.5293718576431274, 0.5385590195655823, 0.5523171424865723, 0.5587436556816101, 0.5721850395202637, 0.5886585712432861, 0.5925054550170898, 0.6004706621170044, 0.6083001494407654], "finalValData": [0.19971519708633423, 0.20398718118667603, 0.19330722093582153, 0.20078319311141968, 0.19651120901107788, 0.20042720437049866, 0.19579921662807465, 0.2595229744911194, 0.3919544219970703, 0.4118903577327728, 0.41438233852386475, 0.41260233521461487, 0.3894624412059784, 0.40797436237335205, 0.3809184730052948, 0.42969027161598206, 0.4400142431259155, 0.45105019211769104, 0.42969027161598206, 0.441438227891922, 0.4432182312011719, 0.44286224246025085, 0.4702741205692291, 0.44962620735168457, 0.46244215965270996, 0.4692061245441437, 0.45567816495895386, 0.45745816826820374, 0.5044499635696411, 0.516197919845581, 0.4934140145778656, 0.5165539383888245, 0.47775009274482727, 0.5357778668403625, 0.5158419609069824, 0.527945876121521, 0.5361338257789612, 0.5261659026145935, 0.5119259357452393, 0.524385929107666]}