{"parameters": [[512, 0.4, 40, 16]], "report": {"air_conditioner": {"precision": 0.4045112781954887, "recall": 0.33625, "f1-score": 0.3672354948805461, "support": 800}, "car_horn": {"precision": 0.16216216216216217, "recall": 0.38961038961038963, "f1-score": 0.22900763358778625, "support": 77}, "children_playing": {"precision": 0.40043923865300146, "recall": 0.6941624365482234, "f1-score": 0.5078922934076138, "support": 788}, "dog_bark": {"precision": 0.7176684881602914, "recall": 0.6175548589341693, "f1-score": 0.6638584667228306, "support": 638}, "drilling": {"precision": 0.3987138263665595, "recall": 0.33972602739726027, "f1-score": 0.36686390532544383, "support": 730}, "engine_idling": {"precision": 0.8086124401913876, "recall": 0.4372574385510996, "f1-score": 0.5675902602854743, "support": 773}, "gun_shot": {"precision": 0.9099099099099099, "recall": 0.7769230769230769, "f1-score": 0.8381742738589212, "support": 130}, "jackhammer": {"precision": 0.5026929982046678, "recall": 0.48695652173913045, "f1-score": 0.49469964664310956, "support": 575}, "siren": {"precision": 0.792156862745098, "recall": 0.6633825944170771, "f1-score": 0.7220732797140303, "support": 609}, "street_music": {"precision": 0.4279615795090715, "recall": 0.50125, "f1-score": 0.46171560161197467, "support": 800}, "accuracy": 0.5087837837837837, "macro avg": {"precision": 0.5524828784097638, "recall": 0.5243073344120426, "f1-score": 0.521911085603773, "support": 5920}, "weighted avg": {"precision": 0.550297667117945, "recall": 0.5087837837837837, "f1-score": 0.5142349317246925, "support": 5920}}, "finalAcc": 0.794487714767456, "finalVal": 0.5026699900627136, "finalAccData": [0.1739681363105774, 0.18695691227912903, 0.20175597071647644, 0.20424510538578033, 0.23950035870075226, 0.25393736362457275, 0.288921058177948, 0.33119115233421326, 0.37703657150268555, 0.4092595875263214, 0.4466419219970703, 0.47782403230667114, 0.5080105066299438, 0.540505051612854, 0.5639029741287231, 0.5898805260658264, 0.614002525806427, 0.6226918697357178, 0.648171603679657, 0.6638758182525635, 0.677588701248169, 0.6876357793807983, 0.6978638768196106, 0.705240786075592, 0.7165550589561462, 0.7256516814231873, 0.7360607981681824, 0.7390477657318115, 0.7485517859458923, 0.7529869675636292, 0.7594587206840515, 0.7629435062408447, 0.7699583768844604, 0.7728548049926758, 0.7790550589561462, 0.7820872664451599, 0.7836260199546814, 0.7924058437347412, 0.7912291884422302, 0.794487714767456], "finalValData": [0.27162691950798035, 0.2620149552822113, 0.299394816160202, 0.3292986750602722, 0.3830544650554657, 0.3937344253063202, 0.37166252732276917, 0.4022783935070038, 0.419722318649292, 0.4158063232898712, 0.47775009274482727, 0.4788180887699127, 0.5026699900627136, 0.5443218350410461, 0.4994660019874573, 0.570665717124939, 0.48985403776168823, 0.5649697184562683, 0.561765730381012, 0.5400498509407043, 0.5425418019294739, 0.5667497515678406, 0.5197579264640808, 0.5414738059043884, 0.5482378005981445, 0.5129939317703247, 0.570665717124939, 0.561765730381012, 0.5453898310661316, 0.5485938191413879, 0.4973300099372864, 0.5194019079208374, 0.5503737926483154, 0.5574937462806702, 0.558205783367157, 0.4887860417366028, 0.5596297383308411, 0.5663937330245972, 0.5140619277954102, 0.5026699900627136]}