{"parameters": [[512, 0.3, 50, 16]], "report": {"air_conditioner": {"precision": 0.34277198211624443, "recall": 0.2875, "f1-score": 0.31271244051665537, "support": 800}, "car_horn": {"precision": 0.20134228187919462, "recall": 0.38961038961038963, "f1-score": 0.2654867256637168, "support": 77}, "children_playing": {"precision": 0.4878048780487805, "recall": 0.5583756345177665, "f1-score": 0.5207100591715975, "support": 788}, "dog_bark": {"precision": 0.7591240875912408, "recall": 0.6520376175548589, "f1-score": 0.7015177065767285, "support": 638}, "drilling": {"precision": 0.3755522827687776, "recall": 0.3493150684931507, "f1-score": 0.36195883605393897, "support": 730}, "engine_idling": {"precision": 0.6232980332829047, "recall": 0.5329883570504528, "f1-score": 0.5746164574616458, "support": 773}, "gun_shot": {"precision": 0.9243697478991597, "recall": 0.8461538461538461, "f1-score": 0.8835341365461847, "support": 130}, "jackhammer": {"precision": 0.476, "recall": 0.41391304347826086, "f1-score": 0.4427906976744186, "support": 575}, "siren": {"precision": 0.7277397260273972, "recall": 0.6978653530377669, "f1-score": 0.7124895222129086, "support": 609}, "street_music": {"precision": 0.4146341463414634, "recall": 0.57375, "f1-score": 0.4813843733613005, "support": 800}, "accuracy": 0.5092905405405406, "macro avg": {"precision": 0.5332637165955163, "recall": 0.5301509309896492, "f1-score": 0.5257200955239095, "support": 5920}, "weighted avg": {"precision": 0.5208046920241526, "recall": 0.5092905405405406, "f1-score": 0.5110450054527578, "support": 5920}}, "finalAcc": 0.8589789867401123, "finalVal": 0.5574937462806702, "finalAccData": [0.2185916006565094, 0.3096035420894623, 0.3793899416923523, 0.44614410400390625, 0.4896813929080963, 0.5346216559410095, 0.5668447017669678, 0.5936368703842163, 0.6114228963851929, 0.6321505904197693, 0.6482168436050415, 0.6740133762359619, 0.6884051561355591, 0.6929761171340942, 0.7057386040687561, 0.7194967269897461, 0.7275524735450745, 0.7398624420166016, 0.7435282468795776, 0.7501810193061829, 0.756743311882019, 0.7616310715675354, 0.7703656554222107, 0.7740315198898315, 0.7813178896903992, 0.7896451950073242, 0.7903692722320557, 0.7958001494407654, 0.7993301749229431, 0.8072954416275024, 0.8100560903549194, 0.8128620386123657, 0.8143102526664734, 0.8175235390663147, 0.8226828575134277, 0.82625812292099, 0.8279778957366943, 0.8274800777435303, 0.8344044089317322, 0.8354000449180603, 0.8366219997406006, 0.8432295322418213, 0.8445420265197754, 0.8422338962554932, 0.8494297862052917, 0.8524167537689209, 0.8477100133895874, 0.8545438051223755, 0.8553584218025208, 0.8589789867401123], "finalValData": [0.42969027161598206, 0.5226058959960938, 0.49234601855278015, 0.527233898639679, 0.5315058827400208, 0.5126379728317261, 0.5033819675445557, 0.5528658032417297, 0.5446777939796448, 0.5660377144813538, 0.540405809879303, 0.5468137860298157, 0.5628337264060974, 0.5461018085479736, 0.5539337992668152, 0.5347098708152771, 0.550017774105072, 0.5649697184562683, 0.5379138588905334, 0.5439658164978027, 0.516197919845581, 0.5197579264640808, 0.5827696919441223, 0.5834816694259644, 0.5767176747322083, 0.5339978933334351, 0.5407618284225464, 0.5197579264640808, 0.546457827091217, 0.5962976217269897, 0.5254539251327515, 0.5357778668403625, 0.5461018085479736, 0.5788536667823792, 0.5439658164978027, 0.583125650882721, 0.5838376879692078, 0.5574937462806702, 0.6051976084709167, 0.6002135872840881, 0.5592737793922424, 0.5646137595176697, 0.5215378999710083, 0.5742257237434387, 0.5948736071586609, 0.5674617290496826, 0.592025637626648, 0.5806336998939514, 0.5688857436180115, 0.5574937462806702]}