{"parameters": [[512, 0.4, 50, 16]], "report": {"air_conditioner": {"precision": 0.500772797527048, "recall": 0.405, "f1-score": 0.44782308223911543, "support": 800}, "car_horn": {"precision": 0.23776223776223776, "recall": 0.44155844155844154, "f1-score": 0.3090909090909091, "support": 77}, "children_playing": {"precision": 0.44354110207768743, "recall": 0.6230964467005076, "f1-score": 0.5182058047493403, "support": 788}, "dog_bark": {"precision": 0.7464028776978417, "recall": 0.6504702194357367, "f1-score": 0.695142378559464, "support": 638}, "drilling": {"precision": 0.4468802698145025, "recall": 0.363013698630137, "f1-score": 0.40060468631897206, "support": 730}, "engine_idling": {"precision": 0.8202479338842975, "recall": 0.5135834411384217, "f1-score": 0.6316626889419252, "support": 773}, "gun_shot": {"precision": 0.8771929824561403, "recall": 0.7692307692307693, "f1-score": 0.819672131147541, "support": 130}, "jackhammer": {"precision": 0.6595744680851063, "recall": 0.6469565217391304, "f1-score": 0.6532045654082529, "support": 575}, "siren": {"precision": 0.7960396039603961, "recall": 0.6600985221674877, "f1-score": 0.7217235188509874, "support": 609}, "street_music": {"precision": 0.3844241922120961, "recall": 0.58, "f1-score": 0.4623816641753861, "support": 800}, "accuracy": 0.5513513513513514, "macro avg": {"precision": 0.5912838465477354, "recall": 0.5653008060600632, "f1-score": 0.5659511429481893, "support": 5920}, "weighted avg": {"precision": 0.5896171425751203, "recall": 0.5513513513513514, "f1-score": 0.5584809313343165, "support": 5920}}, "finalAcc": 0.7856172919273376, "finalVal": 0.5297259092330933, "finalAccData": [0.1698950082063675, 0.2267831265926361, 0.28376176953315735, 0.3375724256038666, 0.38296523690223694, 0.41853728890419006, 0.45275163650512695, 0.48040369153022766, 0.4996832013130188, 0.517242968082428, 0.5320872664451599, 0.5485607981681824, 0.5604181885719299, 0.5789735913276672, 0.590423583984375, 0.6017378568649292, 0.6143193244934082, 0.6269007921218872, 0.6437816619873047, 0.6487599611282349, 0.6612961888313293, 0.6704381108283997, 0.6757331490516663, 0.6835626363754272, 0.688676655292511, 0.6983164548873901, 0.7018012404441833, 0.711078941822052, 0.7151520848274231, 0.7200398445129395, 0.729091227054596, 0.7311277985572815, 0.7388667464256287, 0.7409033179283142, 0.7447502017021179, 0.7535300254821777, 0.7540279030799866, 0.7575579285621643, 0.7642107009887695, 0.7645274996757507, 0.7681933641433716, 0.7686911821365356, 0.774665117263794, 0.7806390523910522, 0.7824945449829102, 0.7836712598800659, 0.7848479151725769, 0.7870202660560608, 0.7898262143135071, 0.7856172919273376], "finalValData": [0.3503026068210602, 0.4350302517414093, 0.4482021927833557, 0.46671414375305176, 0.48985403776168823, 0.5062299966812134, 0.518333911895752, 0.516197919845581, 0.5450338125228882, 0.4973300099372864, 0.4962620139122009, 0.5151299238204956, 0.4894980490207672, 0.4549661874771118, 0.4588821530342102, 0.4887860417366028, 0.5076539516448975, 0.45318618416786194, 0.49697402119636536, 0.4802420735359192, 0.5290138721466064, 0.48558205366134644, 0.4973300099372864, 0.4830900728702545, 0.49875399470329285, 0.48415806889533997, 0.4891420304775238, 0.5186899304389954, 0.4375222623348236, 0.4912780225276947, 0.5443218350410461, 0.47703808546066284, 0.46030616760253906, 0.5087219476699829, 0.5592737793922424, 0.5290138721466064, 0.5311498641967773, 0.48202207684516907, 0.4549661874771118, 0.46173015236854553, 0.4983980059623718, 0.5336418747901917, 0.5325738787651062, 0.5250979065895081, 0.5660377144813538, 0.5521537661552429, 0.5275899171829224, 0.5322178602218628, 0.5471698045730591, 0.5297259092330933]}