{"parameters": [[128, 0.3, 50, 16]], "report": {"air_conditioner": {"precision": 0.41067285382830626, "recall": 0.4425, "f1-score": 0.42599277978339345, "support": 800}, "car_horn": {"precision": 0.20279720279720279, "recall": 0.37662337662337664, "f1-score": 0.2636363636363636, "support": 77}, "children_playing": {"precision": 0.4118705035971223, "recall": 0.5812182741116751, "f1-score": 0.48210526315789476, "support": 788}, "dog_bark": {"precision": 0.7827956989247312, "recall": 0.5705329153605015, "f1-score": 0.6600181323662738, "support": 638}, "drilling": {"precision": 0.3646833013435701, "recall": 0.2602739726027397, "f1-score": 0.3037569944044764, "support": 730}, "engine_idling": {"precision": 0.6995884773662552, "recall": 0.4398447606727037, "f1-score": 0.5401111993645751, "support": 773}, "gun_shot": {"precision": 0.9135802469135802, "recall": 0.5692307692307692, "f1-score": 0.7014218009478673, "support": 130}, "jackhammer": {"precision": 0.4766214177978884, "recall": 0.5495652173913044, "f1-score": 0.5105008077544427, "support": 575}, "siren": {"precision": 0.796976241900648, "recall": 0.6059113300492611, "f1-score": 0.6884328358208956, "support": 609}, "street_music": {"precision": 0.4101423487544484, "recall": 0.57625, "f1-score": 0.47920997920997926, "support": 800}, "accuracy": 0.49915540540540543, "macro avg": {"precision": 0.5469728293223752, "recall": 0.49719506160423316, "f1-score": 0.5055186156446162, "support": 5920}, "weighted avg": {"precision": 0.537403233288018, "recall": 0.49915540540540543, "f1-score": 0.504844540816527, "support": 5920}}, "finalAcc": 0.713839590549469, "finalVal": 0.5080099701881409, "finalAccData": [0.12744387984275818, 0.15156589448451996, 0.15152063965797424, 0.1541908085346222, 0.1645546704530716, 0.1787201315164566, 0.20157495141029358, 0.2327118068933487, 0.2544351816177368, 0.28978094458580017, 0.31295257806777954, 0.339790016412735, 0.3693428635597229, 0.3874909579753876, 0.4060463309288025, 0.4243302047252655, 0.4428403377532959, 0.44799962639808655, 0.4710354804992676, 0.4880068898200989, 0.5024891495704651, 0.5154326558113098, 0.5434015393257141, 0.5532222986221313, 0.5732259154319763, 0.5843591690063477, 0.5957186818122864, 0.6031860709190369, 0.6161296367645264, 0.6224656105041504, 0.6264482140541077, 0.6413378119468689, 0.6499819159507751, 0.6521995067596436, 0.658761739730835, 0.6631516814231873, 0.6660934090614319, 0.675325870513916, 0.6789916753768921, 0.6783580780029297, 0.6838794350624084, 0.6876357793807983, 0.691075325012207, 0.69333815574646, 0.697411298751831, 0.6998099088668823, 0.6999456882476807, 0.7051954865455627, 0.7041546106338501, 0.713839590549469], "finalValData": [0.2292630821466446, 0.19010323286056519, 0.18761125206947327, 0.19757920503616333, 0.21395514905452728, 0.27625489234924316, 0.35137060284614563, 0.36703452467918396, 0.3588465750217438, 0.3791384696960449, 0.42292630672454834, 0.43823423981666565, 0.43431827425956726, 0.45567816495895386, 0.503026008605957, 0.48593804240226746, 0.5048059821128845, 0.4766820967197418, 0.4670701324939728, 0.5300818681716919, 0.47098612785339355, 0.4830900728702545, 0.47917407751083374, 0.5653257369995117, 0.5250979065895081, 0.46849411725997925, 0.49483802914619446, 0.4528301954269409, 0.48807403445243835, 0.44927018880844116, 0.46208614110946655, 0.5186899304389954, 0.4788180887699127, 0.5436097979545593, 0.5578497648239136, 0.5503737926483154, 0.5396938323974609, 0.527233898639679, 0.5250979065895081, 0.5347098708152771, 0.5539337992668152, 0.5350658893585205, 0.5311498641967773, 0.5425418019294739, 0.5126379728317261, 0.46671414375305176, 0.5468137860298157, 0.5176219344139099, 0.5261659026145935, 0.5080099701881409]}