{"parameters": [[128, 0.5, 50, 16]], "report": {"air_conditioner": {"precision": 0.28, "recall": 0.42, "f1-score": 0.3360000000000001, "support": 800}, "car_horn": {"precision": 0.27102803738317754, "recall": 0.37662337662337664, "f1-score": 0.31521739130434784, "support": 77}, "children_playing": {"precision": 0.36587771203155817, "recall": 0.47081218274111675, "f1-score": 0.411764705882353, "support": 788}, "dog_bark": {"precision": 0.7231404958677686, "recall": 0.54858934169279, "f1-score": 0.6238859180035651, "support": 638}, "drilling": {"precision": 0.4485294117647059, "recall": 0.33424657534246577, "f1-score": 0.38304552590266877, "support": 730}, "engine_idling": {"precision": 0.6964980544747081, "recall": 0.463130659767141, "f1-score": 0.5563325563325563, "support": 773}, "gun_shot": {"precision": 0.921875, "recall": 0.45384615384615384, "f1-score": 0.6082474226804123, "support": 130}, "jackhammer": {"precision": 0.545751633986928, "recall": 0.5808695652173913, "f1-score": 0.5627632687447346, "support": 575}, "siren": {"precision": 0.5972461273666093, "recall": 0.5697865353037767, "f1-score": 0.5831932773109244, "support": 609}, "street_music": {"precision": 0.25375, "recall": 0.25375, "f1-score": 0.25375, "support": 800}, "accuracy": 0.4444256756756757, "macro avg": {"precision": 0.5103696472875455, "recall": 0.4471654390534212, "f1-score": 0.46342000661615623, "support": 5920}, "weighted avg": {"precision": 0.4832327246839429, "recall": 0.4444256756756757, "f1-score": 0.45372898536571726, "support": 5920}}, "finalAcc": 0.5115405321121216, "finalVal": 0.493770033121109, "finalAccData": [0.12735337018966675, 0.1337798684835434, 0.13482078909873962, 0.13454924523830414, 0.131562277674675, 0.14179037511348724, 0.1448225975036621, 0.14690442383289337, 0.15613685548305511, 0.1522900015115738, 0.16256335377693176, 0.16197501122951508, 0.17093591392040253, 0.1730629950761795, 0.17229363322257996, 0.18043990433216095, 0.18894822895526886, 0.20107711851596832, 0.21397538483142853, 0.221125990152359, 0.23158037662506104, 0.24579109251499176, 0.2704561948776245, 0.28878530859947205, 0.30829110741615295, 0.31992214918136597, 0.33399710059165955, 0.35255250334739685, 0.365586519241333, 0.36830195784568787, 0.37323498725891113, 0.3778059482574463, 0.3911115229129791, 0.3956824839115143, 0.4067704677581787, 0.4237418472766876, 0.43071144819259644, 0.4416183829307556, 0.44546523690223694, 0.45207276940345764, 0.4592233896255493, 0.46660029888153076, 0.46872738003730774, 0.4795438051223755, 0.4802679121494293, 0.4877353310585022, 0.49506697058677673, 0.5033037662506104, 0.5073769092559814, 0.5115405321121216], "finalValData": [0.19010323286056519, 0.18298326432704926, 0.18155927956104279, 0.14595942199230194, 0.14133143424987793, 0.1669633388519287, 0.17052331566810608, 0.1644713431596756, 0.1623353511095047, 0.17123530805110931, 0.17799928784370422, 0.1755072921514511, 0.18013527989387512, 0.18476326763629913, 0.23495906591415405, 0.25169098377227783, 0.2570309638977051, 0.2944108247756958, 0.2969028055667877, 0.32787469029426575, 0.32787469029426575, 0.38198646903038025, 0.39943039417266846, 0.364186555147171, 0.39480242133140564, 0.3880384564399719, 0.4108223617076874, 0.39765042066574097, 0.4136703312397003, 0.43823423981666565, 0.4499821960926056, 0.4047703742980957, 0.41011035442352295, 0.4175863265991211, 0.45176219940185547, 0.45318618416786194, 0.46635812520980835, 0.4542541801929474, 0.4499821960926056, 0.49875399470329285, 0.4261302947998047, 0.4827340543270111, 0.4912780225276947, 0.503026008605957, 0.4873620569705963, 0.4830900728702545, 0.49448201060295105, 0.47953009605407715, 0.4980420172214508, 0.493770033121109]}