{"parameters": [[128, 0.4, 30, 32]], "report": {"air_conditioner": {"precision": 0.35939643347050754, "recall": 0.3275, "f1-score": 0.34270765206017, "support": 800}, "car_horn": {"precision": 0.0, "recall": 0.0, "f1-score": 0.0, "support": 77}, "children_playing": {"precision": 0.27058823529411763, "recall": 0.116751269035533, "f1-score": 0.1631205673758865, "support": 788}, "dog_bark": {"precision": 0.6714285714285714, "recall": 0.5156739811912225, "f1-score": 0.5833333333333333, "support": 638}, "drilling": {"precision": 0.38016528925619836, "recall": 0.18904109589041096, "f1-score": 0.252516010978957, "support": 730}, "engine_idling": {"precision": 0.4459770114942529, "recall": 0.5019404915912031, "f1-score": 0.4723067559342666, "support": 773}, "gun_shot": {"precision": 0.9, "recall": 0.13846153846153847, "f1-score": 0.24, "support": 130}, "jackhammer": {"precision": 0.39173789173789175, "recall": 0.4782608695652174, "f1-score": 0.4306969459671104, "support": 575}, "siren": {"precision": 0.20996592844974446, "recall": 0.8095238095238095, "f1-score": 0.3334460601961448, "support": 609}, "street_music": {"precision": 0.1206896551724138, "recall": 0.00875, "f1-score": 0.01631701631701632, "support": 800}, "accuracy": 0.3381756756756757, "macro avg": {"precision": 0.3749949016303698, "recall": 0.3085903055258935, "f1-score": 0.2834444342162885, "support": 5920}, "weighted avg": {"precision": 0.35777757738425586, "recall": 0.3381756756756757, "f1-score": 0.3073099009126658, "support": 5920}}, "finalAcc": 0.30851736664772034, "finalVal": 0.31292274594306946, "finalAccData": [0.11083453893661499, 0.1356354057788849, 0.13930122554302216, 0.1419261395931244, 0.13862237334251404, 0.13966329395771027, 0.1463613361120224, 0.15627263486385345, 0.16188450157642365, 0.1636495292186737, 0.1711622029542923, 0.17324402928352356, 0.17822229862213135, 0.17500905692577362, 0.1865948587656021, 0.1925235390663147, 0.2073225975036621, 0.2189083993434906, 0.221125990152359, 0.2292270064353943, 0.23606082797050476, 0.2390025407075882, 0.24859702587127686, 0.2522628605365753, 0.2518555521965027, 0.2578294575214386, 0.2729000747203827, 0.2805485129356384, 0.2889663279056549, 0.30851736664772034], "finalValData": [0.1039515808224678, 0.14595942199230194, 0.16945531964302063, 0.18689925968647003, 0.17621929943561554, 0.18227127194404602, 0.18298326432704926, 0.20932716131210327, 0.22677108645439148, 0.22783908247947693, 0.25667497515678406, 0.2645069360733032, 0.28052687644958496, 0.28052687644958496, 0.28408685326576233, 0.2926308214664459, 0.2944108247756958, 0.31256675720214844, 0.30651476979255676, 0.31933072209358215, 0.3157707452774048, 0.3175507187843323, 0.3161267340183258, 0.3175507187843323, 0.3175507187843323, 0.31043076515197754, 0.3047347664833069, 0.29725882411003113, 0.29797080159187317, 0.31292274594306946]}