{"parameters": [[512, 0.3, 30, 16]], "report": {"air_conditioner": {"precision": 0.464735516372796, "recall": 0.46125, "f1-score": 0.46298619824341286, "support": 800}, "car_horn": {"precision": 0.2916666666666667, "recall": 0.36363636363636365, "f1-score": 0.3236994219653179, "support": 77}, "children_playing": {"precision": 0.44719827586206895, "recall": 0.5266497461928934, "f1-score": 0.4836829836829837, "support": 788}, "dog_bark": {"precision": 0.7735849056603774, "recall": 0.5783699059561128, "f1-score": 0.661883408071749, "support": 638}, "drilling": {"precision": 0.3997175141242938, "recall": 0.38767123287671235, "f1-score": 0.39360222531293465, "support": 730}, "engine_idling": {"precision": 0.7218844984802432, "recall": 0.6144890038809832, "f1-score": 0.6638714185883996, "support": 773}, "gun_shot": {"precision": 0.8173913043478261, "recall": 0.7230769230769231, "f1-score": 0.7673469387755102, "support": 130}, "jackhammer": {"precision": 0.4711729622266402, "recall": 0.4121739130434783, "f1-score": 0.4397031539888683, "support": 575}, "siren": {"precision": 0.6532137518684604, "recall": 0.7175697865353038, "f1-score": 0.6838810641627544, "support": 609}, "street_music": {"precision": 0.41975308641975306, "recall": 0.51, "f1-score": 0.4604966139954853, "support": 800}, "accuracy": 0.5261824324324325, "macro avg": {"precision": 0.5460318482029125, "recall": 0.529488687519877, "f1-score": 0.5341153426787417, "support": 5920}, "weighted avg": {"precision": 0.5406742613390868, "recall": 0.5261824324324325, "f1-score": 0.5298488387637201, "support": 5920}}, "finalAcc": 0.8067070841789246, "finalVal": 0.5208259224891663, "finalAccData": [0.20053403079509735, 0.22280050814151764, 0.255295068025589, 0.3024076819419861, 0.34933924674987793, 0.40097755193710327, 0.4531136751174927, 0.49194425344467163, 0.5374276041984558, 0.5693790912628174, 0.5958544611930847, 0.621922492980957, 0.6381698250770569, 0.6562273502349854, 0.6718863248825073, 0.6934286952018738, 0.7071868181228638, 0.7192704677581787, 0.7271904349327087, 0.7415822148323059, 0.7517650127410889, 0.7576484680175781, 0.765749454498291, 0.7756155133247375, 0.7791455388069153, 0.7848932147026062, 0.7953023314476013, 0.7997827529907227, 0.8005521297454834, 0.8067070841789246], "finalValData": [0.34104663133621216, 0.31683874130249023, 0.4069063663482666, 0.4179423153400421, 0.41687431931495667, 0.420078307390213, 0.4909220337867737, 0.49199002981185913, 0.5080099701881409, 0.4827340543270111, 0.4375222623348236, 0.4866500496864319, 0.5596297383308411, 0.5229619145393372, 0.5169099569320679, 0.5592737793922424, 0.5169099569320679, 0.5080099701881409, 0.5347098708152771, 0.5208259224891663, 0.4998219907283783, 0.5112139582633972, 0.5151299238204956, 0.5557137727737427, 0.5653257369995117, 0.49234601855278015, 0.5019580125808716, 0.5767176747322083, 0.5578497648239136, 0.5208259224891663]}