{"parameters": [[128, 0.5, 50, 32]], "report": {"air_conditioner": {"precision": 0.2365038560411311, "recall": 0.345, "f1-score": 0.2806304016268429, "support": 800}, "car_horn": {"precision": 1.0, "recall": 0.2987012987012987, "f1-score": 0.45999999999999996, "support": 77}, "children_playing": {"precision": 0.37021969080553296, "recall": 0.5774111675126904, "f1-score": 0.451165096678235, "support": 788}, "dog_bark": {"precision": 0.8350515463917526, "recall": 0.5078369905956113, "f1-score": 0.6315789473684211, "support": 638}, "drilling": {"precision": 0.4353932584269663, "recall": 0.21232876712328766, "f1-score": 0.285451197053407, "support": 730}, "engine_idling": {"precision": 0.47742663656884876, "recall": 0.5472186287192755, "f1-score": 0.5099457504520795, "support": 773}, "gun_shot": {"precision": 0.9767441860465116, "recall": 0.3230769230769231, "f1-score": 0.4855491329479769, "support": 130}, "jackhammer": {"precision": 0.4827586206896552, "recall": 0.46260869565217394, "f1-score": 0.4724689165186501, "support": 575}, "siren": {"precision": 0.7049808429118773, "recall": 0.6042692939244664, "f1-score": 0.6507515473032714, "support": 609}, "street_music": {"precision": 0.3337748344370861, "recall": 0.315, "f1-score": 0.32411575562700967, "support": 800}, "accuracy": 0.43648648648648647, "macro avg": {"precision": 0.5852853472319361, "recall": 0.4193451765305727, "f1-score": 0.4551656745575894, "support": 5920}, "weighted avg": {"precision": 0.48623363318760293, "recall": 0.43648648648648647, "f1-score": 0.44110617161219284, "support": 5920}}, "finalAcc": 0.43478459119796753, "finalVal": 0.4759700894355774, "finalAccData": [0.12323497235774994, 0.14065894484519958, 0.13771723210811615, 0.13206009566783905, 0.13237689435482025, 0.13291998207569122, 0.13387037813663483, 0.13486604392528534, 0.13699312508106232, 0.1457729935646057, 0.14866943657398224, 0.15378348529338837, 0.15337617695331573, 0.15726828575134277, 0.16260862350463867, 0.16346849501132965, 0.16478095948696136, 0.16441890597343445, 0.17423968017101288, 0.17224836349487305, 0.1717958003282547, 0.17881064116954803, 0.1786748766899109, 0.18202389776706696, 0.18550868332386017, 0.18668536841869354, 0.19026067852973938, 0.19170890748500824, 0.20252534747123718, 0.20904235541820526, 0.2229815423488617, 0.2355629950761795, 0.2506788671016693, 0.25588342547416687, 0.26212888956069946, 0.2795528471469879, 0.29249638319015503, 0.30127623677253723, 0.3118211328983307, 0.3257603049278259, 0.342958003282547, 0.3587527275085449, 0.37237510085105896, 0.3822411298751831, 0.39776429533958435, 0.40785661339759827, 0.41763216257095337, 0.4242396950721741, 0.42980629205703735, 0.43478459119796753], "finalValData": [0.16269135475158691, 0.18120327591896057, 0.1879672408103943, 0.19010323286056519, 0.1794232875108719, 0.17408330738544464, 0.1794232875108719, 0.18867924809455872, 0.20291918516159058, 0.17835529148578644, 0.1755072921514511, 0.17906728386878967, 0.18511925637722015, 0.19757920503616333, 0.18689925968647003, 0.18654325604438782, 0.18547526001930237, 0.21502314507961273, 0.21751512587070465, 0.21715913712978363, 0.21751512587070465, 0.21146315336227417, 0.21537913382053375, 0.2143111377954483, 0.2210751175880432, 0.2121751457452774, 0.2296190857887268, 0.2534709870815277, 0.2645069360733032, 0.2851548492908478, 0.2947668135166168, 0.3090067505836487, 0.3218227028846741, 0.29761481285095215, 0.3292986750602722, 0.3357066512107849, 0.40156638622283936, 0.39551442861557007, 0.4111783504486084, 0.4243502914905548, 0.40156638622283936, 0.46244215965270996, 0.47988608479499817, 0.5040940046310425, 0.49056604504585266, 0.4983980059623718, 0.4802420735359192, 0.47917407751083374, 0.48380205035209656, 0.4759700894355774]}