{"parameters": [[64, 0.5, 30, 16]], "report": {"air_conditioner": {"precision": 0.13886753779144248, "recall": 0.6775, "f1-score": 0.2304911758452052, "support": 800}, "car_horn": {"precision": 0.0, "recall": 0.0, "f1-score": 0.0, "support": 77}, "children_playing": {"precision": 0.044444444444444446, "recall": 0.005076142131979695, "f1-score": 0.009111617312072893, "support": 788}, "dog_bark": {"precision": 0.0, "recall": 0.0, "f1-score": 0.0, "support": 638}, "drilling": {"precision": 0.4721311475409836, "recall": 0.19726027397260273, "f1-score": 0.2782608695652174, "support": 730}, "engine_idling": {"precision": 0.5185694635488308, "recall": 0.48771021992238034, "f1-score": 0.5026666666666667, "support": 773}, "gun_shot": {"precision": 0.0, "recall": 0.0, "f1-score": 0.0, "support": 130}, "jackhammer": {"precision": 0.4281729428172943, "recall": 0.5339130434782609, "f1-score": 0.47523219814241485, "support": 575}, "siren": {"precision": 0.0, "recall": 0.0, "f1-score": 0.0, "support": 609}, "street_music": {"precision": 0.033707865168539325, "recall": 0.0075, "f1-score": 0.012269938650306747, "support": 800}, "accuracy": 0.23310810810810811, "macro avg": {"precision": 0.1635893401311535, "recall": 0.19089596795052238, "f1-score": 0.1508032466181884, "support": 5920}, "weighted avg": {"precision": 0.1967553918476886, "recall": 0.23310810810810811, "f1-score": 0.18012485271725567, "support": 5920}}, "finalAcc": 0.2157404124736786, "finalVal": 0.2961908280849457, "finalAccData": [0.13029508292675018, 0.13273896276950836, 0.12979725003242493, 0.12884685397148132, 0.1284395307302475, 0.12862056493759155, 0.13043084740638733, 0.13015930354595184, 0.13092868030071259, 0.13368935883045197, 0.13921071588993073, 0.14029689133167267, 0.14332911372184753, 0.14559195935726166, 0.14631608128547668, 0.14608979225158691, 0.15097755193710327, 0.14975561201572418, 0.1520184576511383, 0.15663468837738037, 0.1558200567960739, 0.16260862350463867, 0.1708906590938568, 0.17663830518722534, 0.1852824091911316, 0.19021542370319366, 0.19962888956069946, 0.2075941413640976, 0.215106800198555, 0.2157404124736786], "finalValData": [0.1491634100675583, 0.14987540245056152, 0.14631541073322296, 0.14667141437530518, 0.1512994021177292, 0.15663936734199524, 0.16375935077667236, 0.1555713713169098, 0.16625133156776428, 0.19010323286056519, 0.20078319311141968, 0.2011391967535019, 0.20469918847084045, 0.20897115767002106, 0.20291918516159058, 0.20825916528701782, 0.20505517721176147, 0.20683516561985016, 0.20647917687892914, 0.20861516892910004, 0.20825916528701782, 0.20719116926193237, 0.2872908413410187, 0.24528302252292633, 0.2883588373661041, 0.2666429281234741, 0.26699894666671753, 0.28052687644958496, 0.3567105829715729, 0.2961908280849457]}