{"parameters": [[256, 0.4, 40, 16]], "report": {"air_conditioner": {"precision": 0.4031117397454031, "recall": 0.35625, "f1-score": 0.37823490378234903, "support": 800}, "car_horn": {"precision": 0.32967032967032966, "recall": 0.38961038961038963, "f1-score": 0.35714285714285715, "support": 77}, "children_playing": {"precision": 0.4290909090909091, "recall": 0.5989847715736041, "f1-score": 0.5, "support": 788}, "dog_bark": {"precision": 0.8371559633027523, "recall": 0.5721003134796239, "f1-score": 0.6797020484171323, "support": 638}, "drilling": {"precision": 0.3722044728434505, "recall": 0.31917808219178084, "f1-score": 0.34365781710914456, "support": 730}, "engine_idling": {"precision": 0.5873417721518988, "recall": 0.6002587322121604, "f1-score": 0.5937300063979527, "support": 773}, "gun_shot": {"precision": 0.9545454545454546, "recall": 0.6461538461538462, "f1-score": 0.7706422018348624, "support": 130}, "jackhammer": {"precision": 0.5876288659793815, "recall": 0.5947826086956521, "f1-score": 0.5911840968020744, "support": 575}, "siren": {"precision": 0.685025817555938, "recall": 0.6535303776683087, "f1-score": 0.6689075630252102, "support": 609}, "street_music": {"precision": 0.36126224156692055, "recall": 0.415, "f1-score": 0.3862710878417685, "support": 800}, "accuracy": 0.5076013513513513, "macro avg": {"precision": 0.5547037566452439, "recall": 0.5145849121585366, "f1-score": 0.5269472582353351, "support": 5920}, "weighted avg": {"precision": 0.5260127747221323, "recall": 0.5076013513513513, "f1-score": 0.5108204813187155, "support": 5920}}, "finalAcc": 0.6846035718917847, "finalVal": 0.5240299105644226, "finalAccData": [0.14527516067028046, 0.18301954865455627, 0.20487871766090393, 0.2264663279056549, 0.2582367956638336, 0.273171603679657, 0.2873823344707489, 0.3040821850299835, 0.3249909579753876, 0.3344949185848236, 0.3504254221916199, 0.3692976236343384, 0.381879061460495, 0.3969044089317322, 0.4133327305316925, 0.4308924674987793, 0.4457367956638336, 0.46338704228401184, 0.4779145419597626, 0.4972393214702606, 0.5118120908737183, 0.524665117263794, 0.5469768047332764, 0.5632241368293762, 0.5800144672393799, 0.5855358242988586, 0.5984793901443481, 0.6112871170043945, 0.6181209087371826, 0.6295257210731506, 0.634503960609436, 0.6402968764305115, 0.645501434803009, 0.6574945449829102, 0.6603004932403564, 0.6630612015724182, 0.6761404871940613, 0.676502525806427, 0.6776792407035828, 0.6846035718917847], "finalValData": [0.2054111808538437, 0.311498761177063, 0.3901744484901428, 0.40121039748191833, 0.4204343259334564, 0.4375222623348236, 0.4610181450843811, 0.4524741768836975, 0.4724101126194, 0.46244215965270996, 0.4652901291847229, 0.5293698906898499, 0.4453542232513428, 0.43609824776649475, 0.4417942464351654, 0.462798148393631, 0.4482021927833557, 0.4460662305355072, 0.4542541801929474, 0.4435742199420929, 0.5133499503135681, 0.47490209341049194, 0.5261659026145935, 0.515485942363739, 0.5040940046310425, 0.5218939185142517, 0.4894980490207672, 0.5290138721466064, 0.5186899304389954, 0.527945876121521, 0.5315058827400208, 0.5311498641967773, 0.5436097979545593, 0.5290138721466064, 0.5254539251327515, 0.5265219211578369, 0.5265219211578369, 0.5428978204727173, 0.5393378138542175, 0.5240299105644226]}