{"parameters": [[128, 0.4, 50, 16]], "report": {"air_conditioner": {"precision": 0.3598901098901099, "recall": 0.3275, "f1-score": 0.34293193717277487, "support": 800}, "car_horn": {"precision": 0.2564102564102564, "recall": 0.38961038961038963, "f1-score": 0.3092783505154639, "support": 77}, "children_playing": {"precision": 0.3717532467532468, "recall": 0.5812182741116751, "f1-score": 0.45346534653465354, "support": 788}, "dog_bark": {"precision": 0.8543689320388349, "recall": 0.5517241379310345, "f1-score": 0.6704761904761906, "support": 638}, "drilling": {"precision": 0.37896825396825395, "recall": 0.26164383561643834, "f1-score": 0.3095623987034035, "support": 730}, "engine_idling": {"precision": 0.5809659090909091, "recall": 0.5291073738680466, "f1-score": 0.5538253215978335, "support": 773}, "gun_shot": {"precision": 1.0, "recall": 0.4461538461538462, "f1-score": 0.6170212765957447, "support": 130}, "jackhammer": {"precision": 0.5116279069767442, "recall": 0.5356521739130434, "f1-score": 0.5233644859813085, "support": 575}, "siren": {"precision": 0.7170474516695958, "recall": 0.6699507389162561, "f1-score": 0.6926994906621392, "support": 609}, "street_music": {"precision": 0.3038229376257545, "recall": 0.3775, "f1-score": 0.3366778149386845, "support": 800}, "accuracy": 0.46925675675675677, "macro avg": {"precision": 0.5334855004423705, "recall": 0.46700607701207303, "f1-score": 0.4809302613178197, "support": 5920}, "weighted avg": {"precision": 0.5025919565103254, "recall": 0.46925675675675677, "f1-score": 0.47460905356934563, "support": 5920}}, "finalAcc": 0.6357259154319763, "finalVal": 0.5229619145393372, "finalAccData": [0.1375362128019333, 0.15287834405899048, 0.14753802120685577, 0.1536024659872055, 0.16545981168746948, 0.17541636526584625, 0.1865496039390564, 0.19732078909873962, 0.20741310715675354, 0.2157856673002243, 0.22420348227024078, 0.23035843670368195, 0.2339790016412735, 0.23732802271842957, 0.24506698548793793, 0.24642468988895416, 0.24705828726291656, 0.2666093409061432, 0.2798244059085846, 0.29417088627815247, 0.3241763114929199, 0.35449856519699097, 0.37608617544174194, 0.4032404124736786, 0.4278602600097656, 0.4481806755065918, 0.4572773277759552, 0.4724384546279907, 0.49352824687957764, 0.5043447017669678, 0.5132603049278259, 0.5274710059165955, 0.5376086235046387, 0.5508236885070801, 0.5588794350624084, 0.5633146166801453, 0.572411298751831, 0.5784757137298584, 0.5833635330200195, 0.588839590549469, 0.5961260199546814, 0.6025524735450745, 0.6073949933052063, 0.6116943955421448, 0.6148171424865723, 0.6204742789268494, 0.6259503960609436, 0.6246832013130188, 0.6310191750526428, 0.6357259154319763], "finalValData": [0.24279102683067322, 0.2534709870815277, 0.24706301093101501, 0.2210751175880432, 0.2360270619392395, 0.23033107817173004, 0.28017088770866394, 0.2769668996334076, 0.30651476979255676, 0.2947668135166168, 0.3421146273612976, 0.3378426432609558, 0.32787469029426575, 0.32823067903518677, 0.3275187015533447, 0.3421146273612976, 0.35421857237815857, 0.3414026200771332, 0.37735849618911743, 0.40833038091659546, 0.3944464325904846, 0.37379851937294006, 0.4264862835407257, 0.4567461609840393, 0.4485582113265991, 0.43609824776649475, 0.45354217290878296, 0.47561410069465637, 0.5023139715194702, 0.5229619145393372, 0.5140619277954102, 0.5343538522720337, 0.5190459489822388, 0.50587397813797, 0.5236738920211792, 0.5062299966812134, 0.5236738920211792, 0.45817017555236816, 0.4809540808200836, 0.5144179463386536, 0.5144179463386536, 0.5179779529571533, 0.5265219211578369, 0.5240299105644226, 0.5144179463386536, 0.5382698178291321, 0.5069419741630554, 0.5283018946647644, 0.5393378138542175, 0.5229619145393372]}