{"parameters": [[64, 0.4, 30, 32]], "report": {"air_conditioner": {"precision": 0.0, "recall": 0.0, "f1-score": 0.0, "support": 800}, "car_horn": {"precision": 0.0, "recall": 0.0, "f1-score": 0.0, "support": 77}, "children_playing": {"precision": 0.18858954041204437, "recall": 0.15101522842639595, "f1-score": 0.16772374911909796, "support": 788}, "dog_bark": {"precision": 0.0, "recall": 0.0, "f1-score": 0.0, "support": 638}, "drilling": {"precision": 0.3912037037037037, "recall": 0.23150684931506849, "f1-score": 0.2908777969018933, "support": 730}, "engine_idling": {"precision": 0.1111111111111111, "recall": 0.0038809831824062097, "f1-score": 0.0075, "support": 773}, "gun_shot": {"precision": 0.0, "recall": 0.0, "f1-score": 0.0, "support": 130}, "jackhammer": {"precision": 0.043478260869565216, "recall": 0.0017391304347826088, "f1-score": 0.003344481605351171, "support": 575}, "siren": {"precision": 0.0, "recall": 0.0, "f1-score": 0.0, "support": 609}, "street_music": {"precision": 0.14874141876430205, "recall": 0.89375, "f1-score": 0.2550383449259853, "support": 800}, "accuracy": 0.17010135135135135, "macro avg": {"precision": 0.08831240348607264, "recall": 0.12818921913586534, "f1-score": 0.07244843725523278, "support": 5920}, "weighted avg": {"precision": 0.11217386578525763, "recall": 0.17010135135135135, "f1-score": 0.09396256062636765, "support": 5920}}, "finalAcc": 0.17971578240394592, "finalVal": 0.23317906260490417, "finalAccData": [0.1183924674987793, 0.14188088476657867, 0.13667632639408112, 0.1341419219970703, 0.1353638619184494, 0.1296614706516266, 0.1312907338142395, 0.13391564786434174, 0.13559015095233917, 0.13934649527072906, 0.13934649527072906, 0.14704018831253052, 0.14812636375427246, 0.15093229711055756, 0.15446235239505768, 0.15432657301425934, 0.15093229711055756, 0.1610698699951172, 0.15835444629192352, 0.16378529369831085, 0.16138668358325958, 0.16256335377693176, 0.165188267827034, 0.1655503213405609, 0.1670890599489212, 0.16840152442455292, 0.1649167239665985, 0.1689446121454239, 0.173334538936615, 0.17971578240394592], "finalValData": [0.14809541404247284, 0.15094339847564697, 0.15521538257598877, 0.16197934746742249, 0.15307939052581787, 0.16269135475158691, 0.1730153113603592, 0.19366322457790375, 0.20256319642066956, 0.19544321298599243, 0.1925952285528183, 0.199003204703331, 0.19757920503616333, 0.19615522027015686, 0.20469918847084045, 0.2054111808538437, 0.19971519708633423, 0.19579921662807465, 0.19793520867824554, 0.19971519708633423, 0.1972232162952423, 0.19544321298599243, 0.19971519708633423, 0.20291918516159058, 0.20185118913650513, 0.2075471729040146, 0.21075116097927094, 0.22783908247947693, 0.2121751457452774, 0.23317906260490417]}