{"parameters": [[512, 0.5, 40, 32]], "report": {"air_conditioner": {"precision": 0.3438395415472779, "recall": 0.45, "f1-score": 0.38982133188955065, "support": 800}, "car_horn": {"precision": 0.3055555555555556, "recall": 0.42857142857142855, "f1-score": 0.3567567567567567, "support": 77}, "children_playing": {"precision": 0.449, "recall": 0.5697969543147208, "f1-score": 0.5022371364653244, "support": 788}, "dog_bark": {"precision": 0.8085585585585585, "recall": 0.5626959247648903, "f1-score": 0.6635859519408502, "support": 638}, "drilling": {"precision": 0.46496815286624205, "recall": 0.3, "f1-score": 0.3646960865945046, "support": 730}, "engine_idling": {"precision": 0.6400709219858156, "recall": 0.4670116429495472, "f1-score": 0.5400149588631264, "support": 773}, "gun_shot": {"precision": 0.9848484848484849, "recall": 0.5, "f1-score": 0.6632653061224489, "support": 130}, "jackhammer": {"precision": 0.5052316890881914, "recall": 0.5878260869565217, "f1-score": 0.5434083601286174, "support": 575}, "siren": {"precision": 0.662992125984252, "recall": 0.6912972085385879, "f1-score": 0.6768488745980707, "support": 609}, "street_music": {"precision": 0.42467248908296945, "recall": 0.48625, "f1-score": 0.45337995337995335, "support": 800}, "accuracy": 0.5057432432432433, "macro avg": {"precision": 0.5589737519517347, "recall": 0.5043449246095697, "f1-score": 0.5154014716739204, "support": 5920}, "weighted avg": {"precision": 0.5345459570794173, "recall": 0.5057432432432433, "f1-score": 0.5094099606881917, "support": 5920}}, "finalAcc": 0.6312907338142395, "finalVal": 0.5176219344139099, "finalAccData": [0.14631608128547668, 0.15898805856704712, 0.19492216408252716, 0.20125815272331238, 0.21112418174743652, 0.22040188312530518, 0.23628711700439453, 0.2496832013130188, 0.27244749665260315, 0.29005250334739685, 0.28760862350463867, 0.30258870124816895, 0.31177589297294617, 0.32494568824768066, 0.3364409804344177, 0.34911295771598816, 0.36318790912628174, 0.37481898069381714, 0.3878529965877533, 0.39364591240882874, 0.4077208638191223, 0.4337436556816101, 0.4450579285621643, 0.45582911372184753, 0.47782403230667114, 0.4843863248825073, 0.496832013130188, 0.5197320580482483, 0.5256607532501221, 0.5343500971794128, 0.5523171424865723, 0.5620474219322205, 0.5725923180580139, 0.5791546106338501, 0.590423583984375, 0.5983436107635498, 0.6029598116874695, 0.6161748766899109, 0.6195691823959351, 0.6312907338142395], "finalValData": [0.29583480954170227, 0.35172659158706665, 0.37095052003860474, 0.40761837363243103, 0.4158063232898712, 0.3958704173564911, 0.3901744484901428, 0.4158063232898712, 0.40975436568260193, 0.4129583537578583, 0.41011035442352295, 0.42719829082489014, 0.43360626697540283, 0.4350302517414093, 0.44499823451042175, 0.44713419675827026, 0.44499823451042175, 0.4802420735359192, 0.4542541801929474, 0.45105019211769104, 0.4499821960926056, 0.47098612785339355, 0.45389819145202637, 0.49056604504585266, 0.47063010931015015, 0.4724101126194, 0.47561410069465637, 0.46208614110946655, 0.46030616760253906, 0.4442862272262573, 0.4610181450843811, 0.4567461609840393, 0.5218939185142517, 0.5119259357452393, 0.4670701324939728, 0.4830900728702545, 0.5048059821128845, 0.5343538522720337, 0.5268778800964355, 0.5176219344139099]}