{"parameters": [[64, 0.4, 50, 16]], "report": {"air_conditioner": {"precision": 0.39361702127659576, "recall": 0.185, "f1-score": 0.25170068027210885, "support": 800}, "car_horn": {"precision": 0.46153846153846156, "recall": 0.3116883116883117, "f1-score": 0.372093023255814, "support": 77}, "children_playing": {"precision": 0.4024242424242424, "recall": 0.4213197969543147, "f1-score": 0.41165530068195905, "support": 788}, "dog_bark": {"precision": 0.856353591160221, "recall": 0.48589341692789967, "f1-score": 0.6199999999999999, "support": 638}, "drilling": {"precision": 0.39357429718875503, "recall": 0.2684931506849315, "f1-score": 0.3192182410423453, "support": 730}, "engine_idling": {"precision": 0.3161843515541265, "recall": 0.7632600258732212, "f1-score": 0.44713906782872304, "support": 773}, "gun_shot": {"precision": 0.9791666666666666, "recall": 0.36153846153846153, "f1-score": 0.5280898876404494, "support": 130}, "jackhammer": {"precision": 0.5016891891891891, "recall": 0.5165217391304348, "f1-score": 0.5089974293059125, "support": 575}, "siren": {"precision": 0.67578125, "recall": 0.5681444991789819, "f1-score": 0.6173059768064229, "support": 609}, "street_music": {"precision": 0.320659062103929, "recall": 0.31625, "f1-score": 0.31843926998112015, "support": 800}, "accuracy": 0.4295608108108108, "macro avg": {"precision": 0.5300988133102187, "recall": 0.41981094019765564, "f1-score": 0.4394638876814854, "support": 5920}, "weighted avg": {"precision": 0.4779487660190856, "recall": 0.4295608108108108, "f1-score": 0.425783760547711, "support": 5920}}, "finalAcc": 0.44297611713409424, "finalVal": 0.4439302384853363, "finalAccData": [0.14278602600097656, 0.142876535654068, 0.14301231503486633, 0.1441890001296997, 0.15161114931106567, 0.15342143177986145, 0.15867125988006592, 0.1579471379518509, 0.16224655508995056, 0.16197501122951508, 0.16437363624572754, 0.16464518010616302, 0.16754163801670074, 0.16849203407764435, 0.17469225823879242, 0.17885589599609375, 0.18546342849731445, 0.19148261845111847, 0.19750180840492249, 0.2035209983587265, 0.2119840681552887, 0.23940984904766083, 0.2581010162830353, 0.26371288299560547, 0.28312817215919495, 0.2963884770870209, 0.30159303545951843, 0.3163015842437744, 0.3263486623764038, 0.3341328799724579, 0.34431570768356323, 0.3542722761631012, 0.36314263939857483, 0.37364229559898376, 0.37699130177497864, 0.3869931101799011, 0.38866764307022095, 0.39278602600097656, 0.4025615453720093, 0.40586531162261963, 0.4069514870643616, 0.40876176953315735, 0.4136495292186737, 0.4211621880531311, 0.41917088627815247, 0.4277697205543518, 0.43107348680496216, 0.4349203407764435, 0.44139209389686584, 0.44297611713409424], "finalValData": [0.23211106657981873, 0.17479529976844788, 0.1733713001012802, 0.17408330738544464, 0.1794232875108719, 0.18440726399421692, 0.18725524842739105, 0.1925952285528183, 0.19330722093582153, 0.1950872242450714, 0.1950872242450714, 0.19366322457790375, 0.19544321298599243, 0.18689925968647003, 0.19971519708633423, 0.22605909407138824, 0.2577429711818695, 0.2702029049396515, 0.2659309506416321, 0.2613029479980469, 0.3186187148094177, 0.34496262669563293, 0.3339266777038574, 0.3414026200771332, 0.35208258032798767, 0.3684585392475128, 0.3656105399131775, 0.4004983901977539, 0.3937344253063202, 0.43787825107574463, 0.44072625041007996, 0.4111783504486084, 0.4161623418331146, 0.41651833057403564, 0.4051263928413391, 0.43182626366615295, 0.441082239151001, 0.4328942596912384, 0.4239943027496338, 0.4503381848335266, 0.41901031136512756, 0.41438233852386475, 0.4328942596912384, 0.4346742630004883, 0.4478462040424347, 0.43859025835990906, 0.44072625041007996, 0.4435742199420929, 0.43218228220939636, 0.4439302384853363]}