{"parameters": [[512, 0.4, 40, 32]], "report": {"air_conditioner": {"precision": 0.35220994475138123, "recall": 0.31875, "f1-score": 0.33464566929133854, "support": 800}, "car_horn": {"precision": 0.21138211382113822, "recall": 0.33766233766233766, "f1-score": 0.26, "support": 77}, "children_playing": {"precision": 0.42857142857142855, "recall": 0.6091370558375635, "f1-score": 0.5031446540880503, "support": 788}, "dog_bark": {"precision": 0.7435387673956262, "recall": 0.5862068965517241, "f1-score": 0.6555652936021034, "support": 638}, "drilling": {"precision": 0.43506493506493504, "recall": 0.27534246575342464, "f1-score": 0.337248322147651, "support": 730}, "engine_idling": {"precision": 0.6546546546546547, "recall": 0.5640362225097024, "f1-score": 0.6059763724808894, "support": 773}, "gun_shot": {"precision": 0.9375, "recall": 0.6923076923076923, "f1-score": 0.7964601769911505, "support": 130}, "jackhammer": {"precision": 0.47863247863247865, "recall": 0.48695652173913045, "f1-score": 0.4827586206896552, "support": 575}, "siren": {"precision": 0.7258064516129032, "recall": 0.6650246305418719, "f1-score": 0.6940874035989717, "support": 609}, "street_music": {"precision": 0.43859649122807015, "recall": 0.59375, "f1-score": 0.5045140732873074, "support": 800}, "accuracy": 0.510472972972973, "macro avg": {"precision": 0.5405957265732616, "recall": 0.5129173822903448, "f1-score": 0.5174400586177117, "support": 5920}, "weighted avg": {"precision": 0.5276628117824101, "recall": 0.510472972972973, "f1-score": 0.5108974169924206, "support": 5920}}, "finalAcc": 0.7516292333602905, "finalVal": 0.5649697184562683, "finalAccData": [0.1545076072216034, 0.17786024510860443, 0.1818428635597229, 0.18419623374938965, 0.19655141234397888, 0.21148623526096344, 0.22696416079998016, 0.24701303243637085, 0.27050143480300903, 0.2817251980304718, 0.3134956657886505, 0.34150978922843933, 0.36540549993515015, 0.38839608430862427, 0.41500723361968994, 0.4365043342113495, 0.45655322074890137, 0.478548139333725, 0.5027607083320618, 0.5263848900794983, 0.5549420714378357, 0.5674782991409302, 0.5944967269897461, 0.6143193244934082, 0.6208816170692444, 0.6356354355812073, 0.6472212076187134, 0.6580376625061035, 0.6694424152374268, 0.678493857383728, 0.6879978179931641, 0.6977280974388123, 0.7084540128707886, 0.7131155133247375, 0.7201756238937378, 0.7261495590209961, 0.7349746823310852, 0.7428494095802307, 0.7491853833198547, 0.7516292333602905], "finalValData": [0.3485226035118103, 0.3090067505836487, 0.2947668135166168, 0.2833748757839203, 0.29725882411003113, 0.3275187015533447, 0.33250266313552856, 0.3357066512107849, 0.3599145710468292, 0.38163048028945923, 0.39088642597198486, 0.3727305233478546, 0.4008544087409973, 0.4154503345489502, 0.4371662437915802, 0.48843005299568176, 0.5247418880462646, 0.5396938323974609, 0.5421858429908752, 0.5204699039459229, 0.5521537661552429, 0.5428978204727173, 0.5439658164978027, 0.5012459754943848, 0.4959060251712799, 0.5639017224311829, 0.5592737793922424, 0.5211819410324097, 0.518333911895752, 0.5190459489822388, 0.5414738059043884, 0.5354218482971191, 0.48380205035209656, 0.5614097714424133, 0.5742257237434387, 0.5265219211578369, 0.5400498509407043, 0.4912780225276947, 0.5218939185142517, 0.5649697184562683]}