{"parameters": [[512, 0.5, 50, 16]], "report": {"air_conditioner": {"precision": 0.36560509554140125, "recall": 0.35875, "f1-score": 0.3621451104100946, "support": 800}, "car_horn": {"precision": 0.26605504587155965, "recall": 0.37662337662337664, "f1-score": 0.31182795698924737, "support": 77}, "children_playing": {"precision": 0.5096481271282634, "recall": 0.5697969543147208, "f1-score": 0.5380467345715998, "support": 788}, "dog_bark": {"precision": 0.7313432835820896, "recall": 0.6144200626959248, "f1-score": 0.6678023850085179, "support": 638}, "drilling": {"precision": 0.43820224719101125, "recall": 0.32054794520547947, "f1-score": 0.37025316455696206, "support": 730}, "engine_idling": {"precision": 0.6818897637795276, "recall": 0.5601552393272963, "f1-score": 0.6150568181818182, "support": 773}, "gun_shot": {"precision": 0.9787234042553191, "recall": 0.7076923076923077, "f1-score": 0.8214285714285715, "support": 130}, "jackhammer": {"precision": 0.4896907216494845, "recall": 0.4956521739130435, "f1-score": 0.4926534140017286, "support": 575}, "siren": {"precision": 0.7454545454545455, "recall": 0.6732348111658456, "f1-score": 0.7075064710957722, "support": 609}, "street_music": {"precision": 0.4052718286655684, "recall": 0.615, "f1-score": 0.48857994041708047, "support": 800}, "accuracy": 0.5241554054054054, "macro avg": {"precision": 0.5611884063118769, "recall": 0.5291872870937995, "f1-score": 0.5375300566661394, "support": 5920}, "weighted avg": {"precision": 0.5431020220497647, "recall": 0.5241554054054054, "f1-score": 0.5272442805140081, "support": 5920}}, "finalAcc": 0.7247918248176575, "finalVal": 0.5197579264640808, "finalAccData": [0.14025163650512695, 0.1727009415626526, 0.18650434911251068, 0.2016202062368393, 0.22474655508995056, 0.2409033328294754, 0.2720401883125305, 0.2908218801021576, 0.3071144223213196, 0.3254435062408447, 0.3562183082103729, 0.38301050662994385, 0.399755597114563, 0.41034576296806335, 0.42659303545951843, 0.4551502466201782, 0.46660029888153076, 0.4820329546928406, 0.496832013130188, 0.5102280974388123, 0.5313178896903992, 0.5518645644187927, 0.5632241368293762, 0.5759413242340088, 0.5878439545631409, 0.604091227054596, 0.6110607981681824, 0.618256688117981, 0.6335535645484924, 0.6358616948127747, 0.6450941562652588, 0.6516563892364502, 0.6541455388069153, 0.6612508893013, 0.6658218502998352, 0.6752353310585022, 0.6817976236343384, 0.686323344707489, 0.6931571364402771, 0.6947863698005676, 0.6973660588264465, 0.7027063965797424, 0.7066437602043152, 0.7131155133247375, 0.7137491106987, 0.7147899866104126, 0.7191346883773804, 0.7179579734802246, 0.7261042594909668, 0.7247918248176575], "finalValData": [0.2121751457452774, 0.27767887711524963, 0.2794588804244995, 0.2769668996334076, 0.3289426863193512, 0.37949448823928833, 0.4239943027496338, 0.44037023186683655, 0.4264862835407257, 0.4692061245441437, 0.46457815170288086, 0.4930580258369446, 0.49483802914619446, 0.5037379860877991, 0.5037379860877991, 0.462798148393631, 0.45354217290878296, 0.5133499503135681, 0.463154137134552, 0.5197579264640808, 0.47988608479499817, 0.5033819675445557, 0.4613741636276245, 0.5311498641967773, 0.5076539516448975, 0.5478817820549011, 0.4930580258369446, 0.5592737793922424, 0.5418298244476318, 0.5254539251327515, 0.506585955619812, 0.5336418747901917, 0.5211819410324097, 0.5261659026145935, 0.5158419609069824, 0.5300818681716919, 0.4962620139122009, 0.5425418019294739, 0.5226058959960938, 0.5286579132080078, 0.5382698178291321, 0.5443218350410461, 0.5051620006561279, 0.5169099569320679, 0.5094339847564697, 0.5389818549156189, 0.5297259092330933, 0.47988608479499817, 0.515485942363739, 0.5197579264640808]}