{"parameters": [[64, 0.3, 50, 16]], "report": {"air_conditioner": {"precision": 0.36482084690553745, "recall": 0.56, "f1-score": 0.44181459566074954, "support": 800}, "car_horn": {"precision": 0.4126984126984127, "recall": 0.33766233766233766, "f1-score": 0.3714285714285714, "support": 77}, "children_playing": {"precision": 0.38120950323974084, "recall": 0.4479695431472081, "f1-score": 0.411901983663944, "support": 788}, "dog_bark": {"precision": 0.8108747044917257, "recall": 0.5376175548589341, "f1-score": 0.646559849198869, "support": 638}, "drilling": {"precision": 0.4431137724550898, "recall": 0.3041095890410959, "f1-score": 0.3606823720552397, "support": 730}, "engine_idling": {"precision": 0.7588235294117647, "recall": 0.500646830530401, "f1-score": 0.603273577552611, "support": 773}, "gun_shot": {"precision": 0.9821428571428571, "recall": 0.4230769230769231, "f1-score": 0.5913978494623656, "support": 130}, "jackhammer": {"precision": 0.42916666666666664, "recall": 0.3582608695652174, "f1-score": 0.390521327014218, "support": 575}, "siren": {"precision": 0.4101123595505618, "recall": 0.7192118226600985, "f1-score": 0.522361359570662, "support": 609}, "street_music": {"precision": 0.3924812030075188, "recall": 0.32625, "f1-score": 0.3563139931740615, "support": 800}, "accuracy": 0.4626689189189189, "macro avg": {"precision": 0.5385443855569875, "recall": 0.4514805470542216, "f1-score": 0.46962554787812916, "support": 5920}, "weighted avg": {"precision": 0.5050003448619199, "recall": 0.4626689189189189, "f1-score": 0.46509543521524055, "support": 5920}}, "finalAcc": 0.5357983112335205, "finalVal": 0.4738340973854065, "finalAccData": [0.12323497235774994, 0.15002715587615967, 0.14708544313907623, 0.15428131818771362, 0.17070962488651276, 0.17641201615333557, 0.18731896579265594, 0.19899529218673706, 0.20736785233020782, 0.2183200567960739, 0.22216691076755524, 0.22687363624572754, 0.23723751306533813, 0.2409033328294754, 0.2480992078781128, 0.2566075325012207, 0.2606354057788849, 0.26651883125305176, 0.27185916900634766, 0.2848931849002838, 0.31390297412872314, 0.31960535049438477, 0.32924512028694153, 0.33929216861724854, 0.368120938539505, 0.38083815574645996, 0.39369115233421326, 0.39907675981521606, 0.4082186818122864, 0.4089427888393402, 0.4176774024963379, 0.4221578538417816, 0.42636677622795105, 0.4314808249473572, 0.4397628605365753, 0.4465966820716858, 0.448497474193573, 0.4527968764305115, 0.4726194739341736, 0.4847031235694885, 0.4828023314476013, 0.49420708417892456, 0.49923062324523926, 0.5016292333602905, 0.5097302794456482, 0.5158852338790894, 0.5233526229858398, 0.5242577791213989, 0.5284667015075684, 0.5357983112335205], "finalValData": [0.17194731533527374, 0.177287295460701, 0.2054111808538437, 0.23994304239749908, 0.2552509903907776, 0.2598789632320404, 0.2666429281234741, 0.31505873799324036, 0.31221073865890503, 0.32360270619392395, 0.32573869824409485, 0.3093627691268921, 0.33428266644477844, 0.30865076184272766, 0.31470274925231934, 0.31505873799324036, 0.3228906989097595, 0.3225347101688385, 0.31897473335266113, 0.3869704604148865, 0.40334638953208923, 0.4026343822479248, 0.4218583106994629, 0.3656105399131775, 0.39337843656539917, 0.4375222623348236, 0.3837664723396301, 0.4136703312397003, 0.42541828751564026, 0.4286222755908966, 0.41438233852386475, 0.3855464458465576, 0.41901031136512756, 0.39124244451522827, 0.4353862702846527, 0.42506229877471924, 0.45176219940185547, 0.4439302384853363, 0.4421502351760864, 0.44037023186683655, 0.4371662437915802, 0.45603418350219727, 0.46208614110946655, 0.45781415700912476, 0.47312211990356445, 0.4457102119922638, 0.45817017555236816, 0.49875399470329285, 0.4998219907283783, 0.4738340973854065]}