{"parameters": [[256, 0.4, 30, 32]], "report": {"air_conditioner": {"precision": 0.2726719415702982, "recall": 0.56, "f1-score": 0.3667621776504298, "support": 800}, "car_horn": {"precision": 0.4482758620689655, "recall": 0.33766233766233766, "f1-score": 0.3851851851851852, "support": 77}, "children_playing": {"precision": 0.43945578231292515, "recall": 0.4098984771573604, "f1-score": 0.42416283650689424, "support": 788}, "dog_bark": {"precision": 0.8611111111111112, "recall": 0.48589341692789967, "f1-score": 0.6212424849699398, "support": 638}, "drilling": {"precision": 0.4288840262582057, "recall": 0.2684931506849315, "f1-score": 0.3302443133951138, "support": 730}, "engine_idling": {"precision": 0.765625, "recall": 0.44372574385511, "f1-score": 0.5618345618345618, "support": 773}, "gun_shot": {"precision": 0.9841269841269841, "recall": 0.47692307692307695, "f1-score": 0.6424870466321244, "support": 130}, "jackhammer": {"precision": 0.413854351687389, "recall": 0.4052173913043478, "f1-score": 0.4094903339191564, "support": 575}, "siren": {"precision": 0.5419847328244275, "recall": 0.6995073891625616, "f1-score": 0.6107526881720431, "support": 609}, "street_music": {"precision": 0.355638166047088, "recall": 0.35875, "f1-score": 0.35718730553827005, "support": 800}, "accuracy": 0.4483108108108108, "macro avg": {"precision": 0.5511627958007395, "recall": 0.4446070983677625, "f1-score": 0.4709348933803719, "support": 5920}, "weighted avg": {"precision": 0.5124544424729757, "recall": 0.4483108108108108, "f1-score": 0.45704678659248116, "support": 5920}}, "finalAcc": 0.4937545359134674, "finalVal": 0.44713419675827026, "finalAccData": [0.139165461063385, 0.1648714691400528, 0.18573497235774994, 0.1903059333562851, 0.19646090269088745, 0.2044713944196701, 0.21696235239505768, 0.22592324018478394, 0.2424420714378357, 0.25706011056900024, 0.28091058135032654, 0.29507604241371155, 0.30480629205703735, 0.323497474193573, 0.3357621431350708, 0.3388396203517914, 0.350244402885437, 0.35698768496513367, 0.3643193244934082, 0.3719225227832794, 0.37984251976013184, 0.3829199969768524, 0.39685916900634766, 0.40505069494247437, 0.42166003584861755, 0.4413468539714813, 0.460128515958786, 0.4676864445209503, 0.48474836349487305, 0.4937545359134674], "finalValData": [0.29334282875061035, 0.33677464723587036, 0.32360270619392395, 0.36311855912208557, 0.3285866975784302, 0.3200427293777466, 0.3855464458465576, 0.39302241802215576, 0.41651833057403564, 0.42506229877471924, 0.4524741768836975, 0.4464222192764282, 0.4268423020839691, 0.4350302517414093, 0.47953009605407715, 0.4524741768836975, 0.4692061245441437, 0.46671414375305176, 0.4870060384273529, 0.48344606161117554, 0.4909220337867737, 0.4571021795272827, 0.472054123878479, 0.42719829082489014, 0.45069420337677, 0.42969027161598206, 0.44962620735168457, 0.44250622391700745, 0.44891420006752014, 0.44713419675827026]}