{"parameters": [[256, 0.5, 40, 16]], "report": {"air_conditioner": {"precision": 0.2952586206896552, "recall": 0.3425, "f1-score": 0.31712962962962965, "support": 800}, "car_horn": {"precision": 0.29591836734693877, "recall": 0.37662337662337664, "f1-score": 0.33142857142857146, "support": 77}, "children_playing": {"precision": 0.4014532243415077, "recall": 0.5609137055837563, "f1-score": 0.4679724722075172, "support": 788}, "dog_bark": {"precision": 0.8793969849246231, "recall": 0.54858934169279, "f1-score": 0.6756756756756757, "support": 638}, "drilling": {"precision": 0.40451745379876797, "recall": 0.26986301369863014, "f1-score": 0.323746918652424, "support": 730}, "engine_idling": {"precision": 0.5406562054208274, "recall": 0.49029754204398446, "f1-score": 0.514246947082768, "support": 773}, "gun_shot": {"precision": 0.9605263157894737, "recall": 0.5615384615384615, "f1-score": 0.7087378640776699, "support": 130}, "jackhammer": {"precision": 0.5019762845849802, "recall": 0.662608695652174, "f1-score": 0.5712143928035982, "support": 575}, "siren": {"precision": 0.7038327526132404, "recall": 0.6633825944170771, "f1-score": 0.6830092983939137, "support": 609}, "street_music": {"precision": 0.36716791979949875, "recall": 0.36625, "f1-score": 0.36670838548185236, "support": 800}, "accuracy": 0.4766891891891892, "macro avg": {"precision": 0.5350704129309514, "recall": 0.484256673125025, "f1-score": 0.495987015543362, "support": 5920}, "weighted avg": {"precision": 0.504305959955053, "recall": 0.4766891891891892, "f1-score": 0.4802058788674154, "support": 5920}}, "finalAcc": 0.6088885068893433, "finalVal": 0.5033819675445557, "finalAccData": [0.13907495141029358, 0.16138668358325958, 0.1617487370967865, 0.16165821254253387, 0.16781318187713623, 0.1783580780029297, 0.1831100583076477, 0.1903511881828308, 0.1963251233100891, 0.2107168734073639, 0.22103548049926758, 0.22655683755874634, 0.2383689284324646, 0.2541183829307556, 0.2808200716972351, 0.2980630099773407, 0.30951303243637085, 0.3271632790565491, 0.34309378266334534, 0.36232802271842957, 0.3777606785297394, 0.4132874608039856, 0.4380883276462555, 0.4551050066947937, 0.47194063663482666, 0.49140116572380066, 0.5049329996109009, 0.51959627866745, 0.5266563892364502, 0.5389663577079773, 0.5558472275733948, 0.5622284412384033, 0.567659318447113, 0.5730448961257935, 0.5810101628303528, 0.5818700194358826, 0.5941799283027649, 0.599746584892273, 0.6070781946182251, 0.6088885068893433], "finalValData": [0.25667497515678406, 0.23211106657981873, 0.23923105001449585, 0.23033107817173004, 0.23246707022190094, 0.2623709440231323, 0.2552509903907776, 0.2940548360347748, 0.32395869493484497, 0.32573869824409485, 0.3221787214279175, 0.32538270950317383, 0.33036667108535767, 0.3944464325904846, 0.38198646903038025, 0.38198646903038025, 0.38163048028945923, 0.40975436568260193, 0.4182983338832855, 0.4204343259334564, 0.40975436568260193, 0.39515841007232666, 0.41651833057403564, 0.4457102119922638, 0.46635812520980835, 0.47312211990356445, 0.48807403445243835, 0.4702741205692291, 0.4959060251712799, 0.48380205035209656, 0.48202207684516907, 0.5072979927062988, 0.5083659887313843, 0.4400142431259155, 0.5144179463386536, 0.5008900165557861, 0.5311498641967773, 0.5072979927062988, 0.4692061245441437, 0.5033819675445557]}