{"parameters": [[128, 0.3, 50, 32]], "report": {"air_conditioner": {"precision": 0.2873030583873957, "recall": 0.3875, "f1-score": 0.3299627461415647, "support": 800}, "car_horn": {"precision": 0.3625, "recall": 0.37662337662337664, "f1-score": 0.36942675159235666, "support": 77}, "children_playing": {"precision": 0.3881932021466905, "recall": 0.550761421319797, "f1-score": 0.4554039874081847, "support": 788}, "dog_bark": {"precision": 0.756043956043956, "recall": 0.5391849529780565, "f1-score": 0.6294602012808783, "support": 638}, "drilling": {"precision": 0.4153846153846154, "recall": 0.2958904109589041, "f1-score": 0.3456, "support": 730}, "engine_idling": {"precision": 0.5588235294117647, "recall": 0.4178525226390686, "f1-score": 0.4781643227239082, "support": 773}, "gun_shot": {"precision": 0.927710843373494, "recall": 0.5923076923076923, "f1-score": 0.7230046948356806, "support": 130}, "jackhammer": {"precision": 0.5892053973013494, "recall": 0.6834782608695652, "f1-score": 0.6328502415458938, "support": 575}, "siren": {"precision": 0.5749279538904899, "recall": 0.6551724137931034, "f1-score": 0.612432847275518, "support": 609}, "street_music": {"precision": 0.34520123839009287, "recall": 0.27875, "f1-score": 0.3084370677731673, "support": 800}, "accuracy": 0.46418918918918917, "macro avg": {"precision": 0.5205293794329848, "recall": 0.4777521051489563, "f1-score": 0.4884742860577152, "support": 5920}, "weighted avg": {"precision": 0.48427300999017375, "recall": 0.46418918918918917, "f1-score": 0.464929017934653, "support": 5920}}, "finalAcc": 0.5999728441238403, "finalVal": 0.49412602186203003, "finalAccData": [0.13400615751743317, 0.16378529369831085, 0.17387762665748596, 0.19311188161373138, 0.21225561201572418, 0.2308562695980072, 0.2452480047941208, 0.2600018084049225, 0.27683743834495544, 0.2860698699951172, 0.3033128082752228, 0.316211074590683, 0.3235427141189575, 0.3334540128707886, 0.337662935256958, 0.34150978922843933, 0.34906771779060364, 0.3597031235694885, 0.3708816170692444, 0.3790731430053711, 0.3888033926486969, 0.4032856523990631, 0.4146451950073242, 0.4184015095233917, 0.4306661784648895, 0.44148263335227966, 0.45460715889930725, 0.45931389927864075, 0.46116945147514343, 0.46908941864967346, 0.4736151397228241, 0.483707457780838, 0.48945510387420654, 0.5019460320472717, 0.5078747272491455, 0.517740786075592, 0.5239862203598022, 0.5255702137947083, 0.5370655059814453, 0.5395094156265259, 0.5489228963851929, 0.5562092661857605, 0.5570691823959351, 0.5661658048629761, 0.5768917202949524, 0.5838160514831543, 0.5893827080726624, 0.5938631296157837, 0.5940441489219666, 0.5999728441238403], "finalValData": [0.21609114110469818, 0.2381630539894104, 0.31470274925231934, 0.34745460748672485, 0.32573869824409485, 0.34069064259529114, 0.3748665153980255, 0.3809184730052948, 0.376646488904953, 0.4026343822479248, 0.4264862835407257, 0.4182983338832855, 0.4435742199420929, 0.44464221596717834, 0.43787825107574463, 0.4827340543270111, 0.46173015236854553, 0.47098612785339355, 0.472054123878479, 0.472054123878479, 0.48985403776168823, 0.45532217621803284, 0.45567816495895386, 0.4464222192764282, 0.5151299238204956, 0.4588821530342102, 0.47703808546066284, 0.4674261212348938, 0.45959416031837463, 0.4652901291847229, 0.4674261212348938, 0.46635812520980835, 0.47063010931015015, 0.462798148393631, 0.4563901722431183, 0.48166608810424805, 0.46208614110946655, 0.4692061245441437, 0.45817017555236816, 0.484514057636261, 0.48202207684516907, 0.5048059821128845, 0.49875399470329285, 0.4912780225276947, 0.5101459622383118, 0.5144179463386536, 0.48985403776168823, 0.5165539383888245, 0.5105019807815552, 0.49412602186203003]}