{"parameters": [[256, 0.4, 30, 16]], "report": {"air_conditioner": {"precision": 0.4683333333333333, "recall": 0.35125, "f1-score": 0.4014285714285714, "support": 800}, "car_horn": {"precision": 0.2636363636363636, "recall": 0.37662337662337664, "f1-score": 0.3101604278074866, "support": 77}, "children_playing": {"precision": 0.44888475836431224, "recall": 0.6129441624365483, "f1-score": 0.5182403433476395, "support": 788}, "dog_bark": {"precision": 0.7251908396946565, "recall": 0.5956112852664577, "f1-score": 0.6540447504302926, "support": 638}, "drilling": {"precision": 0.42736842105263156, "recall": 0.27808219178082194, "f1-score": 0.3369294605809129, "support": 730}, "engine_idling": {"precision": 0.5756541524459613, "recall": 0.6545924967658473, "f1-score": 0.6125907990314771, "support": 773}, "gun_shot": {"precision": 0.9113924050632911, "recall": 0.5538461538461539, "f1-score": 0.6889952153110048, "support": 130}, "jackhammer": {"precision": 0.5782414307004471, "recall": 0.6747826086956522, "f1-score": 0.6227929373996791, "support": 575}, "siren": {"precision": 0.6216666666666667, "recall": 0.6124794745484401, "f1-score": 0.6170388751033914, "support": 609}, "street_music": {"precision": 0.423841059602649, "recall": 0.48, "f1-score": 0.4501758499413834, "support": 800}, "accuracy": 0.5234797297297298, "macro avg": {"precision": 0.5444209430560313, "recall": 0.5190211749963298, "f1-score": 0.5212397230381839, "support": 5920}, "weighted avg": {"precision": 0.529891368612363, "recall": 0.5234797297297298, "f1-score": 0.5192167258746988, "support": 5920}}, "finalAcc": 0.6333725452423096, "finalVal": 0.5461018085479736, "finalAccData": [0.15093229711055756, 0.18202389776706696, 0.19428855180740356, 0.2032041996717453, 0.22655683755874634, 0.2566528022289276, 0.2864319384098053, 0.31322410702705383, 0.3265749514102936, 0.33621469140052795, 0.3551774024963379, 0.36879977583885193, 0.39274075627326965, 0.39713069796562195, 0.41134142875671387, 0.4298968017101288, 0.4460535943508148, 0.4677317142486572, 0.48325487971305847, 0.5044804215431213, 0.5221759676933289, 0.5362056493759155, 0.5565260648727417, 0.566754162311554, 0.5876176953315735, 0.5971216559410095, 0.6061277985572815, 0.6169442534446716, 0.6240496039390564, 0.6333725452423096], "finalValData": [0.2944108247756958, 0.2862228453159332, 0.3068707585334778, 0.32538270950317383, 0.3848344683647156, 0.42363831400871277, 0.4108223617076874, 0.4204343259334564, 0.43004629015922546, 0.39729440212249756, 0.4282662868499756, 0.4713421165943146, 0.4866500496864319, 0.4115343391895294, 0.4307582676410675, 0.4346742630004883, 0.376290500164032, 0.4304022789001465, 0.47703808546066284, 0.4421502351760864, 0.47739410400390625, 0.5048059821128845, 0.5165539383888245, 0.5144179463386536, 0.5176219344139099, 0.5293698906898499, 0.5005339980125427, 0.5258098840713501, 0.49483802914619446, 0.5461018085479736]}