{"parameters": [[256, 0.3, 50, 32]], "report": {"air_conditioner": {"precision": 0.34516523867809057, "recall": 0.3525, "f1-score": 0.34879406307977734, "support": 800}, "car_horn": {"precision": 0.23931623931623933, "recall": 0.36363636363636365, "f1-score": 0.28865979381443296, "support": 77}, "children_playing": {"precision": 0.49547511312217196, "recall": 0.5558375634517766, "f1-score": 0.5239234449760765, "support": 788}, "dog_bark": {"precision": 0.7328646748681898, "recall": 0.6536050156739812, "f1-score": 0.6909693454846728, "support": 638}, "drilling": {"precision": 0.40344827586206894, "recall": 0.32054794520547947, "f1-score": 0.3572519083969466, "support": 730}, "engine_idling": {"precision": 0.5703225806451613, "recall": 0.5717981888745148, "f1-score": 0.5710594315245477, "support": 773}, "gun_shot": {"precision": 0.96875, "recall": 0.7153846153846154, "f1-score": 0.8230088495575221, "support": 130}, "jackhammer": {"precision": 0.5985401459854015, "recall": 0.5704347826086956, "f1-score": 0.5841495992876224, "support": 575}, "siren": {"precision": 0.6904761904761905, "recall": 0.6666666666666666, "f1-score": 0.6783625730994152, "support": 609}, "street_music": {"precision": 0.4059196617336152, "recall": 0.48, "f1-score": 0.43986254295532645, "support": 800}, "accuracy": 0.5155405405405405, "macro avg": {"precision": 0.545027812068713, "recall": 0.5250411141502094, "f1-score": 0.5306041552176339, "support": 5920}, "weighted avg": {"precision": 0.5242013517943441, "recall": 0.5155405405405405, "f1-score": 0.517747469047435, "support": 5920}}, "finalAcc": 0.737825870513916, "finalVal": 0.5105019807815552, "finalAccData": [0.14975561201572418, 0.20361150801181793, 0.2556118667125702, 0.2835807502269745, 0.31290730834007263, 0.3367125391960144, 0.3507422208786011, 0.3819243311882019, 0.40568429231643677, 0.42442071437835693, 0.43980810046195984, 0.4562816917896271, 0.4707639515399933, 0.48253077268600464, 0.49443337321281433, 0.5075126886367798, 0.5130340456962585, 0.5251176953315735, 0.5375180840492249, 0.5459359288215637, 0.5493301749229431, 0.5572502017021179, 0.5647175908088684, 0.5801954865455627, 0.5871198177337646, 0.5965332984924316, 0.6009684801101685, 0.6126448512077332, 0.6147266626358032, 0.6282132267951965, 0.6398442983627319, 0.641835629940033, 0.6482168436050415, 0.6574945449829102, 0.6616129875183105, 0.673832356929779, 0.6794442534446716, 0.6861422657966614, 0.6886314153671265, 0.6966871619224548, 0.6983164548873901, 0.7050144672393799, 0.7100380063056946, 0.712753415107727, 0.7168265581130981, 0.7206281423568726, 0.7237961888313293, 0.7292270064353943, 0.7386857271194458, 0.737825870513916], "finalValData": [0.280882865190506, 0.34709861874580383, 0.4001424014568329, 0.42079031467437744, 0.4179423153400421, 0.39943039417266846, 0.4086863696575165, 0.43645426630973816, 0.43609824776649475, 0.47775009274482727, 0.4649341404438019, 0.5108579397201538, 0.5044499635696411, 0.5083659887313843, 0.4983980059623718, 0.4766820967197418, 0.5357778668403625, 0.5290138721466064, 0.5218939185142517, 0.5275899171829224, 0.5386258363723755, 0.5297259092330933, 0.516197919845581, 0.5133499503135681, 0.5169099569320679, 0.527945876121521, 0.5112139582633972, 0.4998219907283783, 0.49448201060295105, 0.5208259224891663, 0.5211819410324097, 0.5290138721466064, 0.5261659026145935, 0.5414738059043884, 0.5258098840713501, 0.5425418019294739, 0.5329298973083496, 0.5578497648239136, 0.5514417886734009, 0.5372018218040466, 0.5297259092330933, 0.5546457767486572, 0.5428978204727173, 0.506585955619812, 0.5286579132080078, 0.5208259224891663, 0.5304378867149353, 0.5194019079208374, 0.5304378867149353, 0.5105019807815552]}