{"parameters": [[512, 0.5, 40, 16]], "report": {"air_conditioner": {"precision": 0.49452554744525545, "recall": 0.33875, "f1-score": 0.4020771513353115, "support": 800}, "car_horn": {"precision": 0.21705426356589147, "recall": 0.36363636363636365, "f1-score": 0.2718446601941747, "support": 77}, "children_playing": {"precision": 0.45544554455445546, "recall": 0.583756345177665, "f1-score": 0.5116796440489433, "support": 788}, "dog_bark": {"precision": 0.8314087759815243, "recall": 0.5642633228840125, "f1-score": 0.6722689075630252, "support": 638}, "drilling": {"precision": 0.4165067178502879, "recall": 0.29726027397260274, "f1-score": 0.34692246203037574, "support": 730}, "engine_idling": {"precision": 0.6172370088719898, "recall": 0.630012936610608, "f1-score": 0.6235595390524968, "support": 773}, "gun_shot": {"precision": 0.9852941176470589, "recall": 0.5153846153846153, "f1-score": 0.6767676767676767, "support": 130}, "jackhammer": {"precision": 0.5151915455746368, "recall": 0.6782608695652174, "f1-score": 0.5855855855855855, "support": 575}, "siren": {"precision": 0.7274436090225563, "recall": 0.6354679802955665, "f1-score": 0.6783523225241017, "support": 609}, "street_music": {"precision": 0.38923212709620475, "recall": 0.55125, "f1-score": 0.45628556647697877, "support": 800}, "accuracy": 0.525, "macro avg": {"precision": 0.5649339257609861, "recall": 0.5158042707526651, "f1-score": 0.522534351557867, "support": 5920}, "weighted avg": {"precision": 0.5509391638337658, "recall": 0.525, "f1-score": 0.5258118801856425, "support": 5920}}, "finalAcc": 0.6956462860107422, "finalVal": 0.5649697184562683, "finalAccData": [0.14043265581130981, 0.18234069645404816, 0.1878167986869812, 0.20184649527072906, 0.21755069494247437, 0.23569877445697784, 0.25040730834007263, 0.2629435062408447, 0.27652063965797424, 0.28724655508995056, 0.2974746525287628, 0.3049420714378357, 0.32643917202949524, 0.38083815574645996, 0.41695329546928406, 0.4394460618495941, 0.46275344491004944, 0.4754254221916199, 0.4915369153022766, 0.5114047527313232, 0.5224022269248962, 0.537246584892273, 0.5516835451126099, 0.5634503960609436, 0.5809648633003235, 0.590333104133606, 0.604498565196991, 0.6036386489868164, 0.61916184425354, 0.6292994022369385, 0.6351828575134277, 0.6377172470092773, 0.6471307277679443, 0.6552769541740417, 0.6632422208786011, 0.6781317591667175, 0.6754163503646851, 0.674828052520752, 0.6873642206192017, 0.6956462860107422], "finalValData": [0.3132787346839905, 0.2744748890399933, 0.30010679364204407, 0.3015308082103729, 0.34318262338638306, 0.33499467372894287, 0.3460306227207184, 0.32573869824409485, 0.35813456773757935, 0.332858681678772, 0.4069063663482666, 0.37985047698020935, 0.45745816826820374, 0.48843005299568176, 0.49234601855278015, 0.45781415700912476, 0.43645426630973816, 0.48166608810424805, 0.472054123878479, 0.5133499503135681, 0.48807403445243835, 0.5016019940376282, 0.5105019807815552, 0.5094339847564697, 0.4994660019874573, 0.5339978933334351, 0.5372018218040466, 0.5229619145393372, 0.5471698045730591, 0.5261659026145935, 0.5400498509407043, 0.5546457767486572, 0.5347098708152771, 0.5432538390159607, 0.5382698178291321, 0.4973300099372864, 0.5051620006561279, 0.5425418019294739, 0.527945876121521, 0.5649697184562683]}