{"parameters": [[128, 0.4, 40, 16]], "report": {"air_conditioner": {"precision": 0.3796844181459566, "recall": 0.48125, "f1-score": 0.4244762954796031, "support": 800}, "car_horn": {"precision": 0.3132530120481928, "recall": 0.33766233766233766, "f1-score": 0.325, "support": 77}, "children_playing": {"precision": 0.43415637860082307, "recall": 0.5355329949238579, "f1-score": 0.47954545454545455, "support": 788}, "dog_bark": {"precision": 0.7845433255269321, "recall": 0.5250783699059561, "f1-score": 0.6291079812206574, "support": 638}, "drilling": {"precision": 0.3942857142857143, "recall": 0.28356164383561644, "f1-score": 0.3298804780876494, "support": 730}, "engine_idling": {"precision": 0.7184, "recall": 0.5808538163001293, "f1-score": 0.642346208869814, "support": 773}, "gun_shot": {"precision": 0.9622641509433962, "recall": 0.3923076923076923, "f1-score": 0.5573770491803279, "support": 130}, "jackhammer": {"precision": 0.5388059701492537, "recall": 0.6278260869565218, "f1-score": 0.5799196787148594, "support": 575}, "siren": {"precision": 0.6098265895953757, "recall": 0.6929392446633826, "f1-score": 0.6487317448116833, "support": 609}, "street_music": {"precision": 0.42724097788125726, "recall": 0.45875, "f1-score": 0.4424352019288728, "support": 800}, "accuracy": 0.5109797297297297, "macro avg": {"precision": 0.5562460537176902, "recall": 0.49157621865554946, "f1-score": 0.5058820092838922, "support": 5920}, "weighted avg": {"precision": 0.5340808452236032, "recall": 0.5109797297297297, "f1-score": 0.5128621183838734, "support": 5920}}, "finalAcc": 0.5472031235694885, "finalVal": 0.4571021795272827, "finalAccData": [0.1039554700255394, 0.12509050965309143, 0.12834902107715607, 0.1394822597503662, 0.14871470630168915, 0.15962165594100952, 0.1671343296766281, 0.17948949337005615, 0.19872374832630157, 0.206960529088974, 0.215106800198555, 0.22981534898281097, 0.23891201615333557, 0.24796342849731445, 0.2716781198978424, 0.285209983587265, 0.31354090571403503, 0.3196506202220917, 0.3297882080078125, 0.3373008668422699, 0.3476194739341736, 0.36481717228889465, 0.3778059482574463, 0.3983073830604553, 0.4069967269897461, 0.4167722761631012, 0.432748019695282, 0.4494931101799011, 0.46157675981521606, 0.4597664773464203, 0.4729362726211548, 0.487418532371521, 0.49076756834983826, 0.49977371096611023, 0.5164735913276672, 0.5189626812934875, 0.5293718576431274, 0.5352552533149719, 0.5382874608039856, 0.5472031235694885], "finalValData": [0.1146315410733223, 0.13456745445728302, 0.13777144253253937, 0.199003204703331, 0.14346742630004883, 0.15094339847564697, 0.2143111377954483, 0.21751512587070465, 0.26699894666671753, 0.30865076184272766, 0.299394816160202, 0.3050907850265503, 0.3143467307090759, 0.3090067505836487, 0.31683874130249023, 0.36525455117225647, 0.35208258032798767, 0.34531861543655396, 0.34069064259529114, 0.33926665782928467, 0.40619438886642456, 0.41224634647369385, 0.4499821960926056, 0.4304022789001465, 0.41687431931495667, 0.4286222755908966, 0.48131006956100464, 0.4912780225276947, 0.4699181318283081, 0.46671414375305176, 0.4442862272262573, 0.4894980490207672, 0.42969027161598206, 0.5144179463386536, 0.5090779662132263, 0.5005339980125427, 0.5051620006561279, 0.5019580125808716, 0.5133499503135681, 0.4571021795272827]}