{"parameters": [[128, 0.5, 30, 16]], "report": {"air_conditioner": {"precision": 0.2795275590551181, "recall": 0.44375, "f1-score": 0.3429951690821256, "support": 800}, "car_horn": {"precision": 1.0, "recall": 0.2727272727272727, "f1-score": 0.42857142857142855, "support": 77}, "children_playing": {"precision": 0.3485148514851485, "recall": 0.4467005076142132, "f1-score": 0.3915461624026696, "support": 788}, "dog_bark": {"precision": 0.7365728900255755, "recall": 0.45141065830721006, "f1-score": 0.5597667638483965, "support": 638}, "drilling": {"precision": 0.4166666666666667, "recall": 0.23972602739726026, "f1-score": 0.3043478260869565, "support": 730}, "engine_idling": {"precision": 0.5837912087912088, "recall": 0.5498059508408797, "f1-score": 0.5662891405729514, "support": 773}, "gun_shot": {"precision": 0.9090909090909091, "recall": 0.07692307692307693, "f1-score": 0.14184397163120568, "support": 130}, "jackhammer": {"precision": 0.3722334004024145, "recall": 0.3217391304347826, "f1-score": 0.34514925373134325, "support": 575}, "siren": {"precision": 0.24837812789620017, "recall": 0.4400656814449918, "f1-score": 0.3175355450236967, "support": 609}, "street_music": {"precision": 0.2697768762677485, "recall": 0.16625, "f1-score": 0.20572312451662803, "support": 800}, "accuracy": 0.37364864864864866, "macro avg": {"precision": 0.5164552489680989, "recall": 0.34090983056896873, "f1-score": 0.3603768385467402, "support": 5920}, "weighted avg": {"precision": 0.42228417726844103, "recall": 0.37364864864864866, "f1-score": 0.3729458292265141, "support": 5920}}, "finalAcc": 0.37047430872917175, "finalVal": 0.4115343391895294, "finalAccData": [0.13939175009727478, 0.14423425495624542, 0.13672158122062683, 0.1375362128019333, 0.13988956809043884, 0.14685915410518646, 0.14645184576511383, 0.15726828575134277, 0.15595583617687225, 0.1608435958623886, 0.16039101779460907, 0.16251809895038605, 0.1655503213405609, 0.1771813929080963, 0.18238595128059387, 0.1963251233100891, 0.20659847557544708, 0.20800144970417023, 0.21153150498867035, 0.21216510236263275, 0.22284576296806335, 0.24126538634300232, 0.26240044832229614, 0.2801412045955658, 0.3037201166152954, 0.328249454498291, 0.3445872664451599, 0.3495655357837677, 0.3633236885070801, 0.37047430872917175], "finalValData": [0.21110714972019196, 0.18903523683547974, 0.18476326763629913, 0.19579921662807465, 0.19971519708633423, 0.21075116097927094, 0.2121751457452774, 0.2143111377954483, 0.21609114110469818, 0.21466714143753052, 0.21537913382053375, 0.21893912553787231, 0.24350301921367645, 0.2296190857887268, 0.2815948724746704, 0.289782851934433, 0.2787468731403351, 0.29547882080078125, 0.2894268333911896, 0.27803489565849304, 0.26521894335746765, 0.3481666147708893, 0.3292986750602722, 0.3292986750602722, 0.3527945876121521, 0.4129583537578583, 0.4268423020839691, 0.3919544219970703, 0.41651833057403564, 0.4115343391895294]}