{"parameters": [[128, 0.5, 40, 16]], "report": {"air_conditioner": {"precision": 0.34116331096196867, "recall": 0.38125, "f1-score": 0.3600944510035419, "support": 800}, "car_horn": {"precision": 0.5909090909090909, "recall": 0.33766233766233766, "f1-score": 0.4297520661157025, "support": 77}, "children_playing": {"precision": 0.39476678043230945, "recall": 0.4403553299492386, "f1-score": 0.4163167366526695, "support": 788}, "dog_bark": {"precision": 0.785377358490566, "recall": 0.5219435736677116, "f1-score": 0.6271186440677966, "support": 638}, "drilling": {"precision": 0.3431578947368421, "recall": 0.2232876712328767, "f1-score": 0.2705394190871369, "support": 730}, "engine_idling": {"precision": 0.5626715462031107, "recall": 0.795601552393273, "f1-score": 0.6591639871382637, "support": 773}, "gun_shot": {"precision": 0.9583333333333334, "recall": 0.35384615384615387, "f1-score": 0.5168539325842697, "support": 130}, "jackhammer": {"precision": 0.43768545994065283, "recall": 0.5130434782608696, "f1-score": 0.4723779023218575, "support": 575}, "siren": {"precision": 0.6926315789473684, "recall": 0.5402298850574713, "f1-score": 0.6070110701107011, "support": 609}, "street_music": {"precision": 0.34682713347921224, "recall": 0.39625, "f1-score": 0.3698949824970828, "support": 800}, "accuracy": 0.4689189189189189, "macro avg": {"precision": 0.5453523487434455, "recall": 0.4503469982069932, "f1-score": 0.4729123191579022, "support": 5920}, "weighted avg": {"precision": 0.4884383118246015, "recall": 0.4689189189189189, "f1-score": 0.46634245338663766, "support": 5920}}, "finalAcc": 0.4761947989463806, "finalVal": 0.5222499370574951, "finalAccData": [0.13052135705947876, 0.1385318636894226, 0.133146271109581, 0.1318790763616562, 0.12776067852973938, 0.13387037813663483, 0.1391202062368393, 0.14608979225158691, 0.15342143177986145, 0.1608435958623886, 0.16102461516857147, 0.16496197879314423, 0.16478095948696136, 0.1671343296766281, 0.16763214766979218, 0.171207457780838, 0.17360608279705048, 0.19415278732776642, 0.22289101779460907, 0.2348841428756714, 0.24008870124816895, 0.26647356152534485, 0.2802317142486572, 0.29471397399902344, 0.30829110741615295, 0.3210535943508148, 0.33268463611602783, 0.3463522791862488, 0.3595673441886902, 0.3747284710407257, 0.38622376322746277, 0.39518463611602783, 0.39554670453071594, 0.4132422208786011, 0.4214789867401123, 0.43614229559898376, 0.4465514123439789, 0.45492395758628845, 0.4610336720943451, 0.4761947989463806], "finalValData": [0.15663936734199524, 0.15058739483356476, 0.14346742630004883, 0.1363474577665329, 0.14845140278339386, 0.15094339847564697, 0.16981132328510284, 0.19117122888565063, 0.1797792762517929, 0.20932716131210327, 0.1947312206029892, 0.1840512603521347, 0.18761125206947327, 0.19401922821998596, 0.20291918516159058, 0.19864720106124878, 0.22036312520503998, 0.2613029479980469, 0.2926308214664459, 0.3182627260684967, 0.3196867108345032, 0.3780704736709595, 0.36062654852867126, 0.39729440212249756, 0.41901031136512756, 0.43396225571632385, 0.4528301954269409, 0.44250622391700745, 0.44713419675827026, 0.45532217621803284, 0.4571021795272827, 0.4521181881427765, 0.4546101689338684, 0.472054123878479, 0.4656461477279663, 0.48807403445243835, 0.48131006956100464, 0.4802420735359192, 0.48843005299568176, 0.5222499370574951]}