{"parameters": [[64, 0.5, 40, 16]], "report": {"air_conditioner": {"precision": 0.26353591160220996, "recall": 0.59625, "f1-score": 0.3655172413793103, "support": 800}, "car_horn": {"precision": 0.0, "recall": 0.0, "f1-score": 0.0, "support": 77}, "children_playing": {"precision": 0.3646112600536193, "recall": 0.5177664974619289, "f1-score": 0.4278972207656004, "support": 788}, "dog_bark": {"precision": 0.8157894736842105, "recall": 0.4373040752351097, "f1-score": 0.5693877551020409, "support": 638}, "drilling": {"precision": 0.47107438016528924, "recall": 0.23424657534246576, "f1-score": 0.312900274473925, "support": 730}, "engine_idling": {"precision": 0.1279317697228145, "recall": 0.07761966364812418, "f1-score": 0.09661835748792272, "support": 773}, "gun_shot": {"precision": 0.0, "recall": 0.0, "f1-score": 0.0, "support": 130}, "jackhammer": {"precision": 0.36821192052980134, "recall": 0.4834782608695652, "f1-score": 0.4180451127819549, "support": 575}, "siren": {"precision": 0.6653225806451613, "recall": 0.541871921182266, "f1-score": 0.5972850678733032, "support": 609}, "street_music": {"precision": 0.24911660777385158, "recall": 0.17625, "f1-score": 0.2064421669106881, "support": 800}, "accuracy": 0.3621621621621622, "macro avg": {"precision": 0.3325593904176958, "recall": 0.306478699373946, "f1-score": 0.29940931967747453, "support": 5920}, "weighted avg": {"precision": 0.38472774224114253, "recall": 0.3621621621621622, "f1-score": 0.3488590643984779, "support": 5920}}, "finalAcc": 0.3590695261955261, "finalVal": 0.42079031467437744, "finalAccData": [0.1256335973739624, 0.13459450006484985, 0.13527335226535797, 0.13405141234397888, 0.1360427290201187, 0.13500180840492249, 0.13011404871940613, 0.1385318636894226, 0.13844135403633118, 0.13961802423000336, 0.14120203256607056, 0.1378982663154602, 0.14744749665260315, 0.14518465101718903, 0.14590875804424286, 0.15541274845600128, 0.15505069494247437, 0.1602099984884262, 0.16731534898281097, 0.17912743985652924, 0.18587075173854828, 0.1944243311882019, 0.21216510236263275, 0.21791274845600128, 0.23248551785945892, 0.2475108653306961, 0.26049962639808655, 0.2716781198978424, 0.28068429231643677, 0.28534576296806335, 0.2886947989463806, 0.30141201615333557, 0.3116401135921478, 0.31802135705947876, 0.3262581527233124, 0.33562636375427246, 0.3432295322418213, 0.3529598116874695, 0.35418176651000977, 0.3590695261955261], "finalValData": [0.17159131169319153, 0.1623353511095047, 0.16340334713459015, 0.1648273468017578, 0.16340334713459015, 0.1623353511095047, 0.16767533123493195, 0.1690993309020996, 0.1708793193101883, 0.1840512603521347, 0.18013527989387512, 0.19152723252773285, 0.18511925637722015, 0.16518333554267883, 0.17906728386878967, 0.18761125206947327, 0.17123530805110931, 0.17265930771827698, 0.23424705862998962, 0.27554288506507874, 0.3292986750602722, 0.35208258032798767, 0.3826984763145447, 0.3681025207042694, 0.33250266313552856, 0.40833038091659546, 0.4350302517414093, 0.4222142994403839, 0.38661444187164307, 0.37557849287986755, 0.3727305233478546, 0.40156638622283936, 0.4243502914905548, 0.42577430605888367, 0.4204343259334564, 0.44286224246025085, 0.42328229546546936, 0.41901031136512756, 0.4353862702846527, 0.42079031467437744]}