{"parameters": [[256, 0.3, 50, 16]], "report": {"air_conditioner": {"precision": 0.40153452685422, "recall": 0.3925, "f1-score": 0.3969658659924147, "support": 800}, "car_horn": {"precision": 0.26851851851851855, "recall": 0.37662337662337664, "f1-score": 0.3135135135135135, "support": 77}, "children_playing": {"precision": 0.443359375, "recall": 0.5761421319796954, "f1-score": 0.5011037527593819, "support": 788}, "dog_bark": {"precision": 0.6645569620253164, "recall": 0.658307210031348, "f1-score": 0.6614173228346456, "support": 638}, "drilling": {"precision": 0.4121306376360809, "recall": 0.363013698630137, "f1-score": 0.3860160233066278, "support": 730}, "engine_idling": {"precision": 0.7001733102253033, "recall": 0.5226390685640362, "f1-score": 0.5985185185185184, "support": 773}, "gun_shot": {"precision": 0.9659090909090909, "recall": 0.6538461538461539, "f1-score": 0.7798165137614679, "support": 130}, "jackhammer": {"precision": 0.5144312393887945, "recall": 0.5269565217391304, "f1-score": 0.520618556701031, "support": 575}, "siren": {"precision": 0.7719298245614035, "recall": 0.722495894909688, "f1-score": 0.746395250212044, "support": 609}, "street_music": {"precision": 0.42778390297684676, "recall": 0.485, "f1-score": 0.45459871118922085, "support": 800}, "accuracy": 0.5239864864864865, "macro avg": {"precision": 0.5570327388095575, "recall": 0.5277524056323566, "f1-score": 0.5358964028788865, "support": 5920}, "weighted avg": {"precision": 0.5390280305685916, "recall": 0.5239864864864865, "f1-score": 0.527361359379834, "support": 5920}}, "finalAcc": 0.7780593633651733, "finalVal": 0.5151299238204956, "finalAccData": [0.174918532371521, 0.23452208936214447, 0.2880159318447113, 0.32367849349975586, 0.3516926169395447, 0.3746379315853119, 0.38649529218673706, 0.42003077268600464, 0.42985156178474426, 0.4573225975036621, 0.4833453893661499, 0.5036205649375916, 0.5201846361160278, 0.5367034673690796, 0.550325870513916, 0.5625905394554138, 0.5743573307991028, 0.590423583984375, 0.6037291884422302, 0.6145456433296204, 0.627670168876648, 0.6390296816825867, 0.6537835001945496, 0.6610698699951172, 0.6683562397956848, 0.6793990135192871, 0.6897175908088684, 0.692161500453949, 0.6965966820716858, 0.7058290839195251, 0.7136585712432861, 0.7165550589561462, 0.7255612015724182, 0.7284576296806335, 0.7332096099853516, 0.7365133762359619, 0.7399076819419861, 0.7480992078781128, 0.7471488118171692, 0.75791996717453, 0.7528511881828308, 0.7566980719566345, 0.7584630846977234, 0.7624456882476807, 0.7689626812934875, 0.7711803317070007, 0.7749819159507751, 0.7754797339439392, 0.7785571813583374, 0.7780593633651733], "finalValData": [0.3488785922527313, 0.44464221596717834, 0.42969027161598206, 0.47917407751083374, 0.4702741205692291, 0.4734781086444855, 0.4692061245441437, 0.48629406094551086, 0.48843005299568176, 0.4983980059623718, 0.45817017555236816, 0.46600213646888733, 0.5001779794692993, 0.4887860417366028, 0.5275899171829224, 0.540405809879303, 0.5261659026145935, 0.5133499503135681, 0.5916696190834045, 0.5019580125808716, 0.4976859986782074, 0.5560697913169861, 0.5806336998939514, 0.5165539383888245, 0.5752937197685242, 0.5389818549156189, 0.4955500066280365, 0.5250979065895081, 0.4976859986782074, 0.5254539251327515, 0.5062299966812134, 0.5293698906898499, 0.540405809879303, 0.5400498509407043, 0.5432538390159607, 0.5226058959960938, 0.5354218482971191, 0.550017774105072, 0.5461018085479736, 0.550017774105072, 0.5453898310661316, 0.5290138721466064, 0.5425418019294739, 0.5372018218040466, 0.5236738920211792, 0.5339978933334351, 0.5471698045730591, 0.5471698045730591, 0.5539337992668152, 0.5151299238204956]}