{"parameters": [[512, 0.5, 30, 32]], "report": {"air_conditioner": {"precision": 0.3390894819466248, "recall": 0.54, "f1-score": 0.4165863066538091, "support": 800}, "car_horn": {"precision": 0.4107142857142857, "recall": 0.2987012987012987, "f1-score": 0.3458646616541353, "support": 77}, "children_playing": {"precision": 0.42048517520215634, "recall": 0.5939086294416244, "f1-score": 0.4923724355602315, "support": 788}, "dog_bark": {"precision": 0.8177458033573142, "recall": 0.5344827586206896, "f1-score": 0.6464454976303317, "support": 638}, "drilling": {"precision": 0.42201834862385323, "recall": 0.25205479452054796, "f1-score": 0.31560891938250435, "support": 730}, "engine_idling": {"precision": 0.8117408906882592, "recall": 0.51875808538163, "f1-score": 0.632991318074191, "support": 773}, "gun_shot": {"precision": 0.8904109589041096, "recall": 0.5, "f1-score": 0.6403940886699507, "support": 130}, "jackhammer": {"precision": 0.5249643366619116, "recall": 0.64, "f1-score": 0.5768025078369906, "support": 575}, "siren": {"precision": 0.638801261829653, "recall": 0.6650246305418719, "f1-score": 0.6516492357200322, "support": 609}, "street_music": {"precision": 0.3808864265927978, "recall": 0.34375, "f1-score": 0.36136662286465177, "support": 800}, "accuracy": 0.5003378378378378, "macro avg": {"precision": 0.5656856969520965, "recall": 0.4886680197207663, "f1-score": 0.5080081594046828, "support": 5920}, "weighted avg": {"precision": 0.5410231177572016, "recall": 0.5003378378378378, "f1-score": 0.5035269404356743, "support": 5920}}, "finalAcc": 0.544759213924408, "finalVal": 0.47953009605407715, "finalAccData": [0.151022806763649, 0.1548696607351303, 0.17595945298671722, 0.1900343894958496, 0.1978186070919037, 0.22185011208057404, 0.24303041398525238, 0.26371288299560547, 0.28005069494247437, 0.2926774024963379, 0.2986060678958893, 0.3111875355243683, 0.3225018084049225, 0.33467596769332886, 0.3426412045955658, 0.3514663279056549, 0.3730992078781128, 0.3837346136569977, 0.3916998505592346, 0.40400978922843933, 0.41722482442855835, 0.4217052757740021, 0.4443338215351105, 0.45809197425842285, 0.46755069494247437, 0.4853367209434509, 0.503167986869812, 0.5152968764305115, 0.5245293378829956, 0.544759213924408], "finalValData": [0.3285866975784302, 0.20825916528701782, 0.333570659160614, 0.345674604177475, 0.34709861874580383, 0.40370237827301025, 0.4247063100337982, 0.4243502914905548, 0.4161623418331146, 0.43218228220939636, 0.4325382709503174, 0.4499821960926056, 0.4311142861843109, 0.4478462040424347, 0.4417942464351654, 0.46386614441871643, 0.45176219940185547, 0.4325382709503174, 0.47063010931015015, 0.484514057636261, 0.4738340973854065, 0.49056604504585266, 0.49661800265312195, 0.48558205366134644, 0.43396225571632385, 0.4692061245441437, 0.47953009605407715, 0.5055179595947266, 0.4983980059623718, 0.47953009605407715]}