{"parameters": [[128, 0.3, 40, 32]], "report": {"air_conditioner": {"precision": 0.31215250198570293, "recall": 0.49125, "f1-score": 0.3817387081107334, "support": 800}, "car_horn": {"precision": 0.3709677419354839, "recall": 0.2987012987012987, "f1-score": 0.33093525179856115, "support": 77}, "children_playing": {"precision": 0.37161084529505584, "recall": 0.5913705583756346, "f1-score": 0.4564152791380999, "support": 788}, "dog_bark": {"precision": 0.7975, "recall": 0.5, "f1-score": 0.6146435452793835, "support": 638}, "drilling": {"precision": 0.3813387423935091, "recall": 0.25753424657534246, "f1-score": 0.30744071954210955, "support": 730}, "engine_idling": {"precision": 0.6728971962616822, "recall": 0.37257438551099614, "f1-score": 0.4796003330557869, "support": 773}, "gun_shot": {"precision": 0.9642857142857143, "recall": 0.4153846153846154, "f1-score": 0.5806451612903226, "support": 130}, "jackhammer": {"precision": 0.512853470437018, "recall": 0.6939130434782609, "f1-score": 0.5898004434589801, "support": 575}, "siren": {"precision": 0.7954022988505747, "recall": 0.5681444991789819, "f1-score": 0.6628352490421455, "support": 609}, "street_music": {"precision": 0.3801324503311258, "recall": 0.35875, "f1-score": 0.36913183279742773, "support": 800}, "accuracy": 0.466722972972973, "macro avg": {"precision": 0.5559140961775867, "recall": 0.454762264720513, "f1-score": 0.47731865235135507, "support": 5920}, "weighted avg": {"precision": 0.5214867444410421, "recall": 0.466722972972973, "f1-score": 0.4715244669434583, "support": 5920}}, "finalAcc": 0.5434920191764832, "finalVal": 0.47988608479499817, "finalAccData": [0.1272175908088684, 0.13645003736019135, 0.1482168734073639, 0.1815260648727417, 0.20243482291698456, 0.221125990152359, 0.2471488118171692, 0.2649800777435303, 0.2763848602771759, 0.28656771779060364, 0.2943066656589508, 0.3040821850299835, 0.30955830216407776, 0.3284304738044739, 0.34060463309288025, 0.34413468837738037, 0.35594677925109863, 0.36314263939857483, 0.36893555521965027, 0.37454742193222046, 0.3816075325012207, 0.4030141234397888, 0.40903329849243164, 0.4139663279056549, 0.4213884770870209, 0.42853909730911255, 0.43229544162750244, 0.44356444478034973, 0.4532042145729065, 0.46718862652778625, 0.4790007174015045, 0.48538196086883545, 0.49918538331985474, 0.49828022718429565, 0.5016745328903198, 0.5138939023017883, 0.520908772945404, 0.5280141234397888, 0.5296886563301086, 0.5434920191764832], "finalValData": [0.21039515733718872, 0.21288715302944183, 0.2791028916835785, 0.27767887711524963, 0.3243147134780884, 0.3317906856536865, 0.37308651208877563, 0.38447844982147217, 0.3837664723396301, 0.38234245777130127, 0.3898184299468994, 0.36667853593826294, 0.4175863265991211, 0.4158063232898712, 0.36703452467918396, 0.38234245777130127, 0.3851904571056366, 0.40583837032318115, 0.3873264491558075, 0.3869704604148865, 0.4115343391895294, 0.39978641271591187, 0.3987184166908264, 0.42719829082489014, 0.4150943458080292, 0.4264862835407257, 0.4396582543849945, 0.4311142861843109, 0.45176219940185547, 0.441082239151001, 0.4439302384853363, 0.4400142431259155, 0.4396582543849945, 0.42541828751564026, 0.42577430605888367, 0.43182626366615295, 0.4400142431259155, 0.4453542232513428, 0.45745816826820374, 0.47988608479499817]}