{"parameters": [[256, 0.5, 30, 32]], "report": {"air_conditioner": {"precision": 0.17741015402167712, "recall": 0.38875, "f1-score": 0.24363493928711322, "support": 800}, "car_horn": {"precision": 0.0, "recall": 0.0, "f1-score": 0.0, "support": 77}, "children_playing": {"precision": 0.3546462063086104, "recall": 0.5279187817258884, "f1-score": 0.42427332993370726, "support": 788}, "dog_bark": {"precision": 0.8150134048257373, "recall": 0.47648902821316613, "f1-score": 0.6013847675568743, "support": 638}, "drilling": {"precision": 0.49230769230769234, "recall": 0.2191780821917808, "f1-score": 0.3033175355450237, "support": 730}, "engine_idling": {"precision": 0.4215568862275449, "recall": 0.4553686934023286, "f1-score": 0.43781094527363185, "support": 773}, "gun_shot": {"precision": 0.967741935483871, "recall": 0.46153846153846156, "f1-score": 0.625, "support": 130}, "jackhammer": {"precision": 0.3717357910906298, "recall": 0.42086956521739133, "f1-score": 0.3947797716150082, "support": 575}, "siren": {"precision": 0.20614035087719298, "recall": 0.07717569786535304, "f1-score": 0.11230585424133813, "support": 609}, "street_music": {"precision": 0.3, "recall": 0.195, "f1-score": 0.23636363636363636, "support": 800}, "accuracy": 0.34594594594594597, "macro avg": {"precision": 0.4106552421142956, "recall": 0.322228831015437, "f1-score": 0.3378870779816333, "support": 5920}, "weighted avg": {"precision": 0.39386992900001366, "recall": 0.34594594594594597, "f1-score": 0.34434155773068176, "support": 5920}}, "finalAcc": 0.3375724256038666, "finalVal": 0.4353862702846527, "finalAccData": [0.13807928562164307, 0.16998551785945892, 0.16093410551548004, 0.160753071308136, 0.15695148706436157, 0.16161295771598816, 0.1655503213405609, 0.1683109998703003, 0.16840152442455292, 0.177769735455513, 0.19080376625061035, 0.1900343894958496, 0.19351918995380402, 0.2066437304019928, 0.20804670453071594, 0.21338704228401184, 0.22854815423488617, 0.22795981168746948, 0.23832367360591888, 0.23705647885799408, 0.24520274996757507, 0.24990949034690857, 0.267333447933197, 0.27249276638031006, 0.2782404124736786, 0.28027698397636414, 0.2902787923812866, 0.29412564635276794, 0.31992214918136597, 0.3375724256038666], "finalValData": [0.2944108247756958, 0.2709149122238159, 0.24172303080558777, 0.24279102683067322, 0.2335350662469864, 0.23211106657981873, 0.2338910698890686, 0.21502314507961273, 0.25418299436569214, 0.2570309638977051, 0.2645069360733032, 0.2613029479980469, 0.2723388969898224, 0.2858668565750122, 0.29725882411003113, 0.3143467307090759, 0.31897473335266113, 0.3446066081523895, 0.3399786353111267, 0.3399786353111267, 0.3435386121273041, 0.3339266777038574, 0.3317906856536865, 0.34069064259529114, 0.32609468698501587, 0.33855465054512024, 0.3446066081523895, 0.3481666147708893, 0.40797436237335205, 0.4353862702846527]}