{"parameters": [[64, 0.3, 50, 32]], "report": {"air_conditioner": {"precision": 0.4520396912899669, "recall": 0.5125, "f1-score": 0.4803749267721148, "support": 800}, "car_horn": {"precision": 0.6, "recall": 0.03896103896103896, "f1-score": 0.07317073170731707, "support": 77}, "children_playing": {"precision": 0.3827956989247312, "recall": 0.4517766497461929, "f1-score": 0.41443538998835855, "support": 788}, "dog_bark": {"precision": 0.7838479809976246, "recall": 0.5172413793103449, "f1-score": 0.6232294617563741, "support": 638}, "drilling": {"precision": 0.38789237668161436, "recall": 0.236986301369863, "f1-score": 0.2942176870748299, "support": 730}, "engine_idling": {"precision": 0.6058519793459552, "recall": 0.4553686934023286, "f1-score": 0.5199409158050222, "support": 773}, "gun_shot": {"precision": 1.0, "recall": 0.35384615384615387, "f1-score": 0.5227272727272727, "support": 130}, "jackhammer": {"precision": 0.5, "recall": 0.4504347826086956, "f1-score": 0.4739249771271729, "support": 575}, "siren": {"precision": 0.3186646433990895, "recall": 0.6896551724137931, "f1-score": 0.43591074208614417, "support": 609}, "street_music": {"precision": 0.32486631016042783, "recall": 0.30375, "f1-score": 0.313953488372093, "support": 800}, "accuracy": 0.43783783783783786, "macro avg": {"precision": 0.535595868079941, "recall": 0.40105201716584116, "f1-score": 0.41518855934167, "support": 5920}, "weighted avg": {"precision": 0.47846530517424596, "recall": 0.43783783783783786, "f1-score": 0.43714808295325386, "support": 5920}}, "finalAcc": 0.4566437304019928, "finalVal": 0.4008544087409973, "finalAccData": [0.1296614706516266, 0.13586169481277466, 0.1448225975036621, 0.14599928259849548, 0.15057024359703064, 0.1523352712392807, 0.15740405023097992, 0.16043627262115479, 0.16527877748012543, 0.16917088627815247, 0.17414917051792145, 0.17731715738773346, 0.1849656105041504, 0.1871832013130188, 0.19211621582508087, 0.1956915259361267, 0.20243482291698456, 0.20546706020832062, 0.21750542521476746, 0.2295890599489212, 0.24049602448940277, 0.24538378417491913, 0.24438811838626862, 0.25104090571403503, 0.2550235390663147, 0.26742395758628845, 0.2899619936943054, 0.29598116874694824, 0.31050869822502136, 0.31765931844711304, 0.32775163650512695, 0.34119299054145813, 0.3417813181877136, 0.3517831265926361, 0.36345943808555603, 0.36508870124816895, 0.3735065162181854, 0.39056843519210815, 0.403874009847641, 0.412337064743042, 0.41532403230667114, 0.4264572858810425, 0.43134504556655884, 0.4318881332874298, 0.4416183829307556, 0.4478186070919037, 0.45487871766090393, 0.45460715889930725, 0.46062636375427246, 0.4566437304019928], "finalValData": [0.20612317323684692, 0.20612317323684692, 0.22143112123012543, 0.23211106657981873, 0.22570309042930603, 0.23211106657981873, 0.2232111096382141, 0.2271270900964737, 0.22819508612155914, 0.23033107817173004, 0.25418299436569214, 0.24635101854801178, 0.24848701059818268, 0.22143112123012543, 0.23068708181381226, 0.22997507452964783, 0.24528302252292633, 0.25453898310661316, 0.30188679695129395, 0.3463866114616394, 0.3438946306705475, 0.34709861874580383, 0.34496262669563293, 0.3399786353111267, 0.3499465882778168, 0.3638305366039276, 0.33891063928604126, 0.3132787346839905, 0.31897473335266113, 0.3275187015533447, 0.3075827658176422, 0.333214670419693, 0.3499465882778168, 0.36703452467918396, 0.3588465750217438, 0.3698825240135193, 0.3414026200771332, 0.3915984332561493, 0.4090423583984375, 0.45176219940185547, 0.41473832726478577, 0.40797436237335205, 0.43787825107574463, 0.3962264060974121, 0.4567461609840393, 0.4268423020839691, 0.4435742199420929, 0.42719829082489014, 0.4161623418331146, 0.4008544087409973]}