{"parameters": [[512, 0.4, 30, 32]], "report": {"air_conditioner": {"precision": 0.22790697674418606, "recall": 0.18421052631578946, "f1-score": 0.20374220374220375, "support": 798}, "car_horn": {"precision": 0.4594594594594595, "recall": 0.2251655629139073, "f1-score": 0.3022222222222222, "support": 151}, "children_playing": {"precision": 0.37474541751527496, "recall": 0.6987341772151898, "f1-score": 0.48784798939460894, "support": 790}, "dog_bark": {"precision": 0.5298621745788668, "recall": 0.5700164744645799, "f1-score": 0.5492063492063493, "support": 607}, "drilling": {"precision": 0.5156576200417536, "recall": 0.34497206703910616, "f1-score": 0.41338912133891215, "support": 716}, "engine_idling": {"precision": 0.3859191655801825, "recall": 0.3723270440251572, "f1-score": 0.37900128040973113, "support": 795}, "gun_shot": {"precision": 0.8571428571428571, "recall": 0.5454545454545454, "f1-score": 0.6666666666666665, "support": 88}, "jackhammer": {"precision": 0.40074906367041196, "recall": 0.24290578887627695, "f1-score": 0.3024734982332155, "support": 881}, "siren": {"precision": 0.7813953488372093, "recall": 0.616891064871481, "f1-score": 0.6894664842681258, "support": 817}, "street_music": {"precision": 0.26051924798567594, "recall": 0.36375, "f1-score": 0.3035993740219093, "support": 800}, "accuracy": 0.415800093124321, "macro avg": {"precision": 0.47933573315558775, "recall": 0.4164427251176033, "f1-score": 0.42976151895039455, "support": 6443}, "weighted avg": {"precision": 0.4377221563128301, "recall": 0.415800093124321, "f1-score": 0.4121685649559122, "support": 6443}}, "finalAcc": 0.679808497428894, "finalVal": 0.43465539813041687, "finalAccData": [0.165821835398674, 0.22284802794456482, 0.2567821145057678, 0.30451515316963196, 0.34929126501083374, 0.38763728737831116, 0.41439032554626465, 0.4418473541736603, 0.463062047958374, 0.48296254873275757, 0.4976063072681427, 0.5195719599723816, 0.5338871479034424, 0.5475922226905823, 0.5581995844841003, 0.5647704601287842, 0.5784286260604858, 0.5843893885612488, 0.5965455770492554, 0.6071998476982117, 0.6209518313407898, 0.6237210035324097, 0.6310428977012634, 0.6417441368103027, 0.6460621356964111, 0.655871570110321, 0.661503791809082, 0.6609874963760376, 0.6722519397735596, 0.679808497428894], "finalValData": [0.2594278156757355, 0.3055916726589203, 0.3468790650367737, 0.3192457854747772, 0.33712613582611084, 0.36378413438796997, 0.402145653963089, 0.3891417384147644, 0.4161248505115509, 0.4148244559764862, 0.43237972259521484, 0.41417425870895386, 0.3891417384147644, 0.4112483859062195, 0.404746413230896, 0.4291287362575531, 0.4356306791305542, 0.4112483859062195, 0.4112483859062195, 0.44928479194641113, 0.4512353837490082, 0.42977893352508545, 0.443107932806015, 0.4314044117927551, 0.44245773553848267, 0.48114433884620667, 0.45058518648147583, 0.4648894667625427, 0.4197009205818176, 0.43465539813041687]}