{"parameters": [[256, 0.5, 50, 32]], "report": {"air_conditioner": {"precision": 0.15359897172236503, "recall": 0.29949874686716793, "f1-score": 0.20305862361937127, "support": 798}, "car_horn": {"precision": 0.6153846153846154, "recall": 0.2119205298013245, "f1-score": 0.31527093596059114, "support": 151}, "children_playing": {"precision": 0.39622641509433965, "recall": 0.5582278481012658, "f1-score": 0.4634787178139779, "support": 790}, "dog_bark": {"precision": 0.532258064516129, "recall": 0.48929159802306427, "f1-score": 0.5098712446351932, "support": 607}, "drilling": {"precision": 0.6178343949044586, "recall": 0.4064245810055866, "f1-score": 0.49031171019376585, "support": 716}, "engine_idling": {"precision": 0.43523316062176165, "recall": 0.3169811320754717, "f1-score": 0.36681222707423583, "support": 795}, "gun_shot": {"precision": 0.9056603773584906, "recall": 0.5454545454545454, "f1-score": 0.6808510638297872, "support": 88}, "jackhammer": {"precision": 0.486646884272997, "recall": 0.18615209988649262, "f1-score": 0.2692939244663382, "support": 881}, "siren": {"precision": 0.7833089311859444, "recall": 0.6548347613219094, "f1-score": 0.7133333333333334, "support": 817}, "street_music": {"precision": 0.23535062439961577, "recall": 0.30625, "f1-score": 0.26615969581749055, "support": 800}, "accuracy": 0.39484712090641005, "macro avg": {"precision": 0.5161502439460717, "recall": 0.3975035842536828, "f1-score": 0.4278441476744085, "support": 6443}, "weighted avg": {"precision": 0.46199786953901945, "recall": 0.39484712090641005, "f1-score": 0.4067747263117891, "support": 6443}}, "finalAcc": 0.5885196924209595, "finalVal": 0.384265273809433, "finalAccData": [0.12400262802839279, 0.1681685894727707, 0.15845301747322083, 0.1551206260919571, 0.15742044150829315, 0.16460151970386505, 0.16835632920265198, 0.17197033762931824, 0.17267435789108276, 0.17966769635677338, 0.18576925992965698, 0.19201163947582245, 0.20172721147537231, 0.2086736112833023, 0.2147751748561859, 0.22416220605373383, 0.22923120856285095, 0.23256359994411469, 0.23950999975204468, 0.25035202503204346, 0.2574392259120941, 0.27335023880004883, 0.2950811982154846, 0.30888012051582336, 0.32037922739982605, 0.32934385538101196, 0.33840233087539673, 0.35933539271354675, 0.39481836557388306, 0.40068525075912476, 0.4101192057132721, 0.4227916896343231, 0.4452266991138458, 0.45203229784965515, 0.4673331379890442, 0.4830094873905182, 0.4936637580394745, 0.4989205002784729, 0.5150192379951477, 0.5143621563911438, 0.5293813943862915, 0.5376889109611511, 0.5430395007133484, 0.5558528304100037, 0.5597484111785889, 0.5666478872299194, 0.5758941173553467, 0.5761287808418274, 0.5851403474807739, 0.5885196924209595], "finalValData": [0.2617035210132599, 0.19505852460861206, 0.18075422942638397, 0.17295189201831818, 0.16905070841312408, 0.1635240614414215, 0.1687256246805191, 0.16319896280765533, 0.17327697575092316, 0.1596228927373886, 0.14141742885112762, 0.15409623086452484, 0.18140442669391632, 0.17457737028598785, 0.17197659611701965, 0.1674252301454544, 0.17230169475078583, 0.18335500359535217, 0.19310793280601501, 0.20643693208694458, 0.2447984367609024, 0.24252276122570038, 0.26853054761886597, 0.29063719511032104, 0.3195708692073822, 0.28933680057525635, 0.3325747847557068, 0.3504551351070404, 0.3309492766857147, 0.35240572690963745, 0.34590378403663635, 0.3364759385585785, 0.3286736011505127, 0.34070220589637756, 0.3530559241771698, 0.3543563187122345, 0.36508452892303467, 0.3774382174015045, 0.3624837398529053, 0.3595578670501709, 0.3605331480503082, 0.3468790650367737, 0.3481794595718384, 0.4031209349632263, 0.37191158533096313, 0.3940182030200958, 0.3829648792743683, 0.3699609935283661, 0.40637192130088806, 0.384265273809433]}