{"parameters": [[256, 0.5, 30, 32]], "report": {"air_conditioner": {"precision": 0.1496551724137931, "recall": 0.2719298245614035, "f1-score": 0.1930604982206406, "support": 798}, "car_horn": {"precision": 0.0, "recall": 0.0, "f1-score": 0.0, "support": 151}, "children_playing": {"precision": 0.3160493827160494, "recall": 0.4860759493670886, "f1-score": 0.3830423940149626, "support": 790}, "dog_bark": {"precision": 0.40974967061923584, "recall": 0.5123558484349259, "f1-score": 0.45534407027818447, "support": 607}, "drilling": {"precision": 0.5980861244019139, "recall": 0.34916201117318435, "f1-score": 0.4409171075837743, "support": 716}, "engine_idling": {"precision": 0.4421768707482993, "recall": 0.24528301886792453, "f1-score": 0.3155339805825243, "support": 795}, "gun_shot": {"precision": 0.7959183673469388, "recall": 0.4431818181818182, "f1-score": 0.5693430656934307, "support": 88}, "jackhammer": {"precision": 0.4572025052192067, "recall": 0.24858115777525538, "f1-score": 0.3220588235294118, "support": 881}, "siren": {"precision": 0.7618270799347472, "recall": 0.5716034271725826, "f1-score": 0.6531468531468532, "support": 817}, "street_music": {"precision": 0.2522080471050049, "recall": 0.32125, "f1-score": 0.28257284222100054, "support": 800}, "accuracy": 0.3630296445755083, "macro avg": {"precision": 0.4182873220505189, "recall": 0.3449423055534183, "f1-score": 0.36150196352707825, "support": 6443}, "weighted avg": {"precision": 0.41822094563553847, "recall": 0.3630296445755083, "f1-score": 0.3714296211721329, "support": 6443}}, "finalAcc": 0.3853374719619751, "finalVal": 0.3504551351070404, "finalAccData": [0.12611471116542816, 0.1612221896648407, 0.1529616117477417, 0.16202008724212646, 0.15441659092903137, 0.15934479236602783, 0.15962639451026917, 0.16920116543769836, 0.17150098085403442, 0.1840796023607254, 0.194499209523201, 0.21261616051197052, 0.22341124713420868, 0.22829249501228333, 0.2369285672903061, 0.2434994876384735, 0.24532996118068695, 0.2530742585659027, 0.26189807057380676, 0.2711442708969116, 0.27400732040405273, 0.2793579399585724, 0.28813478350639343, 0.2871491611003876, 0.2963953912258148, 0.3017459809780121, 0.30967801809310913, 0.3535154461860657, 0.3781094551086426, 0.3853374719619751], "finalValData": [0.18465539813041687, 0.18790636956691742, 0.18400520086288452, 0.18075422942638397, 0.17587776482105255, 0.1752275675535202, 0.16579973697662354, 0.18140442669391632, 0.20188556611537933, 0.2074122279882431, 0.183029904961586, 0.19278283417224884, 0.21456436812877655, 0.21618986129760742, 0.1973342001438141, 0.20806242525577545, 0.20903770625591278, 0.23894669115543365, 0.250325083732605, 0.25845253467559814, 0.26365408301353455, 0.25325098633766174, 0.2613784074783325, 0.24544863402843475, 0.2786085903644562, 0.27503252029418945, 0.2821846604347229, 0.32542261481285095, 0.3247724175453186, 0.3504551351070404]}