{"parameters": [[64, 0.3, 40, 32]], "report": {"air_conditioner": {"precision": 0.17759795570698467, "recall": 0.5225563909774437, "f1-score": 0.26509853782581055, "support": 798}, "car_horn": {"precision": 0.0, "recall": 0.0, "f1-score": 0.0, "support": 151}, "children_playing": {"precision": 0.3621766280107047, "recall": 0.5139240506329114, "f1-score": 0.4249084249084249, "support": 790}, "dog_bark": {"precision": 0.5699152542372882, "recall": 0.443163097199341, "f1-score": 0.4986098239110287, "support": 607}, "drilling": {"precision": 0.6, "recall": 0.3645251396648045, "f1-score": 0.45351867940920937, "support": 716}, "engine_idling": {"precision": 0.23529411764705882, "recall": 0.08050314465408805, "f1-score": 0.11996251171508904, "support": 795}, "gun_shot": {"precision": 0.9148936170212766, "recall": 0.48863636363636365, "f1-score": 0.6370370370370371, "support": 88}, "jackhammer": {"precision": 0.4316702819956616, "recall": 0.22587968217934165, "f1-score": 0.2965722801788376, "support": 881}, "siren": {"precision": 0.7785467128027682, "recall": 0.5507955936352509, "f1-score": 0.6451612903225806, "support": 817}, "street_music": {"precision": 0.2538787023977433, "recall": 0.225, "f1-score": 0.23856858846918488, "support": 800}, "accuracy": 0.35526928449480055, "macro avg": {"precision": 0.43239732698194855, "recall": 0.3414983462579545, "f1-score": 0.35794371737772024, "support": 6443}, "weighted avg": {"precision": 0.41757378094803393, "recall": 0.35526928449480055, "f1-score": 0.3577934357151712, "support": 6443}}, "finalAcc": 0.41241905093193054, "finalVal": 0.32802340388298035, "finalAccData": [0.11794799566268921, 0.14197878539562225, 0.1664789319038391, 0.18304702639579773, 0.1925748586654663, 0.19693982601165771, 0.21050408482551575, 0.218858540058136, 0.222378671169281, 0.2262742817401886, 0.23613066971302032, 0.245423823595047, 0.2522294223308563, 0.2597390413284302, 0.264620304107666, 0.2656059265136719, 0.2743358612060547, 0.2810945212841034, 0.2884633541107178, 0.2952220141887665, 0.3031071126461029, 0.31080445647239685, 0.3181263506412506, 0.32953158020973206, 0.3309396505355835, 0.33816763758659363, 0.3400450646877289, 0.3491974174976349, 0.3485403060913086, 0.3553459048271179, 0.36219844222068787, 0.37261804938316345, 0.373322069644928, 0.3848681151866913, 0.38852906227111816, 0.39411434531211853, 0.3988078534603119, 0.4070684313774109, 0.40894582867622375, 0.41241905093193054], "finalValData": [0.11898569762706757, 0.16547463834285736, 0.1908322423696518, 0.20546163618564606, 0.21358907222747803, 0.2204161286354065, 0.2330949306488037, 0.23342002928256989, 0.24154746532440186, 0.2643042802810669, 0.24512353539466858, 0.25065019726753235, 0.27665799856185913, 0.2639791965484619, 0.2844603359699249, 0.2799089848995209, 0.2922626733779907, 0.2786085903644562, 0.2782834768295288, 0.2734070122241974, 0.30884265899658203, 0.25975292921066284, 0.26072821021080017, 0.2857607305049896, 0.288686603307724, 0.2951885461807251, 0.29843953251838684, 0.27535760402679443, 0.29291287064552307, 0.3104681372642517, 0.3107932507991791, 0.3221716582775116, 0.3192457854747772, 0.3364759385585785, 0.3286736011505127, 0.32672300934791565, 0.3247724175453186, 0.3439531922340393, 0.3390767276287079, 0.32802340388298035]}