{"parameters": [[256, 0.4, 40, 32]], "report": {"air_conditioner": {"precision": 0.19399707174231332, "recall": 0.33208020050125314, "f1-score": 0.24491682070240295, "support": 798}, "car_horn": {"precision": 0.5584415584415584, "recall": 0.2847682119205298, "f1-score": 0.37719298245614036, "support": 151}, "children_playing": {"precision": 0.39217318900915904, "recall": 0.5962025316455696, "f1-score": 0.4731290808638875, "support": 790}, "dog_bark": {"precision": 0.5909090909090909, "recall": 0.514003294892916, "f1-score": 0.5497797356828195, "support": 607}, "drilling": {"precision": 0.5382775119617225, "recall": 0.31424581005586594, "f1-score": 0.3968253968253968, "support": 716}, "engine_idling": {"precision": 0.43853211009174314, "recall": 0.30062893081761005, "f1-score": 0.3567164179104478, "support": 795}, "gun_shot": {"precision": 0.8727272727272727, "recall": 0.5454545454545454, "f1-score": 0.6713286713286714, "support": 88}, "jackhammer": {"precision": 0.45454545454545453, "recall": 0.24404086265607264, "f1-score": 0.3175775480059084, "support": 881}, "siren": {"precision": 0.78328611898017, "recall": 0.6768665850673194, "f1-score": 0.7261982928430728, "support": 817}, "street_music": {"precision": 0.26908752327746743, "recall": 0.36125, "f1-score": 0.3084311632870864, "support": 800}, "accuracy": 0.41285115629365204, "macro avg": {"precision": 0.5091976901685953, "recall": 0.4169540973011682, "f1-score": 0.44220961099058337, "support": 6443}, "weighted avg": {"precision": 0.46160826097236424, "recall": 0.41285115629365204, "f1-score": 0.42007081357003184, "support": 6443}}, "finalAcc": 0.6170092821121216, "finalVal": 0.38719114661216736, "finalAccData": [0.1584060788154602, 0.1590631753206253, 0.2045433223247528, 0.2197503000497818, 0.23537971079349518, 0.24504834413528442, 0.26485496759414673, 0.2782314717769623, 0.29099783301353455, 0.3047967851161957, 0.313338965177536, 0.32511967420578003, 0.32948464155197144, 0.34079602360725403, 0.3490096628665924, 0.3682061433792114, 0.38092556595802307, 0.39495915174484253, 0.40284428000450134, 0.41396790742874146, 0.42180606722831726, 0.4499202072620392, 0.4569604694843292, 0.4693513512611389, 0.4766732454299927, 0.48141369223594666, 0.4867173433303833, 0.4960574507713318, 0.5060546398162842, 0.5186801552772522, 0.5328546166419983, 0.5428987145423889, 0.5562752485275269, 0.5603585839271545, 0.573500394821167, 0.5801182985305786, 0.5913826823234558, 0.5985168218612671, 0.6142870783805847, 0.6170092821121216], "finalValData": [0.2513003945350647, 0.2434980422258377, 0.20253576338291168, 0.19408322870731354, 0.1882314682006836, 0.19408322870731354, 0.20156046748161316, 0.20708712935447693, 0.22626787424087524, 0.2513003945350647, 0.23114433884620667, 0.27275681495666504, 0.2639791965484619, 0.2591027319431305, 0.30234071612358093, 0.28673601150512695, 0.31241872906684875, 0.3237971365451813, 0.3247724175453186, 0.32509753108024597, 0.35240572690963745, 0.35143041610717773, 0.39726918935775757, 0.35728219151496887, 0.41937580704689026, 0.38719114661216736, 0.3790637254714966, 0.40247073769569397, 0.3579323887825012, 0.3875162601470947, 0.3855656683444977, 0.35890766978263855, 0.4083224833011627, 0.37808841466903687, 0.37581273913383484, 0.3787386119365692, 0.3829648792743683, 0.41449934244155884, 0.41840052604675293, 0.38719114661216736]}