{"parameters": [[512, 0.4, 30, 16]], "report": {"air_conditioner": {"precision": 0.2859078590785908, "recall": 0.2644110275689223, "f1-score": 0.27473958333333337, "support": 798}, "car_horn": {"precision": 0.4306569343065693, "recall": 0.39072847682119205, "f1-score": 0.40972222222222215, "support": 151}, "children_playing": {"precision": 0.4125809435707678, "recall": 0.5645569620253165, "f1-score": 0.4767504008551577, "support": 790}, "dog_bark": {"precision": 0.4940239043824701, "recall": 0.6128500823723229, "f1-score": 0.5470588235294117, "support": 607}, "drilling": {"precision": 0.4793388429752066, "recall": 0.40502793296089384, "f1-score": 0.4390613171839516, "support": 716}, "engine_idling": {"precision": 0.41131498470948014, "recall": 0.3383647798742138, "f1-score": 0.37129054520358873, "support": 795}, "gun_shot": {"precision": 0.896551724137931, "recall": 0.5909090909090909, "f1-score": 0.7123287671232877, "support": 88}, "jackhammer": {"precision": 0.3469387755102041, "recall": 0.19296254256526674, "f1-score": 0.24799416484318015, "support": 881}, "siren": {"precision": 0.8074433656957929, "recall": 0.6107711138310894, "f1-score": 0.6954703832752613, "support": 817}, "street_music": {"precision": 0.31092436974789917, "recall": 0.50875, "f1-score": 0.3859649122807018, "support": 800}, "accuracy": 0.4306999844792798, "macro avg": {"precision": 0.48756817041149114, "recall": 0.44793320089283084, "f1-score": 0.45603811198500965, "support": 6443}, "weighted avg": {"precision": 0.4473331502313779, "recall": 0.4306999844792798, "f1-score": 0.4279824112755217, "support": 6443}}, "finalAcc": 0.7223317623138428, "finalVal": 0.38231468200683594, "finalAccData": [0.2021496295928955, 0.25528019666671753, 0.31751617789268494, 0.3654839098453522, 0.40195250511169434, 0.4353233873844147, 0.4664883017539978, 0.490847647190094, 0.5061485171318054, 0.521824836730957, 0.5461372137069702, 0.5541161894798279, 0.5692293047904968, 0.5781939625740051, 0.5888012647628784, 0.6098751425743103, 0.6132075190544128, 0.6225007176399231, 0.6316530704498291, 0.6445602178573608, 0.6477048993110657, 0.6608467102050781, 0.6698113083839417, 0.6771332025527954, 0.6860508918762207, 0.6940767765045166, 0.7019149661064148, 0.7080165147781372, 0.7205482125282288, 0.7223317623138428], "finalValData": [0.31111833453178406, 0.37191158533096313, 0.4070221185684204, 0.3735370635986328, 0.404746413230896, 0.39239272475242615, 0.36931079626083374, 0.3933680057525635, 0.37418726086616516, 0.37971392273902893, 0.37581273913383484, 0.3979193866252899, 0.40929779410362244, 0.4457087218761444, 0.3969440758228302, 0.4161248505115509, 0.3390767276287079, 0.40247073769569397, 0.4034460484981537, 0.42035111784935, 0.41287386417388916, 0.4704161286354065, 0.3904421329498291, 0.45026007294654846, 0.3953185975551605, 0.40149545669555664, 0.4057217240333557, 0.4213263988494873, 0.36931079626083374, 0.38231468200683594]}