{"parameters": [[128, 0.4, 30, 32]], "report": {"air_conditioner": {"precision": 0.09295570079883805, "recall": 0.16040100250626566, "f1-score": 0.11770114942528734, "support": 798}, "car_horn": {"precision": 0.0, "recall": 0.0, "f1-score": 0.0, "support": 151}, "children_playing": {"precision": 0.20259019426456984, "recall": 0.2772151898734177, "f1-score": 0.23409941207910206, "support": 790}, "dog_bark": {"precision": 0.3870967741935484, "recall": 0.514003294892916, "f1-score": 0.4416135881104034, "support": 607}, "drilling": {"precision": 0.6129032258064516, "recall": 0.3715083798882682, "f1-score": 0.4626086956521739, "support": 716}, "engine_idling": {"precision": 0.3503289473684211, "recall": 0.2679245283018868, "f1-score": 0.3036350677120456, "support": 795}, "gun_shot": {"precision": 1.0, "recall": 0.022727272727272728, "f1-score": 0.044444444444444446, "support": 88}, "jackhammer": {"precision": 0.5372848948374761, "recall": 0.318955732122588, "f1-score": 0.40028490028490027, "support": 881}, "siren": {"precision": 0.1937669376693767, "recall": 0.17503059975520197, "f1-score": 0.18392282958199355, "support": 817}, "street_music": {"precision": 0.2929061784897025, "recall": 0.32, "f1-score": 0.3058542413381123, "support": 800}, "accuracy": 0.2824771069377619, "macro avg": {"precision": 0.3669832853428384, "recall": 0.2427766000067817, "f1-score": 0.24941643286284632, "support": 6443}, "weighted avg": {"precision": 0.3322246454596834, "recall": 0.2824771069377619, "f1-score": 0.2904006920356984, "support": 6443}}, "finalAcc": 0.35107481479644775, "finalVal": 0.3192457854747772, "finalAccData": [0.12672486901283264, 0.15465126931667328, 0.1594855934381485, 0.16047123074531555, 0.16159766912460327, 0.16539941728115082, 0.16680747270584106, 0.17182953655719757, 0.17445789277553558, 0.17586594820022583, 0.1831878274679184, 0.18830376863479614, 0.1932319551706314, 0.20186801254749298, 0.21224068105220795, 0.21439969539642334, 0.20970618724822998, 0.2217215746641159, 0.22730685770511627, 0.22575800120830536, 0.23298601806163788, 0.23444099724292755, 0.2423730343580246, 0.24406270682811737, 0.24730123579502106, 0.266685426235199, 0.28386369347572327, 0.29864826798439026, 0.3295785188674927, 0.35107481479644775], "finalValData": [0.1430429071187973, 0.1583224982023239, 0.15149544179439545, 0.15897269546985626, 0.15377113223075867, 0.15442132949829102, 0.1596228927373886, 0.15052016079425812, 0.15377113223075867, 0.15539662539958954, 0.1573472023010254, 0.16092327237129211, 0.18010403215885162, 0.18270480632781982, 0.17945383489131927, 0.18270480632781982, 0.18985696136951447, 0.15767230093479156, 0.1674252301454544, 0.17685306072235107, 0.164824441075325, 0.16840052604675293, 0.17490246891975403, 0.17945383489131927, 0.2100130021572113, 0.22236670553684235, 0.27145645022392273, 0.26365408301353455, 0.2812093496322632, 0.3192457854747772]}