{"parameters": [[512, 0.5, 30, 32]], "report": {"air_conditioner": {"precision": 0.1383422778771616, "recall": 0.2907268170426065, "f1-score": 0.1874747474747475, "support": 798}, "car_horn": {"precision": 0.26666666666666666, "recall": 0.026490066225165563, "f1-score": 0.048192771084337345, "support": 151}, "children_playing": {"precision": 0.4380069524913094, "recall": 0.47848101265822784, "f1-score": 0.4573502722323049, "support": 790}, "dog_bark": {"precision": 0.5066273932253313, "recall": 0.5667215815485996, "f1-score": 0.5349922239502333, "support": 607}, "drilling": {"precision": 0.615866388308977, "recall": 0.41201117318435754, "f1-score": 0.4937238493723849, "support": 716}, "engine_idling": {"precision": 0.37037037037037035, "recall": 0.2641509433962264, "f1-score": 0.3083700440528634, "support": 795}, "gun_shot": {"precision": 0.8269230769230769, "recall": 0.48863636363636365, "f1-score": 0.6142857142857143, "support": 88}, "jackhammer": {"precision": 0.5265306122448979, "recall": 0.14642451759364358, "f1-score": 0.22912966252220246, "support": 881}, "siren": {"precision": 0.7478991596638656, "recall": 0.5446756425948592, "f1-score": 0.6303116147308782, "support": 817}, "street_music": {"precision": 0.22659323367427223, "recall": 0.36, "f1-score": 0.2781265089328827, "support": 800}, "accuracy": 0.3675306534223188, "macro avg": {"precision": 0.46638261314459284, "recall": 0.357831811788005, "f1-score": 0.3781957408638549, "support": 6443}, "weighted avg": {"precision": 0.4452223814347363, "recall": 0.3675306534223188, "f1-score": 0.3779257465486865, "support": 6443}}, "finalAcc": 0.5326198935508728, "finalVal": 0.38491547107696533, "finalAccData": [0.14939454197883606, 0.20402704179286957, 0.21768516302108765, 0.21397727727890015, 0.22702525556087494, 0.2404486984014511, 0.2630245089530945, 0.2743827998638153, 0.29381394386291504, 0.30559468269348145, 0.31470009684562683, 0.32887449860572815, 0.3435651957988739, 0.35285836458206177, 0.3644982576370239, 0.3666103482246399, 0.38613536953926086, 0.4046747386455536, 0.42748522758483887, 0.43677836656570435, 0.4469633102416992, 0.46024593710899353, 0.4668637812137604, 0.48094433546066284, 0.49202102422714233, 0.5000469088554382, 0.5127193927764893, 0.5194780826568604, 0.5285365581512451, 0.5326198935508728], "finalValData": [0.2990897297859192, 0.24057216942310333, 0.20026007294654846, 0.20156046748161316, 0.21488946676254272, 0.2243172973394394, 0.23764629662036896, 0.24707412719726562, 0.2948634624481201, 0.24284785985946655, 0.2844603359699249, 0.2847854495048523, 0.3208712637424469, 0.3029908835887909, 0.3247724175453186, 0.3403771221637726, 0.3582574725151062, 0.3348504602909088, 0.3774382174015045, 0.37451234459877014, 0.3751625418663025, 0.365734726190567, 0.37971392273902893, 0.36540961265563965, 0.38719114661216736, 0.37158647179603577, 0.38231468200683594, 0.3881664574146271, 0.3709362745285034, 0.38491547107696533]}