{"parameters": [[128, 0.5, 50, 16]], "report": {"air_conditioner": {"precision": 0.14535246412975672, "recall": 0.29197994987468673, "f1-score": 0.1940857975843399, "support": 798}, "car_horn": {"precision": 0.0, "recall": 0.0, "f1-score": 0.0, "support": 151}, "children_playing": {"precision": 0.37846153846153846, "recall": 0.6227848101265823, "f1-score": 0.47081339712918663, "support": 790}, "dog_bark": {"precision": 0.5833333333333334, "recall": 0.4497528830313015, "f1-score": 0.5079069767441861, "support": 607}, "drilling": {"precision": 0.5763888888888888, "recall": 0.3477653631284916, "f1-score": 0.43379790940766544, "support": 716}, "engine_idling": {"precision": 0.4581196581196581, "recall": 0.3371069182389937, "f1-score": 0.38840579710144923, "support": 795}, "gun_shot": {"precision": 0.8888888888888888, "recall": 0.45454545454545453, "f1-score": 0.6015037593984961, "support": 88}, "jackhammer": {"precision": 0.5471014492753623, "recall": 0.1713961407491487, "f1-score": 0.2610198789974071, "support": 881}, "siren": {"precision": 0.7368421052631579, "recall": 0.616891064871481, "f1-score": 0.6715522984676883, "support": 817}, "street_music": {"precision": 0.26053639846743293, "recall": 0.34, "f1-score": 0.2950108459869848, "support": 800}, "accuracy": 0.38522427440633245, "macro avg": {"precision": 0.45750247248280174, "recall": 0.36322225845661393, "f1-score": 0.3824096660817403, "support": 6443}, "weighted avg": {"precision": 0.4526783339361834, "recall": 0.38522427440633245, "f1-score": 0.3914422234643946, "support": 6443}}, "finalAcc": 0.5319628119468689, "finalVal": 0.4197009205818176, "finalAccData": [0.10522857308387756, 0.12189054489135742, 0.1353609263896942, 0.13376513123512268, 0.12864920496940613, 0.12592697143554688, 0.1299164593219757, 0.1333896517753601, 0.12963484227657318, 0.1353140026330948, 0.1438092589378357, 0.15695109963417053, 0.17370693385601044, 0.20158641040325165, 0.211020365357399, 0.22045433521270752, 0.22641509771347046, 0.24612785875797272, 0.27015864849090576, 0.28513094782829285, 0.3024030923843384, 0.330751895904541, 0.35694169998168945, 0.37501174211502075, 0.39026564359664917, 0.4042053818702698, 0.41218435764312744, 0.41392096877098083, 0.42349573969841003, 0.4321787357330322, 0.43635594844818115, 0.4423167109489441, 0.44879376888275146, 0.45545855164527893, 0.4564911425113678, 0.4690697491168976, 0.47484275698661804, 0.48535624146461487, 0.48920491337776184, 0.4874213933944702, 0.4925842583179474, 0.4965268075466156, 0.5041772127151489, 0.5014550089836121, 0.5091054439544678, 0.5208861231803894, 0.5262836813926697, 0.5305078625679016, 0.5287712216377258, 0.5319628119468689], "finalValData": [0.056241873651742935, 0.13979193568229675, 0.13491547107696533, 0.13621586561203003, 0.1339401751756668, 0.13556566834449768, 0.13589076697826385, 0.1365409642457962, 0.14889466762542725, 0.1534460335969925, 0.1456436961889267, 0.14076723158359528, 0.23732119798660278, 0.23732119798660278, 0.23049414157867432, 0.24284785985946655, 0.2356957048177719, 0.2652795910835266, 0.290962278842926, 0.2873862087726593, 0.2948634624481201, 0.33452534675598145, 0.3146944046020508, 0.3553315997123718, 0.29583874344825745, 0.36801040172576904, 0.34102731943130493, 0.35110533237457275, 0.33452534675598145, 0.3777633309364319, 0.3390767276287079, 0.32509753108024597, 0.36671000719070435, 0.3556566834449768, 0.36768531799316406, 0.37548765540122986, 0.41579973697662354, 0.3790637254714966, 0.3777633309364319, 0.38231468200683594, 0.44375813007354736, 0.3829648792743683, 0.39239272475242615, 0.3829648792743683, 0.4008452594280243, 0.3709362745285034, 0.3751625418663025, 0.3920676112174988, 0.38621586561203003, 0.4197009205818176]}