{"parameters": [[128, 0.4, 50, 32]], "report": {"air_conditioner": {"precision": 0.17501626545217958, "recall": 0.33709273182957394, "f1-score": 0.230406852248394, "support": 798}, "car_horn": {"precision": 0.631578947368421, "recall": 0.07947019867549669, "f1-score": 0.1411764705882353, "support": 151}, "children_playing": {"precision": 0.41537053979871913, "recall": 0.5746835443037974, "f1-score": 0.48220924057355286, "support": 790}, "dog_bark": {"precision": 0.5186500888099467, "recall": 0.48105436573311366, "f1-score": 0.4991452991452991, "support": 607}, "drilling": {"precision": 0.5903361344537815, "recall": 0.3924581005586592, "f1-score": 0.47147651006711405, "support": 716}, "engine_idling": {"precision": 0.4863636363636364, "recall": 0.2691823899371069, "f1-score": 0.34655870445344134, "support": 795}, "gun_shot": {"precision": 0.8717948717948718, "recall": 0.38636363636363635, "f1-score": 0.5354330708661418, "support": 88}, "jackhammer": {"precision": 0.38311688311688313, "recall": 0.13393870601589103, "f1-score": 0.1984861227922624, "support": 881}, "siren": {"precision": 0.7532097004279601, "recall": 0.6462668298653611, "f1-score": 0.6956521739130436, "support": 817}, "street_music": {"precision": 0.24546172059984214, "recall": 0.38875, "f1-score": 0.30091920657958393, "support": 800}, "accuracy": 0.39003569765637125, "macro avg": {"precision": 0.5070898788186241, "recall": 0.3689260503282636, "f1-score": 0.3901463651227068, "support": 6443}, "weighted avg": {"precision": 0.4521682630581305, "recall": 0.39003569765637125, "f1-score": 0.39318139667898677, "support": 6443}}, "finalAcc": 0.5522857308387756, "finalVal": 0.3735370635986328, "finalAccData": [0.0933539867401123, 0.14211958646774292, 0.1427297443151474, 0.1414155662059784, 0.14268280565738678, 0.14437247812747955, 0.14897212386131287, 0.14845582842826843, 0.14789260923862457, 0.15488594770431519, 0.15615320205688477, 0.15648174285888672, 0.15901623666286469, 0.16347508132457733, 0.16615037620067596, 0.17164179682731628, 0.17220501601696014, 0.1751619279384613, 0.1790575385093689, 0.1851591169834137, 0.19816014170646667, 0.2029944658279419, 0.22524172067642212, 0.2443443089723587, 0.2595982253551483, 0.26030227541923523, 0.26921993494033813, 0.2782314717769623, 0.2850840091705322, 0.2952689528465271, 0.3046090304851532, 0.3166244328022003, 0.3514502942562103, 0.373322069644928, 0.3896555006504059, 0.40411150455474854, 0.41791045665740967, 0.42696893215179443, 0.44358396530151367, 0.455130010843277, 0.46249881386756897, 0.4740448594093323, 0.48357269167900085, 0.500375509262085, 0.5061954259872437, 0.5214962959289551, 0.5318689346313477, 0.5369848608970642, 0.544025182723999, 0.5522857308387756], "finalValData": [0.12256176769733429, 0.1495448648929596, 0.14271780848503113, 0.1378413587808609, 0.1404421329498291, 0.13946683704853058, 0.14011703431606293, 0.14271780848503113, 0.14401820302009583, 0.14369310438632965, 0.14596879482269287, 0.1534460335969925, 0.15312093496322632, 0.15442132949829102, 0.1612483710050583, 0.17197659611701965, 0.172626793384552, 0.17327697575092316, 0.17847853899002075, 0.18595579266548157, 0.17197659611701965, 0.17197659611701965, 0.18530559539794922, 0.20773732662200928, 0.23894669115543365, 0.2769830822944641, 0.32054615020751953, 0.3026657998561859, 0.2935630679130554, 0.33550065755844116, 0.3387516140937805, 0.3413524031639099, 0.3566319942474365, 0.34980493783950806, 0.37548765540122986, 0.3556566834449768, 0.3579323887825012, 0.3647594153881073, 0.35143041610717773, 0.363459050655365, 0.345578670501709, 0.36768531799316406, 0.36671000719070435, 0.3608582615852356, 0.36801040172576904, 0.3559817969799042, 0.3813394010066986, 0.34460338950157166, 0.35403120517730713, 0.3735370635986328]}