{"parameters": [[128, 0.3, 40, 16]], "report": {"air_conditioner": {"precision": 0.14320585842148087, "recall": 0.22055137844611528, "f1-score": 0.17365564874198322, "support": 798}, "car_horn": {"precision": 0.4418604651162791, "recall": 0.25165562913907286, "f1-score": 0.32067510548523204, "support": 151}, "children_playing": {"precision": 0.3880851063829787, "recall": 0.5772151898734177, "f1-score": 0.4641221374045802, "support": 790}, "dog_bark": {"precision": 0.7210884353741497, "recall": 0.5238879736408567, "f1-score": 0.6068702290076335, "support": 607}, "drilling": {"precision": 0.6042471042471043, "recall": 0.4371508379888268, "f1-score": 0.507293354943274, "support": 716}, "engine_idling": {"precision": 0.35092348284960423, "recall": 0.33459119496855344, "f1-score": 0.3425627817128139, "support": 795}, "gun_shot": {"precision": 0.85, "recall": 0.5795454545454546, "f1-score": 0.6891891891891891, "support": 88}, "jackhammer": {"precision": 0.4200477326968974, "recall": 0.19977298524404086, "f1-score": 0.27076923076923076, "support": 881}, "siren": {"precision": 0.8141321044546851, "recall": 0.6487148102815178, "f1-score": 0.7220708446866485, "support": 817}, "street_music": {"precision": 0.20162748643761302, "recall": 0.27875, "f1-score": 0.23399790136411333, "support": 800}, "accuracy": 0.39531274251125254, "macro avg": {"precision": 0.49352177759807925, "recall": 0.40518354541278556, "f1-score": 0.4331206423304699, "support": 6443}, "weighted avg": {"precision": 0.45137702717204076, "recall": 0.39531274251125254, "f1-score": 0.40880208938993007, "support": 6443}}, "finalAcc": 0.646766185760498, "finalVal": 0.42360207438468933, "finalAccData": [0.13634656369686127, 0.1721111387014389, 0.21960949897766113, 0.24293626844882965, 0.274992972612381, 0.30038487911224365, 0.32324227690696716, 0.33563315868377686, 0.35586220026016235, 0.3729465901851654, 0.38322538137435913, 0.4040176570415497, 0.415563702583313, 0.4302074611186981, 0.44203510880470276, 0.46184173226356506, 0.4726368188858032, 0.48573172092437744, 0.49619826674461365, 0.5072749257087708, 0.5198066234588623, 0.5301323533058167, 0.5400826334953308, 0.5395193696022034, 0.5484370589256287, 0.5612034201622009, 0.5673049688339233, 0.5741575360298157, 0.5824650526046753, 0.5933539867401123, 0.5980474948883057, 0.6010982990264893, 0.6134422421455383, 0.6132544875144958, 0.6209518313407898, 0.6267718076705933, 0.6329672336578369, 0.6395381689071655, 0.6417441368103027, 0.646766185760498], "finalValData": [0.19115734100341797, 0.21814043819904327, 0.23862159252166748, 0.2587776184082031, 0.2613784074783325, 0.26495447754859924, 0.2821846604347229, 0.3185955882072449, 0.30461639165878296, 0.3192457854747772, 0.31762027740478516, 0.32802340388298035, 0.3107932507991791, 0.34980493783950806, 0.36801040172576904, 0.3748374581336975, 0.36150845885276794, 0.39239272475242615, 0.37548765540122986, 0.39271780848503113, 0.3868660628795624, 0.3956436812877655, 0.38849154114723206, 0.39271780848503113, 0.365734726190567, 0.3813394010066986, 0.3933680057525635, 0.3940182030200958, 0.40279585123062134, 0.404421329498291, 0.41937580704689026, 0.4070221185684204, 0.41189858317375183, 0.4125487506389618, 0.4138491451740265, 0.40637192130088806, 0.4135240614414215, 0.41319894790649414, 0.4086475968360901, 0.42360207438468933]}