{"parameters": [[512, 0.3, 40, 16]], "report": {"air_conditioner": {"precision": 0.178117048346056, "recall": 0.08771929824561403, "f1-score": 0.11754827875734677, "support": 798}, "car_horn": {"precision": 0.5824175824175825, "recall": 0.3509933774834437, "f1-score": 0.4380165289256199, "support": 151}, "children_playing": {"precision": 0.37631975867269984, "recall": 0.6316455696202532, "f1-score": 0.4716446124763705, "support": 790}, "dog_bark": {"precision": 0.4971014492753623, "recall": 0.5650741350906096, "f1-score": 0.5289128758673863, "support": 607}, "drilling": {"precision": 0.47638326585695007, "recall": 0.4930167597765363, "f1-score": 0.48455730954015097, "support": 716}, "engine_idling": {"precision": 0.3854166666666667, "recall": 0.3723270440251572, "f1-score": 0.3787587971849008, "support": 795}, "gun_shot": {"precision": 0.8615384615384616, "recall": 0.6363636363636364, "f1-score": 0.7320261437908497, "support": 88}, "jackhammer": {"precision": 0.37531486146095716, "recall": 0.16912599318955732, "f1-score": 0.23317683881064163, "support": 881}, "siren": {"precision": 0.7665816326530612, "recall": 0.7356181150550796, "f1-score": 0.7507807620237352, "support": 817}, "street_music": {"precision": 0.2904040404040404, "recall": 0.43125, "f1-score": 0.34708249496981897, "support": 800}, "accuracy": 0.42914791246313827, "macro avg": {"precision": 0.4789594767291837, "recall": 0.4473133928849887, "f1-score": 0.4482504642346822, "support": 6443}, "weighted avg": {"precision": 0.42553166548248217, "recall": 0.42914791246313827, "f1-score": 0.41324703296783005, "support": 6443}}, "finalAcc": 0.8504646420478821, "finalVal": 0.4239271879196167, "finalAccData": [0.2147282510995865, 0.20632685720920563, 0.26447948813438416, 0.3091617524623871, 0.3563784956932068, 0.39392659068107605, 0.44395944476127625, 0.49948370456695557, 0.5396602153778076, 0.5737351179122925, 0.5994555354118347, 0.6253637671470642, 0.6443255543708801, 0.6638975143432617, 0.680137038230896, 0.6901342272758484, 0.7134140729904175, 0.7237867116928101, 0.7427015900611877, 0.7473481893539429, 0.7579085826873779, 0.763165295124054, 0.7729747295379639, 0.7821270823478699, 0.7890265583992004, 0.794189453125, 0.8013705015182495, 0.8037642240524292, 0.8088331818580627, 0.8134328126907349, 0.8185018301010132, 0.8217403292655945, 0.8255890607833862, 0.8327232003211975, 0.8340842723846436, 0.8405144214630127, 0.8397164940834045, 0.8425326347351074, 0.8485403060913086, 0.8504646420478821], "finalValData": [0.229518860578537, 0.2087126076221466, 0.16287386417388916, 0.2035110592842102, 0.2473992258310318, 0.32672300934791565, 0.31989598274230957, 0.36931079626083374, 0.40637192130088806, 0.443107932806015, 0.40767231583595276, 0.3940182030200958, 0.44245773553848267, 0.4138491451740265, 0.42490246891975403, 0.44895967841148376, 0.41807541251182556, 0.45058518648147583, 0.41287386417388916, 0.41189858317375183, 0.4392067492008209, 0.4704161286354065, 0.43368011713027954, 0.44115734100341797, 0.3930429220199585, 0.422951877117157, 0.422626793384552, 0.42360207438468933, 0.4174252152442932, 0.4268530607223511, 0.4190507233142853, 0.44895967841148376, 0.4008452594280243, 0.4070221185684204, 0.3930429220199585, 0.3995448648929596, 0.4340052008628845, 0.43855658173561096, 0.4268530607223511, 0.4239271879196167]}