{"parameters": [[512, 0.3, 50, 32]], "report": {"air_conditioner": {"precision": 0.2721649484536082, "recall": 0.16541353383458646, "f1-score": 0.20576773187840997, "support": 798}, "car_horn": {"precision": 0.4148148148148148, "recall": 0.3708609271523179, "f1-score": 0.39160839160839156, "support": 151}, "children_playing": {"precision": 0.3602347762289068, "recall": 0.6215189873417721, "f1-score": 0.4561077566186716, "support": 790}, "dog_bark": {"precision": 0.4359281437125748, "recall": 0.5996705107084019, "f1-score": 0.5048543689320388, "support": 607}, "drilling": {"precision": 0.48514851485148514, "recall": 0.4106145251396648, "f1-score": 0.4447806354009077, "support": 716}, "engine_idling": {"precision": 0.35506003430531735, "recall": 0.26037735849056604, "f1-score": 0.3004354136429608, "support": 795}, "gun_shot": {"precision": 0.8695652173913043, "recall": 0.6818181818181818, "f1-score": 0.7643312101910827, "support": 88}, "jackhammer": {"precision": 0.37446808510638296, "recall": 0.19977298524404086, "f1-score": 0.26054774241302736, "support": 881}, "siren": {"precision": 0.7851959361393324, "recall": 0.6621787025703795, "f1-score": 0.7184594953519258, "support": 817}, "street_music": {"precision": 0.3129139072847682, "recall": 0.4725, "f1-score": 0.3764940239043825, "support": 800}, "accuracy": 0.4189042371566041, "macro avg": {"precision": 0.46654943782884944, "recall": 0.4444725712299912, "f1-score": 0.4423386769941799, "support": 6443}, "weighted avg": {"precision": 0.4278941353448058, "recall": 0.4189042371566041, "f1-score": 0.4085669206928856, "support": 6443}}, "finalAcc": 0.852952241897583, "finalVal": 0.3966189920902252, "finalAccData": [0.22266028821468353, 0.29235896468162537, 0.34304890036582947, 0.39416128396987915, 0.4444757401943207, 0.4821177124977112, 0.5205575823783875, 0.5402234196662903, 0.5665540099143982, 0.588331937789917, 0.6021777987480164, 0.6232047080993652, 0.6307143568992615, 0.6420726776123047, 0.6613630056381226, 0.6753027439117432, 0.6846428513526917, 0.6968459486961365, 0.7042147517204285, 0.71674644947052, 0.7236928343772888, 0.7318126559257507, 0.7358021140098572, 0.7442504167556763, 0.7515254020690918, 0.7584717869758606, 0.7656528949737549, 0.7675772309303284, 0.7765887379646301, 0.7845208048820496, 0.7855533361434937, 0.7927344441413879, 0.7981320023536682, 0.7995400428771973, 0.8005726337432861, 0.8110391497612, 0.8105228543281555, 0.8181263208389282, 0.8190650343894958, 0.8238055109977722, 0.829343855381012, 0.8347883224487305, 0.8382145762443542, 0.8414531350135803, 0.8408898711204529, 0.8436121344566345, 0.8430489301681519, 0.8523420691490173, 0.8474608063697815, 0.852952241897583], "finalValData": [0.30071520805358887, 0.35500651597976685, 0.3491547405719757, 0.3930429220199585, 0.40767231583595276, 0.43985694646835327, 0.42035111784935, 0.4726918041706085, 0.41937580704689026, 0.4317295253276825, 0.4135240614414215, 0.45806241035461426, 0.42945384979248047, 0.4343302845954895, 0.4005201458930969, 0.42977893352508545, 0.43888166546821594, 0.4379063844680786, 0.461638480424881, 0.43985694646835327, 0.4564369320869446, 0.5334850549697876, 0.49804940819740295, 0.4447334110736847, 0.4522106647491455, 0.4548114538192749, 0.4886215925216675, 0.46326398849487305, 0.4486345946788788, 0.4626137912273407, 0.49674901366233826, 0.43628087639808655, 0.44245773553848267, 0.4512353837490082, 0.44635891914367676, 0.4457087218761444, 0.43595579266548157, 0.4486345946788788, 0.4356306791305542, 0.4314044117927551, 0.4525357484817505, 0.4070221185684204, 0.4369310736656189, 0.44798439741134644, 0.4268530607223511, 0.42847853899002075, 0.440832257270813, 0.4099479913711548, 0.4444083273410797, 0.3966189920902252]}