{"parameters": [[64, 0.4, 40, 16]], "report": {"air_conditioner": {"precision": 0.17412935323383086, "recall": 0.2631578947368421, "f1-score": 0.20958083832335328, "support": 798}, "car_horn": {"precision": 0.7777777777777778, "recall": 0.046357615894039736, "f1-score": 0.0875, "support": 151}, "children_playing": {"precision": 0.2328125, "recall": 0.37721518987341773, "f1-score": 0.2879227053140097, "support": 790}, "dog_bark": {"precision": 0.46788990825688076, "recall": 0.08401976935749589, "f1-score": 0.14245810055865923, "support": 607}, "drilling": {"precision": 0.5637860082304527, "recall": 0.38268156424581007, "f1-score": 0.4559068219633943, "support": 716}, "engine_idling": {"precision": 0.45302013422818793, "recall": 0.16981132075471697, "f1-score": 0.24702653247941445, "support": 795}, "gun_shot": {"precision": 0.8611111111111112, "recall": 0.3522727272727273, "f1-score": 0.5, "support": 88}, "jackhammer": {"precision": 0.3968253968253968, "recall": 0.0851305334846765, "f1-score": 0.14018691588785046, "support": 881}, "siren": {"precision": 0.3526946107784431, "recall": 0.7209302325581395, "f1-score": 0.47366304784881386, "support": 817}, "street_music": {"precision": 0.24655172413793103, "recall": 0.3575, "f1-score": 0.29183673469387755, "support": 800}, "accuracy": 0.303585286357287, "macro avg": {"precision": 0.4526598524580012, "recall": 0.28390768481778655, "f1-score": 0.28360816970693736, "support": 6443}, "weighted avg": {"precision": 0.3723306433243313, "recall": 0.303585286357287, "f1-score": 0.2801740123872286, "support": 6443}}, "finalAcc": 0.3980099558830261, "finalVal": 0.28933680057525635, "finalAccData": [0.08579742908477783, 0.09832911193370819, 0.1122688427567482, 0.12207828462123871, 0.12785130739212036, 0.1250821352005005, 0.1257392317056656, 0.132310152053833, 0.14104008674621582, 0.15136581659317017, 0.15671642124652863, 0.15737350285053253, 0.16366282105445862, 0.16704215109348297, 0.16802778840065002, 0.17290903627872467, 0.17563128471374512, 0.17877593636512756, 0.19182389974594116, 0.2202196568250656, 0.23983854055404663, 0.2515254020690918, 0.25725147128105164, 0.2762601971626282, 0.28513094782829285, 0.3011358380317688, 0.30451515316963196, 0.3087393343448639, 0.31629589200019836, 0.3298132121562958, 0.32863980531692505, 0.3396226465702057, 0.35872524976730347, 0.36168214678764343, 0.3686285614967346, 0.378625750541687, 0.3796583116054535, 0.38679245114326477, 0.3934102952480316, 0.3980099558830261], "finalValData": [0.06729518622159958, 0.08224967122077942, 0.09167750179767609, 0.09070221334695816, 0.1352405697107315, 0.1404421329498291, 0.14856956899166107, 0.14986996352672577, 0.14986996352672577, 0.17197659611701965, 0.17035110294818878, 0.1661248356103897, 0.16775032877922058, 0.16970090568065643, 0.1765279620885849, 0.17847853899002075, 0.19148243963718414, 0.16775032877922058, 0.17067620158195496, 0.19310793280601501, 0.17360207438468933, 0.1843302994966507, 0.18530559539794922, 0.229518860578537, 0.21586476266384125, 0.23927177488803864, 0.24447333812713623, 0.23894669115543365, 0.2343953251838684, 0.231794536113739, 0.21618986129760742, 0.22854356467723846, 0.26235371828079224, 0.2708062529563904, 0.23992197215557098, 0.2734070122241974, 0.27795839309692383, 0.27535760402679443, 0.2857607305049896, 0.28933680057525635]}