{"parameters": [[512, 0.3, 30, 32]], "report": {"air_conditioner": {"precision": 0.24777183600713013, "recall": 0.17418546365914786, "f1-score": 0.20456217807211186, "support": 798}, "car_horn": {"precision": 0.2127659574468085, "recall": 0.1986754966887417, "f1-score": 0.20547945205479454, "support": 151}, "children_playing": {"precision": 0.3950413223140496, "recall": 0.6050632911392405, "f1-score": 0.478, "support": 790}, "dog_bark": {"precision": 0.47162673392181587, "recall": 0.6161449752883031, "f1-score": 0.5342857142857143, "support": 607}, "drilling": {"precision": 0.5099457504520796, "recall": 0.39385474860335196, "f1-score": 0.4444444444444444, "support": 716}, "engine_idling": {"precision": 0.34960629921259845, "recall": 0.2792452830188679, "f1-score": 0.31048951048951046, "support": 795}, "gun_shot": {"precision": 0.9152542372881356, "recall": 0.6136363636363636, "f1-score": 0.7346938775510204, "support": 88}, "jackhammer": {"precision": 0.3308641975308642, "recall": 0.15209988649262202, "f1-score": 0.208398133748056, "support": 881}, "siren": {"precision": 0.7006134969325153, "recall": 0.6988984088127295, "f1-score": 0.6997549019607843, "support": 817}, "street_music": {"precision": 0.29189614476789927, "recall": 0.46375, "f1-score": 0.3582810236600676, "support": 800}, "accuracy": 0.41207512028558124, "macro avg": {"precision": 0.44253859758738967, "recall": 0.41955539173393686, "f1-score": 0.4178389236266504, "support": 6443}, "weighted avg": {"precision": 0.41117797543671203, "recall": 0.41207512028558124, "f1-score": 0.3985468287880138, "support": 6443}}, "finalAcc": 0.7798742055892944, "finalVal": 0.4496098756790161, "finalAccData": [0.21942175924777985, 0.294142484664917, 0.3574579954147339, 0.40307894349098206, 0.45029568672180176, 0.48535624146461487, 0.5105134844779968, 0.5412090420722961, 0.5643011331558228, 0.5832160115242004, 0.6033980846405029, 0.6187928318977356, 0.6347507834434509, 0.650943398475647, 0.6620200872421265, 0.6725804805755615, 0.6855345964431763, 0.6901342272758484, 0.7006477117538452, 0.7107387781143188, 0.7212052941322327, 0.7320003509521484, 0.7399324178695679, 0.7415282130241394, 0.7534497380256653, 0.761053204536438, 0.771989107131958, 0.7742889523506165, 0.777292788028717, 0.7798742055892944], "finalValData": [0.32769832015037537, 0.39109233021736145, 0.37711313366889954, 0.4265279471874237, 0.43985694646835327, 0.4382314682006836, 0.4307542145252228, 0.4333550035953522, 0.40279585123062134, 0.45026007294654846, 0.4070221185684204, 0.4535110592842102, 0.4275032579898834, 0.4327048063278198, 0.4665149450302124, 0.4262028634548187, 0.45026007294654846, 0.4288036525249481, 0.4444083273410797, 0.404421329498291, 0.4551365375518799, 0.44505852460861206, 0.4174252152442932, 0.4587126076221466, 0.46033811569213867, 0.4496098756790161, 0.4473342001438141, 0.4353055953979492, 0.4418075382709503, 0.4496098756790161]}