{"parameters": [[256, 0.5, 50, 16]], "report": {"air_conditioner": {"precision": 0.2054380664652568, "recall": 0.2556390977443609, "f1-score": 0.22780569514237856, "support": 798}, "car_horn": {"precision": 0.4636363636363636, "recall": 0.33774834437086093, "f1-score": 0.39080459770114945, "support": 151}, "children_playing": {"precision": 0.379073756432247, "recall": 0.5594936708860759, "f1-score": 0.4519427402862986, "support": 790}, "dog_bark": {"precision": 0.5418060200668896, "recall": 0.5337726523887973, "f1-score": 0.537759336099585, "support": 607}, "drilling": {"precision": 0.5835051546391753, "recall": 0.3952513966480447, "f1-score": 0.4712739383846794, "support": 716}, "engine_idling": {"precision": 0.40585009140767825, "recall": 0.2792452830188679, "f1-score": 0.33084947839046197, "support": 795}, "gun_shot": {"precision": 0.9166666666666666, "recall": 0.5, "f1-score": 0.6470588235294118, "support": 88}, "jackhammer": {"precision": 0.4239401496259352, "recall": 0.19296254256526674, "f1-score": 0.26521060842433697, "support": 881}, "siren": {"precision": 0.796423658872077, "recall": 0.7086903304773562, "f1-score": 0.75, "support": 817}, "street_music": {"precision": 0.29385964912280704, "recall": 0.5025, "f1-score": 0.37084870848708484, "support": 800}, "accuracy": 0.4223187955921155, "macro avg": {"precision": 0.5010199576935097, "recall": 0.42653033180996314, "f1-score": 0.44435539264453866, "support": 6443}, "weighted avg": {"precision": 0.4567216343605533, "recall": 0.4223187955921155, "f1-score": 0.42289822835652036, "support": 6443}}, "finalAcc": 0.6480803489685059, "finalVal": 0.4213263988494873, "finalAccData": [0.15042710304260254, 0.1646953970193863, 0.15826527774333954, 0.1629587858915329, 0.16333426535129547, 0.1692950278520584, 0.17938609421253204, 0.18872618675231934, 0.19313807785511017, 0.20003755390644073, 0.20632685720920563, 0.2180137038230896, 0.23322069644927979, 0.25138458609580994, 0.2663099467754364, 0.2804843783378601, 0.3079414367675781, 0.32516661286354065, 0.3522012531757355, 0.3625269830226898, 0.3864169716835022, 0.40636441111564636, 0.4292687475681305, 0.469586044549942, 0.4879845976829529, 0.4974185824394226, 0.5049751400947571, 0.5214493274688721, 0.5304608941078186, 0.5386276245117188, 0.5463249683380127, 0.5551957488059998, 0.5696048140525818, 0.5811508297920227, 0.5862667560577393, 0.5889890193939209, 0.6002064943313599, 0.602741003036499, 0.6117994785308838, 0.6168215274810791, 0.6199193000793457, 0.6255984306335449, 0.6286961436271667, 0.6312306523323059, 0.634422242641449, 0.6373791694641113, 0.6416502594947815, 0.6454519629478455, 0.6542757749557495, 0.6480803489685059], "finalValData": [0.1973342001438141, 0.1895318627357483, 0.17847853899002075, 0.18270480632781982, 0.1765279620885849, 0.19798439741134644, 0.19895969331264496, 0.21456436812877655, 0.19570870697498322, 0.2087126076221466, 0.22009103000164032, 0.22366710007190704, 0.19765929877758026, 0.18595579266548157, 0.22204160690307617, 0.2678803503513336, 0.3029908835887909, 0.30364108085632324, 0.3257477283477783, 0.31274381279945374, 0.40767231583595276, 0.36378413438796997, 0.3683355152606964, 0.39629387855529785, 0.37548765540122986, 0.3943433165550232, 0.3940182030200958, 0.40247073769569397, 0.4034460484981537, 0.3787386119365692, 0.3826397955417633, 0.4086475968360901, 0.38101431727409363, 0.43595579266548157, 0.39369311928749084, 0.4031209349632263, 0.4307542145252228, 0.4392067492008209, 0.4457087218761444, 0.4535110592842102, 0.41287386417388916, 0.3966189920902252, 0.42977893352508545, 0.4070221185684204, 0.4483094811439514, 0.4216514825820923, 0.4070221185684204, 0.41027307510375977, 0.43628087639808655, 0.4213263988494873]}