{"parameters": [[64, 0.4, 30, 32]], "report": {"air_conditioner": {"precision": 0.10751260950358375, "recall": 0.5075187969924813, "f1-score": 0.1774370208105148, "support": 798}, "car_horn": {"precision": 0.0, "recall": 0.0, "f1-score": 0.0, "support": 151}, "children_playing": {"precision": 0.18831168831168832, "recall": 0.03670886075949367, "f1-score": 0.0614406779661017, "support": 790}, "dog_bark": {"precision": 0.40371621621621623, "recall": 0.39373970345963755, "f1-score": 0.39866555462885744, "support": 607}, "drilling": {"precision": 0.5816326530612245, "recall": 0.31843575418994413, "f1-score": 0.4115523465703971, "support": 716}, "engine_idling": {"precision": 0.25870646766169153, "recall": 0.26163522012578616, "f1-score": 0.26016260162601623, "support": 795}, "gun_shot": {"precision": 1.0, "recall": 0.03409090909090909, "f1-score": 0.06593406593406592, "support": 88}, "jackhammer": {"precision": 0.0, "recall": 0.0, "f1-score": 0.0, "support": 881}, "siren": {"precision": 0.0, "recall": 0.0, "f1-score": 0.0, "support": 817}, "street_music": {"precision": 0.09053497942386832, "recall": 0.0825, "f1-score": 0.08633093525179857, "support": 800}, "accuracy": 0.18283408350147448, "macro avg": {"precision": 0.26304146141782725, "recall": 0.16346292446182517, "f1-score": 0.14615232027877517, "support": 6443}, "weighted avg": {"precision": 0.1958971976277065, "recall": 0.18283408350147448, "f1-score": 0.15652499833935302, "support": 6443}}, "finalAcc": 0.20304138958454132, "finalVal": 0.20253576338291168, "finalAccData": [0.10428987443447113, 0.13850557804107666, 0.1416502445936203, 0.14089927077293396, 0.1409931480884552, 0.14066460728645325, 0.1411808878183365, 0.1429644227027893, 0.14244814217090607, 0.1429644227027893, 0.14540505409240723, 0.1457805335521698, 0.14765793085098267, 0.1527738720178604, 0.15225757658481598, 0.15962639451026917, 0.1664319932460785, 0.16676053404808044, 0.17084389925003052, 0.17150098085403442, 0.17858819663524628, 0.18337558209896088, 0.18759973347187042, 0.18835069239139557, 0.19004036486148834, 0.19093212485313416, 0.19506242871284485, 0.20130479335784912, 0.20172721147537231, 0.20304138958454132], "finalValData": [0.1121586486697197, 0.14726917445659637, 0.13946683704853058, 0.1391417384147644, 0.13751626014709473, 0.13589076697826385, 0.13361509144306183, 0.1352405697107315, 0.13621586561203003, 0.13881663978099823, 0.14076723158359528, 0.1560468077659607, 0.15377113223075867, 0.16905070841312408, 0.1661248356103897, 0.1586475968360901, 0.17165149748325348, 0.17490246891975403, 0.1856306940317154, 0.18270480632781982, 0.1960338056087494, 0.1960338056087494, 0.21033810079097748, 0.2165149599313736, 0.19863459467887878, 0.21098829805850983, 0.2087126076221466, 0.20578673481941223, 0.20806242525577545, 0.20253576338291168]}