{"parameters": [[64, 0.3, 50, 32]], "report": {"air_conditioner": {"precision": 0.12364760432766615, "recall": 0.10025062656641603, "f1-score": 0.11072664359861592, "support": 798}, "car_horn": {"precision": 0.34375, "recall": 0.0728476821192053, "f1-score": 0.12021857923497269, "support": 151}, "children_playing": {"precision": 0.2073490813648294, "recall": 0.2, "f1-score": 0.20360824742268044, "support": 790}, "dog_bark": {"precision": 0.4165477888730385, "recall": 0.48105436573311366, "f1-score": 0.44648318042813456, "support": 607}, "drilling": {"precision": 0.6482504604051565, "recall": 0.49162011173184356, "f1-score": 0.5591739475774424, "support": 716}, "engine_idling": {"precision": 0.4327485380116959, "recall": 0.2792452830188679, "f1-score": 0.33944954128440363, "support": 795}, "gun_shot": {"precision": 0.9210526315789473, "recall": 0.3977272727272727, "f1-score": 0.5555555555555556, "support": 88}, "jackhammer": {"precision": 0.48132780082987553, "recall": 0.13166855845629966, "f1-score": 0.20677361853832443, "support": 881}, "siren": {"precision": 0.3665943600867679, "recall": 0.620563035495716, "f1-score": 0.4609090909090909, "support": 817}, "street_music": {"precision": 0.262792166771952, "recall": 0.52, "f1-score": 0.3491397398237516, "support": 800}, "accuracy": 0.3397485643333851, "macro avg": {"precision": 0.4204060432249929, "recall": 0.32949769358487346, "f1-score": 0.33520381443729724, "support": 6443}, "weighted avg": {"precision": 0.37098455493800037, "recall": 0.3397485643333851, "f1-score": 0.32524298785959993, "support": 6443}}, "finalAcc": 0.45175066590309143, "finalVal": 0.3348504602909088, "finalAccData": [0.09264995902776718, 0.13611190021038055, 0.13498544692993164, 0.1214211955666542, 0.12264151126146317, 0.12273538112640381, 0.1272880882024765, 0.13343659043312073, 0.13747301697731018, 0.14657843112945557, 0.14634375274181366, 0.15042710304260254, 0.15249225497245789, 0.15521448850631714, 0.15981413424015045, 0.16173847019672394, 0.16394442319869995, 0.16661973297595978, 0.18375106155872345, 0.19027504324913025, 0.20135173201560974, 0.206279918551445, 0.21275697648525238, 0.21393035352230072, 0.22406834363937378, 0.2306392639875412, 0.24265465140342712, 0.2513376474380493, 0.25335586071014404, 0.25908195972442627, 0.2634938657283783, 0.2656528651714325, 0.2682812213897705, 0.27076879143714905, 0.27428892254829407, 0.2845677137374878, 0.3137613832950592, 0.3529522120952606, 0.37327513098716736, 0.3805970251560211, 0.39162677526474, 0.405191034078598, 0.41481274366378784, 0.41678401827812195, 0.427344411611557, 0.43593353033065796, 0.4410025477409363, 0.442128986120224, 0.45010796189308167, 0.45175066590309143], "finalValData": [0.11703511327505112, 0.12808842957019806, 0.12711313366889954, 0.08159948140382767, 0.08289986848831177, 0.08517555147409439, 0.13198959827423096, 0.1339401751756668, 0.13328999280929565, 0.13328999280929565, 0.13361509144306183, 0.1404421329498291, 0.14921976625919342, 0.1547464281320572, 0.15539662539958954, 0.1674252301454544, 0.17620286345481873, 0.18368010222911835, 0.15669700503349304, 0.15247073769569397, 0.15507152676582336, 0.16417425870895386, 0.16547463834285736, 0.16417425870895386, 0.18498049676418304, 0.1765279620885849, 0.1856306940317154, 0.18140442669391632, 0.18368010222911835, 0.19050715863704681, 0.18888166546821594, 0.18400520086288452, 0.19408322870731354, 0.1882314682006836, 0.19148243963718414, 0.23244473338127136, 0.2805591821670532, 0.2529258728027344, 0.28023406863212585, 0.2769830822944641, 0.2743823230266571, 0.2873862087726593, 0.3182704746723175, 0.3185955882072449, 0.3283485174179077, 0.3179453909397125, 0.3221716582775116, 0.33062419295310974, 0.33680105209350586, 0.3348504602909088]}