{"parameters": [[256, 0.4, 50, 16]], "report": {"air_conditioner": {"precision": 0.25539568345323743, "recall": 0.2669172932330827, "f1-score": 0.2610294117647059, "support": 798}, "car_horn": {"precision": 0.5, "recall": 0.2251655629139073, "f1-score": 0.3105022831050228, "support": 151}, "children_playing": {"precision": 0.413953488372093, "recall": 0.5632911392405063, "f1-score": 0.47721179624664883, "support": 790}, "dog_bark": {"precision": 0.634508348794063, "recall": 0.5634266886326195, "f1-score": 0.5968586387434556, "support": 607}, "drilling": {"precision": 0.5979381443298969, "recall": 0.40502793296089384, "f1-score": 0.48293089092422986, "support": 716}, "engine_idling": {"precision": 0.4682080924855491, "recall": 0.30566037735849055, "f1-score": 0.3698630136986301, "support": 795}, "gun_shot": {"precision": 0.8771929824561403, "recall": 0.5681818181818182, "f1-score": 0.6896551724137931, "support": 88}, "jackhammer": {"precision": 0.4036885245901639, "recall": 0.22360953461975028, "f1-score": 0.2878013148283418, "support": 881}, "siren": {"precision": 0.6797546012269938, "recall": 0.6780905752753978, "f1-score": 0.678921568627451, "support": 817}, "street_music": {"precision": 0.26039667306461933, "recall": 0.50875, "f1-score": 0.3444773592890394, "support": 800}, "accuracy": 0.4306999844792798, "macro avg": {"precision": 0.5091036538772756, "recall": 0.4308120922416466, "f1-score": 0.4499251449641319, "support": 6443}, "weighted avg": {"precision": 0.4638125320608528, "recall": 0.4306999844792798, "f1-score": 0.43128990600922323, "support": 6443}}, "finalAcc": 0.7230827212333679, "finalVal": 0.44635891914367676, "finalAccData": [0.1618792861700058, 0.2067023366689682, 0.21177133917808533, 0.2378203272819519, 0.2533089220523834, 0.2804843783378601, 0.30995965003967285, 0.3361494541168213, 0.36257392168045044, 0.38458651304244995, 0.4012484848499298, 0.409039705991745, 0.42241621017456055, 0.43959447741508484, 0.464282363653183, 0.48296254873275757, 0.49549421668052673, 0.5126255750656128, 0.5207453370094299, 0.5259551405906677, 0.5359523296356201, 0.5494226813316345, 0.5577301979064941, 0.573500394821167, 0.5810100436210632, 0.5965924859046936, 0.6093588471412659, 0.6202947497367859, 0.6331549882888794, 0.6275227665901184, 0.6431052088737488, 0.649206817150116, 0.6508026123046875, 0.6607528328895569, 0.6661503911018372, 0.6767107844352722, 0.6725335717201233, 0.6768046617507935, 0.6836102604866028, 0.6889139413833618, 0.6944522857666016, 0.6947808265686035, 0.7014455795288086, 0.6989111304283142, 0.7022435069084167, 0.7113488912582397, 0.7173096537590027, 0.7128039002418518, 0.7212991714477539, 0.7230827212333679], "finalValData": [0.2834850549697876, 0.2395968735218048, 0.22626787424087524, 0.250325083732605, 0.22496749460697174, 0.24967490136623383, 0.30071520805358887, 0.32802340388298035, 0.3299739956855774, 0.34102731943130493, 0.3335500657558441, 0.34980493783950806, 0.35273081064224243, 0.3605331480503082, 0.38231468200683594, 0.37288686633110046, 0.4034460484981537, 0.3901170492172241, 0.37841352820396423, 0.3800390064716339, 0.3920676112174988, 0.39109233021736145, 0.3878413438796997, 0.39759427309036255, 0.3907672166824341, 0.4070221185684204, 0.38491547107696533, 0.4268530607223511, 0.4213263988494873, 0.38621586561203003, 0.4161248505115509, 0.4239271879196167, 0.443107932806015, 0.3982444703578949, 0.4255526661872864, 0.4060468077659607, 0.42457738518714905, 0.41807541251182556, 0.4099479913711548, 0.41579973697662354, 0.3953185975551605, 0.386540949344635, 0.3940182030200958, 0.42717814445495605, 0.4600130021572113, 0.40507152676582336, 0.4138491451740265, 0.41059818863868713, 0.42360207438468933, 0.44635891914367676]}