{"parameters": [[64, 0.4, 40, 32]], "report": {"air_conditioner": {"precision": 0.11778290993071594, "recall": 0.12781954887218044, "f1-score": 0.12259615384615384, "support": 798}, "car_horn": {"precision": 0.0, "recall": 0.0, "f1-score": 0.0, "support": 151}, "children_playing": {"precision": 0.19770617149098854, "recall": 0.9164556962025316, "f1-score": 0.3252470799640611, "support": 790}, "dog_bark": {"precision": 0.0, "recall": 0.0, "f1-score": 0.0, "support": 607}, "drilling": {"precision": 0.5983772819472617, "recall": 0.41201117318435754, "f1-score": 0.48800661703887505, "support": 716}, "engine_idling": {"precision": 0.27393617021276595, "recall": 0.2591194968553459, "f1-score": 0.26632191338073685, "support": 795}, "gun_shot": {"precision": 0.0, "recall": 0.0, "f1-score": 0.0, "support": 88}, "jackhammer": {"precision": 0.4599483204134367, "recall": 0.20204313280363223, "f1-score": 0.2807570977917981, "support": 881}, "siren": {"precision": 0.0, "recall": 0.0, "f1-score": 0.0, "support": 817}, "street_music": {"precision": 0.127208480565371, "recall": 0.045, "f1-score": 0.06648199445983378, "support": 800}, "accuracy": 0.2391742976874127, "macro avg": {"precision": 0.17749593345605397, "recall": 0.1962449047918048, "f1-score": 0.15494108564814588, "support": 6443}, "weighted avg": {"precision": 0.2178142606755417, "recall": 0.2391742976874127, "f1-score": 0.18880151817488752, "support": 6443}}, "finalAcc": 0.28208017349243164, "finalVal": 0.26365408301353455, "finalAccData": [0.1146625354886055, 0.15267999470233917, 0.15418192744255066, 0.15127193927764893, 0.1503801792860031, 0.1508025974035263, 0.15455740690231323, 0.15530836582183838, 0.16075283288955688, 0.1601426899433136, 0.16356894373893738, 0.1646953970193863, 0.1664789319038391, 0.1697174459695816, 0.17619450390338898, 0.17793110013008118, 0.17356613278388977, 0.1845020204782486, 0.1882098913192749, 0.18764667212963104, 0.19088520109653473, 0.18769361078739166, 0.19116680324077606, 0.19187083840370178, 0.19740918278694153, 0.1995212584733963, 0.2006007730960846, 0.20444944500923157, 0.2143058329820633, 0.21946869790554047, 0.22810475528240204, 0.22707217931747437, 0.24467286467552185, 0.25011733174324036, 0.25776776671409607, 0.2600206434726715, 0.26335304975509644, 0.2736787796020508, 0.27663567662239075, 0.28208017349243164], "finalValData": [0.14206762611865997, 0.1583224982023239, 0.15279583632946014, 0.15117035806179047, 0.14596879482269287, 0.14369310438632965, 0.13946683704853058, 0.15929779410362244, 0.144343301653862, 0.1378413587808609, 0.13849154114723206, 0.1430429071187973, 0.14336800575256348, 0.14466840028762817, 0.14401820302009583, 0.13946683704853058, 0.15149544179439545, 0.1469440758228302, 0.15149544179439545, 0.16417425870895386, 0.15767230093479156, 0.14499349892139435, 0.15019506216049194, 0.15247073769569397, 0.14336800575256348, 0.15279583632946014, 0.21098829805850983, 0.18335500359535217, 0.18888166546821594, 0.1843302994966507, 0.20806242525577545, 0.22236670553684235, 0.22724317014217377, 0.21488946676254272, 0.2473992258310318, 0.24447333812713623, 0.25585174560546875, 0.24772432446479797, 0.2656046748161316, 0.26365408301353455]}