{"parameters": [[512, 0.5, 40, 16]], "report": {"air_conditioner": {"precision": 0.23588456712672523, "recall": 0.23558897243107768, "f1-score": 0.23573667711598748, "support": 798}, "car_horn": {"precision": 0.4818181818181818, "recall": 0.3509933774834437, "f1-score": 0.4061302681992337, "support": 151}, "children_playing": {"precision": 0.4005123825789923, "recall": 0.5936708860759494, "f1-score": 0.4783273839877614, "support": 790}, "dog_bark": {"precision": 0.5468998410174881, "recall": 0.5667215815485996, "f1-score": 0.5566343042071198, "support": 607}, "drilling": {"precision": 0.5942622950819673, "recall": 0.40502793296089384, "f1-score": 0.48172757475083056, "support": 716}, "engine_idling": {"precision": 0.40468227424749165, "recall": 0.30440251572327043, "f1-score": 0.3474515434314429, "support": 795}, "gun_shot": {"precision": 0.94, "recall": 0.5340909090909091, "f1-score": 0.681159420289855, "support": 88}, "jackhammer": {"precision": 0.29604130808950085, "recall": 0.1952326901248581, "f1-score": 0.23529411764705882, "support": 881}, "siren": {"precision": 0.7796101949025487, "recall": 0.6364749082007344, "f1-score": 0.7008086253369272, "support": 817}, "street_music": {"precision": 0.30177514792899407, "recall": 0.51, "f1-score": 0.379182156133829, "support": 800}, "accuracy": 0.4241812820114853, "macro avg": {"precision": 0.49814861927918896, "recall": 0.4332203773639736, "f1-score": 0.4502452071100046, "support": 6443}, "weighted avg": {"precision": 0.4467595323711879, "recall": 0.4241812820114853, "f1-score": 0.4236353614512163, "support": 6443}}, "finalAcc": 0.7044963836669922, "finalVal": 0.43595579266548157, "finalAccData": [0.15920397639274597, 0.19238711893558502, 0.22223787009716034, 0.24373416602611542, 0.2645733654499054, 0.2850370705127716, 0.3061109483242035, 0.3332864046096802, 0.3554867208003998, 0.3781563937664032, 0.39237773418426514, 0.3992772102355957, 0.4181451201438904, 0.4418942928314209, 0.46249881386756897, 0.4837135076522827, 0.5059138536453247, 0.5213555097579956, 0.540458083152771, 0.5600769519805908, 0.5691823959350586, 0.5775837898254395, 0.5915704369544983, 0.6002534627914429, 0.6162114143371582, 0.6266310214996338, 0.6321223974227905, 0.6407584547996521, 0.6504271030426025, 0.6526330709457397, 0.6634281277656555, 0.6650708913803101, 0.6730498671531677, 0.6742701530456543, 0.68192058801651, 0.6880691051483154, 0.6888200640678406, 0.6974091529846191, 0.6971744894981384, 0.7044963836669922], "finalValData": [0.2308192402124405, 0.21163849532604218, 0.21879063546657562, 0.22854356467723846, 0.22269180417060852, 0.22399219870567322, 0.24317295849323273, 0.24934980273246765, 0.26235371828079224, 0.3221716582775116, 0.3413524031639099, 0.34232768416404724, 0.37711313366889954, 0.3605331480503082, 0.37678804993629456, 0.3774382174015045, 0.3904421329498291, 0.3881664574146271, 0.3966189920902252, 0.4197009205818176, 0.3816644847393036, 0.37678804993629456, 0.40897268056869507, 0.4291287362575531, 0.38621586561203003, 0.41937580704689026, 0.40149545669555664, 0.4213263988494873, 0.43855658173561096, 0.443107932806015, 0.41807541251182556, 0.4340052008628845, 0.46228867769241333, 0.41189858317375183, 0.4268530607223511, 0.4122236669063568, 0.4395318627357483, 0.42717814445495605, 0.43758127093315125, 0.43595579266548157]}