{"parameters": [[512, 0.4, 40, 32]], "report": {"air_conditioner": {"precision": 0.22249388753056235, "recall": 0.22807017543859648, "f1-score": 0.22524752475247523, "support": 798}, "car_horn": {"precision": 0.3333333333333333, "recall": 0.271523178807947, "f1-score": 0.2992700729927007, "support": 151}, "children_playing": {"precision": 0.3834652594547054, "recall": 0.5518987341772152, "f1-score": 0.45251686559418786, "support": 790}, "dog_bark": {"precision": 0.5959409594095941, "recall": 0.5321252059308073, "f1-score": 0.5622280243690165, "support": 607}, "drilling": {"precision": 0.5283630470016207, "recall": 0.4553072625698324, "f1-score": 0.4891222805701425, "support": 716}, "engine_idling": {"precision": 0.3996282527881041, "recall": 0.27044025157232704, "f1-score": 0.32258064516129037, "support": 795}, "gun_shot": {"precision": 0.8947368421052632, "recall": 0.5795454545454546, "f1-score": 0.703448275862069, "support": 88}, "jackhammer": {"precision": 0.44141689373297005, "recall": 0.18388195232690124, "f1-score": 0.2596153846153846, "support": 881}, "siren": {"precision": 0.7596281540504648, "recall": 0.7001223990208079, "f1-score": 0.7286624203821657, "support": 817}, "street_music": {"precision": 0.2655935613682093, "recall": 0.495, "f1-score": 0.3457005674378001, "support": 800}, "accuracy": 0.4196802731646748, "macro avg": {"precision": 0.4824600190774828, "recall": 0.42679146143898894, "f1-score": 0.4388392061737232, "support": 6443}, "weighted avg": {"precision": 0.4484379562270795, "recall": 0.4196802731646748, "f1-score": 0.41795180190931364, "support": 6443}}, "finalAcc": 0.7348164916038513, "finalVal": 0.4262028634548187, "finalAccData": [0.17394161224365234, 0.22186239063739777, 0.2622266113758087, 0.31648361682891846, 0.3561907410621643, 0.38350698351860046, 0.4168309271335602, 0.43677836656570435, 0.4591194987297058, 0.4821646511554718, 0.5060546398162842, 0.5173659920692444, 0.5317750573158264, 0.5482962727546692, 0.5595607161521912, 0.5752370357513428, 0.5833567976951599, 0.5917581915855408, 0.6008166670799255, 0.6153665781021118, 0.6220313310623169, 0.6280390620231628, 0.635830283164978, 0.6423542499542236, 0.6492537260055542, 0.659720242023468, 0.6670421361923218, 0.6704683899879456, 0.6764291524887085, 0.6814981698989868, 0.6890078186988831, 0.7004599571228027, 0.6997089982032776, 0.7059983015060425, 0.7115836143493652, 0.7204543352127075, 0.7218154668807983, 0.7236928343772888, 0.7349572777748108, 0.7348164916038513], "finalValData": [0.2665799856185913, 0.3234720528125763, 0.2987646162509918, 0.35890766978263855, 0.3751625418663025, 0.39499348402023315, 0.3907672166824341, 0.37841352820396423, 0.3901170492172241, 0.38719114661216736, 0.4125487506389618, 0.3901170492172241, 0.4083224833011627, 0.40669700503349304, 0.4060468077659607, 0.3881664574146271, 0.4086475968360901, 0.3966189920902252, 0.40897268056869507, 0.4239271879196167, 0.4161248505115509, 0.42945384979248047, 0.4216514825820923, 0.38589078187942505, 0.4070221185684204, 0.4057217240333557, 0.4317295253276825, 0.4255526661872864, 0.44278284907341003, 0.44018206000328064, 0.4138491451740265, 0.41840052604675293, 0.43368011713027954, 0.422626793384552, 0.4307542145252228, 0.4457087218761444, 0.4486345946788788, 0.41287386417388916, 0.4307542145252228, 0.4262028634548187]}