{"parameters": [[512, 0.4, 40, 16]], "report": {"air_conditioner": {"precision": 0.2753623188405797, "recall": 0.23809523809523808, "f1-score": 0.2553763440860215, "support": 798}, "car_horn": {"precision": 0.5309734513274337, "recall": 0.3973509933774834, "f1-score": 0.4545454545454546, "support": 151}, "children_playing": {"precision": 0.38253477588871715, "recall": 0.6265822784810127, "f1-score": 0.4750479846449136, "support": 790}, "dog_bark": {"precision": 0.47808764940239046, "recall": 0.5930807248764415, "f1-score": 0.5294117647058822, "support": 607}, "drilling": {"precision": 0.4464751958224543, "recall": 0.4776536312849162, "f1-score": 0.46153846153846156, "support": 716}, "engine_idling": {"precision": 0.4358974358974359, "recall": 0.32075471698113206, "f1-score": 0.3695652173913044, "support": 795}, "gun_shot": {"precision": 0.9433962264150944, "recall": 0.5681818181818182, "f1-score": 0.7092198581560285, "support": 88}, "jackhammer": {"precision": 0.2868369351669941, "recall": 0.16572077185017026, "f1-score": 0.21007194244604316, "support": 881}, "siren": {"precision": 0.8327338129496403, "recall": 0.5667074663402693, "f1-score": 0.674435542607429, "support": 817}, "street_music": {"precision": 0.2891459074733096, "recall": 0.40625, "f1-score": 0.33783783783783783, "support": 800}, "accuracy": 0.41688654353562005, "macro avg": {"precision": 0.49014437091840496, "recall": 0.4360377639468481, "f1-score": 0.4477050407959376, "support": 6443}, "weighted avg": {"precision": 0.4354982086663131, "recall": 0.41688654353562005, "f1-score": 0.41317744202139084, "support": 6443}}, "finalAcc": 0.7761194109916687, "finalVal": 0.41449934244155884, "finalAccData": [0.1925748586654663, 0.2465033382177353, 0.3130573630332947, 0.3783441185951233, 0.41960009932518005, 0.4508589208126068, 0.48549705743789673, 0.5123439431190491, 0.5232798457145691, 0.5398948788642883, 0.560874879360199, 0.5762226581573486, 0.5851403474807739, 0.5957946181297302, 0.6073876023292542, 0.6086548566818237, 0.6314653158187866, 0.6374260783195496, 0.6495353579521179, 0.6552614569664001, 0.6647892594337463, 0.6818736791610718, 0.6858631372451782, 0.6948747038841248, 0.7056228518486023, 0.6994273662567139, 0.7171688675880432, 0.7237867116928101, 0.7257580161094666, 0.731906533241272, 0.7355204820632935, 0.7464563846588135, 0.7482868432998657, 0.7551394104957581, 0.7561719417572021, 0.7600675821304321, 0.7643856406211853, 0.7658405900001526, 0.7741481065750122, 0.7761194109916687], "finalValData": [0.28933680057525635, 0.3966189920902252, 0.4356306791305542, 0.38621586561203003, 0.3953185975551605, 0.42847853899002075, 0.3998699486255646, 0.42230167984962463, 0.42847853899002075, 0.4366059899330139, 0.43368011713027954, 0.39629387855529785, 0.4307542145252228, 0.4239271879196167, 0.43725618720054626, 0.42067620158195496, 0.46098828315734863, 0.459037721157074, 0.44148245453834534, 0.4197009205818176, 0.46456438302993774, 0.45448634028434753, 0.43010401725769043, 0.44765928387641907, 0.41840052604675293, 0.3969440758228302, 0.43237972259521484, 0.41449934244155884, 0.4457087218761444, 0.41937580704689026, 0.40539661049842834, 0.44375813007354736, 0.41449934244155884, 0.4216514825820923, 0.4187256097793579, 0.43855658173561096, 0.40409621596336365, 0.4548114538192749, 0.48504552245140076, 0.41449934244155884]}