{"parameters": [[64, 0.4, 50, 16]], "report": {"air_conditioner": {"precision": 0.13199577613516367, "recall": 0.15664160401002505, "f1-score": 0.14326647564469916, "support": 798}, "car_horn": {"precision": 0.48148148148148145, "recall": 0.08609271523178808, "f1-score": 0.14606741573033707, "support": 151}, "children_playing": {"precision": 0.3637916310845431, "recall": 0.5392405063291139, "f1-score": 0.43447220805711373, "support": 790}, "dog_bark": {"precision": 0.5048732943469786, "recall": 0.42668863261943984, "f1-score": 0.4625, "support": 607}, "drilling": {"precision": 0.6033057851239669, "recall": 0.40782122905027934, "f1-score": 0.48666666666666664, "support": 716}, "engine_idling": {"precision": 0.29483500717360117, "recall": 0.5169811320754717, "f1-score": 0.3755139333028781, "support": 795}, "gun_shot": {"precision": 0.8536585365853658, "recall": 0.3977272727272727, "f1-score": 0.5426356589147285, "support": 88}, "jackhammer": {"precision": 0.37966101694915255, "recall": 0.1271282633371169, "f1-score": 0.19047619047619047, "support": 881}, "siren": {"precision": 0.7351097178683386, "recall": 0.5740514075887393, "f1-score": 0.6446735395189004, "support": 817}, "street_music": {"precision": 0.2315112540192926, "recall": 0.27, "f1-score": 0.24927870744373917, "support": 800}, "accuracy": 0.36597858140617723, "macro avg": {"precision": 0.4580223500767885, "recall": 0.3502372762969247, "f1-score": 0.3675550795755253, "support": 6443}, "weighted avg": {"precision": 0.4087610637905207, "recall": 0.36597858140617723, "f1-score": 0.36458528504577764, "support": 6443}}, "finalAcc": 0.4764385521411896, "finalVal": 0.3712613880634308, "finalAccData": [0.10546325147151947, 0.13367126882076263, 0.13353046774864197, 0.13301417231559753, 0.13090209662914276, 0.13029193878173828, 0.13137143850326538, 0.13198159635066986, 0.1379423588514328, 0.14484183490276337, 0.15479207038879395, 0.16173847019672394, 0.16976438462734222, 0.18192058801651, 0.18628555536270142, 0.20398010313510895, 0.20609217882156372, 0.22772927582263947, 0.24753589928150177, 0.2604430615901947, 0.2817516326904297, 0.28902655839920044, 0.303294837474823, 0.3056885302066803, 0.3169999122619629, 0.3305641710758209, 0.34088990092277527, 0.3518727123737335, 0.3583967089653015, 0.3661409914493561, 0.37393221259117126, 0.37853187322616577, 0.38698020577430725, 0.38890454173088074, 0.39805689454078674, 0.4123251736164093, 0.4122782349586487, 0.4216652512550354, 0.4278137683868408, 0.433868408203125, 0.4318971037864685, 0.43635594844818115, 0.442128986120224, 0.4479958713054657, 0.45128133893013, 0.4536750316619873, 0.45926031470298767, 0.45963579416275024, 0.46991458535194397, 0.4764385521411896], "finalValData": [0.15702210366725922, 0.13621586561203003, 0.1339401751756668, 0.13296489417552948, 0.1352405697107315, 0.13296489417552948, 0.13036410510540009, 0.14271780848503113, 0.14856956899166107, 0.16417425870895386, 0.18075422942638397, 0.1908322423696518, 0.18010403215885162, 0.19375813007354736, 0.21814043819904327, 0.21553966403007507, 0.2269180715084076, 0.2604031264781952, 0.250325083732605, 0.2857607305049896, 0.2678803503513336, 0.28413525223731995, 0.2987646162509918, 0.27893367409706116, 0.2851105332374573, 0.2912873923778534, 0.3166449964046478, 0.31111833453178406, 0.3172951936721802, 0.3546814024448395, 0.327373206615448, 0.32932379841804504, 0.327373206615448, 0.33062419295310974, 0.32282185554504395, 0.3224967420101166, 0.3195708692073822, 0.3172951936721802, 0.3195708692073822, 0.33972692489624023, 0.3299739956855774, 0.3208712637424469, 0.35240572690963745, 0.32152146100997925, 0.35240572690963745, 0.33842653036117554, 0.32932379841804504, 0.345578670501709, 0.35240572690963745, 0.3712613880634308]}