{"parameters": [[512, 0.4, 50, 32]], "report": {"air_conditioner": {"precision": 0.2375601926163724, "recall": 0.18546365914786966, "f1-score": 0.2083040112596763, "support": 798}, "car_horn": {"precision": 0.4796747967479675, "recall": 0.39072847682119205, "f1-score": 0.4306569343065693, "support": 151}, "children_playing": {"precision": 0.4052502050861362, "recall": 0.6253164556962025, "f1-score": 0.4917869586859134, "support": 790}, "dog_bark": {"precision": 0.5537190082644629, "recall": 0.5518945634266886, "f1-score": 0.5528052805280528, "support": 607}, "drilling": {"precision": 0.46808510638297873, "recall": 0.4301675977653631, "f1-score": 0.44832605531295483, "support": 716}, "engine_idling": {"precision": 0.37331536388140163, "recall": 0.3484276729559748, "f1-score": 0.36044242029928425, "support": 795}, "gun_shot": {"precision": 0.8666666666666667, "recall": 0.5909090909090909, "f1-score": 0.7027027027027029, "support": 88}, "jackhammer": {"precision": 0.3359580052493438, "recall": 0.1452894438138479, "f1-score": 0.20285261489698891, "support": 881}, "siren": {"precision": 0.7645348837209303, "recall": 0.6438188494492044, "f1-score": 0.6990033222591362, "support": 817}, "street_music": {"precision": 0.25297619047619047, "recall": 0.425, "f1-score": 0.3171641791044776, "support": 800}, "accuracy": 0.4139376067049511, "macro avg": {"precision": 0.4737740419092451, "recall": 0.43370158099854333, "f1-score": 0.44140444793557565, "support": 6443}, "weighted avg": {"precision": 0.42673371103206625, "recall": 0.4139376067049511, "f1-score": 0.4079220129724199, "support": 6443}}, "finalAcc": 0.7836759686470032, "finalVal": 0.42847853899002075, "finalAccData": [0.16915422677993774, 0.2260865420103073, 0.2641978859901428, 0.30709660053253174, 0.3474138677120209, 0.386886328458786, 0.4144841730594635, 0.44550830125808716, 0.4701492488384247, 0.49770018458366394, 0.5183985829353333, 0.5349666476249695, 0.5462780594825745, 0.5582464933395386, 0.5723270177841187, 0.5842016339302063, 0.5982352495193481, 0.60447758436203, 0.6102506518363953, 0.6246128082275391, 0.6278513073921204, 0.6362527012825012, 0.6487843990325928, 0.6546043157577515, 0.6637097597122192, 0.6701398491859436, 0.6785412430763245, 0.6853468418121338, 0.6909321546554565, 0.6975499987602234, 0.7036046385765076, 0.7105979323387146, 0.7141180634498596, 0.7183422446250916, 0.7208297848701477, 0.7306861877441406, 0.7312024831771851, 0.737163245677948, 0.7417628765106201, 0.7452360987663269, 0.7456585168838501, 0.7547639012336731, 0.7604900002479553, 0.7613817453384399, 0.7674363851547241, 0.7693138122558594, 0.7724115252494812, 0.7785130739212036, 0.7800619602203369, 0.7836759686470032], "finalValData": [0.24577373266220093, 0.34362807869911194, 0.33972692489624023, 0.38328999280929565, 0.3956436812877655, 0.41157346963882446, 0.41027307510375977, 0.42327699065208435, 0.3969440758228302, 0.38198959827423096, 0.4031209349632263, 0.4200260043144226, 0.40247073769569397, 0.38491547107696533, 0.41027307510375977, 0.4099479913711548, 0.4057217240333557, 0.42197659611701965, 0.4330299198627472, 0.42490246891975403, 0.41027307510375977, 0.4268530607223511, 0.4278283417224884, 0.41319894790649414, 0.4252275824546814, 0.4333550035953522, 0.3920676112174988, 0.40637192130088806, 0.4011703431606293, 0.40799739956855774, 0.4099479913711548, 0.4174252152442932, 0.38849154114723206, 0.3943433165550232, 0.4018205404281616, 0.3943433165550232, 0.41807541251182556, 0.4018205404281616, 0.38589078187942505, 0.3998699486255646, 0.43465539813041687, 0.41449934244155884, 0.4239271879196167, 0.4125487506389618, 0.43725618720054626, 0.43010401725769043, 0.41547465324401855, 0.4307542145252228, 0.4190507233142853, 0.42847853899002075]}