{"parameters": [[64, 0.5, 30, 32]], "report": {"air_conditioner": {"precision": 0.0, "recall": 0.0, "f1-score": 0.0, "support": 798}, "car_horn": {"precision": 0.0, "recall": 0.0, "f1-score": 0.0, "support": 151}, "children_playing": {"precision": 0.13044914134742405, "recall": 1.0, "f1-score": 0.23079170318434125, "support": 790}, "dog_bark": {"precision": 0.0, "recall": 0.0, "f1-score": 0.0, "support": 607}, "drilling": {"precision": 0.5371428571428571, "recall": 0.26256983240223464, "f1-score": 0.3527204502814259, "support": 716}, "engine_idling": {"precision": 0.0, "recall": 0.0, "f1-score": 0.0, "support": 795}, "gun_shot": {"precision": 0.0, "recall": 0.0, "f1-score": 0.0, "support": 88}, "jackhammer": {"precision": 0.0, "recall": 0.0, "f1-score": 0.0, "support": 881}, "siren": {"precision": 0.0, "recall": 0.0, "f1-score": 0.0, "support": 817}, "street_music": {"precision": 0.0, "recall": 0.0, "f1-score": 0.0, "support": 800}, "accuracy": 0.1517926431786435, "macro avg": {"precision": 0.06675919984902812, "recall": 0.12625698324022347, "f1-score": 0.05835121534657671, "support": 6443}, "weighted avg": {"precision": 0.07568665332589644, "recall": 0.1517926431786435, "f1-score": 0.0674954660743645, "support": 6443}}, "finalAcc": 0.1433868408203125, "finalVal": 0.16840052604675293, "finalAccData": [0.12193748354911804, 0.1298695206642151, 0.13113677501678467, 0.1303388774394989, 0.12897774577140808, 0.1303388774394989, 0.13005726039409637, 0.12982258200645447, 0.13015113770961761, 0.13001032173633575, 0.13019806146621704, 0.12958790361881256, 0.1303388774394989, 0.12855534255504608, 0.1287900060415268, 0.13094903528690338, 0.13127757608890533, 0.12817984819412231, 0.1305266171693802, 0.13005726039409637, 0.13080821931362152, 0.1316061168909073, 0.13094903528690338, 0.12841452658176422, 0.13526706397533417, 0.13545480370521545, 0.13169999420642853, 0.13808317482471466, 0.14094620943069458, 0.1433868408203125], "finalValData": [0.14239272475242615, 0.13881663978099823, 0.13459037244319916, 0.12938880920410156, 0.1287386268377304, 0.12938880920410156, 0.12938880920410156, 0.12906372547149658, 0.12906372547149658, 0.12906372547149658, 0.12906372547149658, 0.1300390064716339, 0.1300390064716339, 0.1300390064716339, 0.1300390064716339, 0.1300390064716339, 0.1300390064716339, 0.1300390064716339, 0.1300390064716339, 0.1300390064716339, 0.13231469690799713, 0.13296489417552948, 0.13296489417552948, 0.1326397955417633, 0.13328999280929565, 0.13719116151332855, 0.13556566834449768, 0.13719116151332855, 0.13881663978099823, 0.16840052604675293]}