{"parameters": [[256, 0.3, 40, 32]], "report": {"air_conditioner": {"precision": 0.23435419440745672, "recall": 0.22055137844611528, "f1-score": 0.2272433828276307, "support": 798}, "car_horn": {"precision": 0.5327102803738317, "recall": 0.37748344370860926, "f1-score": 0.4418604651162791, "support": 151}, "children_playing": {"precision": 0.4119521912350598, "recall": 0.6544303797468355, "f1-score": 0.5056234718826407, "support": 790}, "dog_bark": {"precision": 0.4798387096774194, "recall": 0.5881383855024712, "f1-score": 0.528497409326425, "support": 607}, "drilling": {"precision": 0.5222437137330754, "recall": 0.3770949720670391, "f1-score": 0.43795620437956206, "support": 716}, "engine_idling": {"precision": 0.4271356783919598, "recall": 0.32075471698113206, "f1-score": 0.36637931034482757, "support": 795}, "gun_shot": {"precision": 0.9464285714285714, "recall": 0.6022727272727273, "f1-score": 0.7361111111111112, "support": 88}, "jackhammer": {"precision": 0.4112676056338028, "recall": 0.16572077185017026, "f1-score": 0.23624595469255663, "support": 881}, "siren": {"precision": 0.802130898021309, "recall": 0.6450428396572827, "f1-score": 0.7150610583446403, "support": 817}, "street_music": {"precision": 0.3034188034188034, "recall": 0.5325, "f1-score": 0.3865698729582577, "support": 800}, "accuracy": 0.4320968492938072, "macro avg": {"precision": 0.5071480646321289, "recall": 0.44839896152323827, "f1-score": 0.45815482409839303, "support": 6443}, "weighted avg": {"precision": 0.45651808970130786, "recall": 0.4320968492938072, "f1-score": 0.4251933976305193, "support": 6443}}, "finalAcc": 0.7265089750289917, "finalVal": 0.4317295253276825, "finalAccData": [0.1669013351202011, 0.19872336089611053, 0.2351919710636139, 0.2687505781650543, 0.30446821451187134, 0.35393786430358887, 0.3844456970691681, 0.413451611995697, 0.4327419400215149, 0.4608091711997986, 0.47878530621528625, 0.49511873722076416, 0.5176006555557251, 0.5288181900978088, 0.5421007871627808, 0.5524734854698181, 0.56650710105896, 0.5811508297920227, 0.584764838218689, 0.5949497818946838, 0.6024124622344971, 0.6111423969268799, 0.6181826591491699, 0.6261147260665894, 0.632310152053833, 0.6472355127334595, 0.6465784311294556, 0.6511311531066895, 0.6615976691246033, 0.6765230298042297, 0.6775087118148804, 0.6860039234161377, 0.6885384321212769, 0.6900873184204102, 0.706186056137085, 0.7043086290359497, 0.7106449007987976, 0.7213460803031921, 0.7211583852767944, 0.7265089750289917], "finalValData": [0.23602080345153809, 0.2987646162509918, 0.3130689263343811, 0.3286736011505127, 0.32282185554504395, 0.34752926230430603, 0.37971392273902893, 0.36638492345809937, 0.3855656683444977, 0.40637192130088806, 0.3953185975551605, 0.3979193866252899, 0.3982444703578949, 0.3940182030200958, 0.4057217240333557, 0.3920676112174988, 0.39271780848503113, 0.40669700503349304, 0.3787386119365692, 0.4177503287792206, 0.4275032579898834, 0.4200260043144226, 0.4392067492008209, 0.4265279471874237, 0.4320546090602875, 0.4190507233142853, 0.43465539813041687, 0.4177503287792206, 0.41319894790649414, 0.43498048186302185, 0.4379063844680786, 0.45546165108680725, 0.42815345525741577, 0.4395318627357483, 0.42457738518714905, 0.46098828315734863, 0.43010401725769043, 0.44148245453834534, 0.4418075382709503, 0.4317295253276825]}