{"parameters": [[128, 0.3, 50, 32]], "report": {"air_conditioner": {"precision": 0.171875, "recall": 0.23433583959899748, "f1-score": 0.19830328738069988, "support": 798}, "car_horn": {"precision": 0.41509433962264153, "recall": 0.2913907284768212, "f1-score": 0.34241245136186765, "support": 151}, "children_playing": {"precision": 0.42648323301805674, "recall": 0.6278481012658228, "f1-score": 0.5079365079365079, "support": 790}, "dog_bark": {"precision": 0.5188536953242836, "recall": 0.5667215815485996, "f1-score": 0.5417322834645669, "support": 607}, "drilling": {"precision": 0.6234458259325044, "recall": 0.49022346368715086, "f1-score": 0.54886630179828, "support": 716}, "engine_idling": {"precision": 0.4306418219461698, "recall": 0.26163522012578616, "f1-score": 0.325508607198748, "support": 795}, "gun_shot": {"precision": 0.7719298245614035, "recall": 0.5, "f1-score": 0.6068965517241379, "support": 88}, "jackhammer": {"precision": 0.3911917098445596, "recall": 0.1713961407491487, "f1-score": 0.2383583267561168, "support": 881}, "siren": {"precision": 0.6584507042253521, "recall": 0.6866585067319462, "f1-score": 0.6722588376273219, "support": 817}, "street_music": {"precision": 0.29390018484288355, "recall": 0.3975, "f1-score": 0.3379383634431456, "support": 800}, "accuracy": 0.4196802731646748, "macro avg": {"precision": 0.47018663393178556, "recall": 0.4227709582184273, "f1-score": 0.43202115186913925, "support": 6443}, "weighted avg": {"precision": 0.4386299854733636, "recall": 0.4196802731646748, "f1-score": 0.41514915398863084, "support": 6443}}, "finalAcc": 0.6328264474868774, "finalVal": 0.4678153395652771, "finalAccData": [0.14042992889881134, 0.16530555486679077, 0.17173565924167633, 0.17919835448265076, 0.1843142807483673, 0.1973153054714203, 0.20543508231639862, 0.22209706902503967, 0.23749178647994995, 0.25377827882766724, 0.2652773857116699, 0.2750398814678192, 0.28470852971076965, 0.29925841093063354, 0.30277857184410095, 0.3107575476169586, 0.31845489144325256, 0.33952876925468445, 0.35957008600234985, 0.3652492165565491, 0.3836008608341217, 0.3781563937664032, 0.3839763402938843, 0.39172065258026123, 0.40303200483322144, 0.40763166546821594, 0.4144841730594635, 0.4192715585231781, 0.43025439977645874, 0.435604989528656, 0.4401577115058899, 0.45128133893013, 0.46752089262008667, 0.4880784749984741, 0.5005162954330444, 0.535201370716095, 0.5450577139854431, 0.5566037893295288, 0.5564629435539246, 0.5740636587142944, 0.5771613717079163, 0.5838730931282043, 0.5925560593605042, 0.5986106991767883, 0.6079508066177368, 0.6146625280380249, 0.6181357502937317, 0.6189805865287781, 0.6315122246742249, 0.6328264474868774], "finalValData": [0.15637190639972687, 0.19863459467887878, 0.19570870697498322, 0.19635890424251556, 0.19018206000328064, 0.19668400287628174, 0.21976593136787415, 0.20286086201667786, 0.2087126076221466, 0.20838750898838043, 0.24934980273246765, 0.23894669115543365, 0.24707412719726562, 0.26853054761886597, 0.27763327956199646, 0.27405720949172974, 0.2786085903644562, 0.27665799856185913, 0.2860858142375946, 0.28771132230758667, 0.27633288502693176, 0.3013654053211212, 0.30364108085632324, 0.306892067193985, 0.32022106647491455, 0.3166449964046478, 0.32509753108024597, 0.33062419295310974, 0.3299739956855774, 0.3309492766857147, 0.3169700801372528, 0.32184654474258423, 0.3917425274848938, 0.36801040172576904, 0.42815345525741577, 0.4307542145252228, 0.40539661049842834, 0.4099479913711548, 0.42945384979248047, 0.43725618720054626, 0.4291287362575531, 0.4639141857624054, 0.4356306791305542, 0.461313396692276, 0.42327699065208435, 0.4639141857624054, 0.45058518648147583, 0.46326398849487305, 0.4587126076221466, 0.4678153395652771]}