{"parameters": [[256, 0.3, 50, 16]], "report": {"air_conditioner": {"precision": 0.25996810207336524, "recall": 0.20426065162907267, "f1-score": 0.2287719298245614, "support": 798}, "car_horn": {"precision": 0.4230769230769231, "recall": 0.2913907284768212, "f1-score": 0.34509803921568627, "support": 151}, "children_playing": {"precision": 0.39058171745152354, "recall": 0.7139240506329114, "f1-score": 0.5049239033124441, "support": 790}, "dog_bark": {"precision": 0.4649243466299862, "recall": 0.556836902800659, "f1-score": 0.5067466266866567, "support": 607}, "drilling": {"precision": 0.5876106194690266, "recall": 0.46368715083798884, "f1-score": 0.5183450429352069, "support": 716}, "engine_idling": {"precision": 0.3612167300380228, "recall": 0.2389937106918239, "f1-score": 0.2876608629825889, "support": 795}, "gun_shot": {"precision": 0.8596491228070176, "recall": 0.5568181818181818, "f1-score": 0.6758620689655173, "support": 88}, "jackhammer": {"precision": 0.278118609406953, "recall": 0.1543700340522134, "f1-score": 0.19854014598540146, "support": 881}, "siren": {"precision": 0.775974025974026, "recall": 0.5850673194614443, "f1-score": 0.6671318911374738, "support": 817}, "street_music": {"precision": 0.30978260869565216, "recall": 0.49875, "f1-score": 0.382183908045977, "support": 800}, "accuracy": 0.4179729939469191, "macro avg": {"precision": 0.47109028056224966, "recall": 0.4264098730401117, "f1-score": 0.43152644190915146, "support": 6443}, "weighted avg": {"precision": 0.43030774232844343, "recall": 0.4179729939469191, "f1-score": 0.40759955594104735, "support": 6443}}, "finalAcc": 0.7887449264526367, "finalVal": 0.41840052604675293, "finalAccData": [0.1707969605922699, 0.2267436385154724, 0.2752745747566223, 0.32366469502449036, 0.3781094551086426, 0.40650519728660583, 0.4449450969696045, 0.4715103805065155, 0.5023467540740967, 0.520416796207428, 0.5343095660209656, 0.5523796081542969, 0.5642542243003845, 0.5724208950996399, 0.5833567976951599, 0.5984699130058289, 0.6052755117416382, 0.6187928318977356, 0.6262086033821106, 0.6343283653259277, 0.6424950957298279, 0.6501924395561218, 0.6603773832321167, 0.6768515706062317, 0.6819674968719482, 0.6944522857666016, 0.6993335485458374, 0.7011170387268066, 0.7098000645637512, 0.711818277835846, 0.7229418754577637, 0.7304984331130981, 0.7335492372512817, 0.7385243773460388, 0.7434994578361511, 0.7492725253105164, 0.749835729598999, 0.7559842467308044, 0.7574391961097717, 0.76250821352005, 0.7662630081176758, 0.7688913941383362, 0.7743358612060547, 0.7728808522224426, 0.7823618054389954, 0.7791232466697693, 0.7784661650657654, 0.7831596732139587, 0.7886041402816772, 0.7887449264526367], "finalValData": [0.22139142453670502, 0.2447984367609024, 0.34232768416404724, 0.3725617825984955, 0.366059809923172, 0.4018205404281616, 0.35500651597976685, 0.35890766978263855, 0.3829648792743683, 0.40409621596336365, 0.3930429220199585, 0.3992197513580322, 0.404421329498291, 0.41027307510375977, 0.39499348402023315, 0.40929779410362244, 0.42587774991989136, 0.4125487506389618, 0.42490246891975403, 0.4252275824546814, 0.43010401725769043, 0.4034460484981537, 0.39499348402023315, 0.4405071437358856, 0.41807541251182556, 0.443107932806015, 0.46033811569213867, 0.44928479194641113, 0.48764628171920776, 0.43595579266548157, 0.43855658173561096, 0.4769180715084076, 0.4655396640300751, 0.4642392694950104, 0.48016905784606934, 0.4700910151004791, 0.4307542145252228, 0.43107932806015015, 0.4525357484817505, 0.43465539813041687, 0.4486345946788788, 0.4197009205818176, 0.4782184660434723, 0.459037721157074, 0.47854354977607727, 0.4830949306488037, 0.4356306791305542, 0.47106632590293884, 0.48374512791633606, 0.41840052604675293]}