{"parameters": [[128, 0.4, 40, 32]], "report": {"air_conditioner": {"precision": 0.08991399530883502, "recall": 0.14411027568922305, "f1-score": 0.11073663938372653, "support": 798}, "car_horn": {"precision": 0.13333333333333333, "recall": 0.013245033112582781, "f1-score": 0.024096385542168672, "support": 151}, "children_playing": {"precision": 0.3795681063122924, "recall": 0.5784810126582278, "f1-score": 0.4583751253761284, "support": 790}, "dog_bark": {"precision": 0.5133214920071048, "recall": 0.47611202635914335, "f1-score": 0.494017094017094, "support": 607}, "drilling": {"precision": 0.6069868995633187, "recall": 0.388268156424581, "f1-score": 0.4735945485519591, "support": 716}, "engine_idling": {"precision": 0.41203703703703703, "recall": 0.33584905660377357, "f1-score": 0.37006237006237, "support": 795}, "gun_shot": {"precision": 0.8857142857142857, "recall": 0.3522727272727273, "f1-score": 0.5040650406504065, "support": 88}, "jackhammer": {"precision": 0.5, "recall": 0.16572077185017026, "f1-score": 0.24893435635123612, "support": 881}, "siren": {"precision": 0.5152709359605911, "recall": 0.6401468788249693, "f1-score": 0.5709606986899562, "support": 817}, "street_music": {"precision": 0.25267665952890794, "recall": 0.295, "f1-score": 0.27220299884659743, "support": 800}, "accuracy": 0.3638056805835791, "macro avg": {"precision": 0.42888227447657057, "recall": 0.3389205938795399, "f1-score": 0.3527045257471643, "support": 6443}, "weighted avg": {"precision": 0.4046348370638483, "recall": 0.3638056805835791, "f1-score": 0.3624383951502457, "support": 6443}}, "finalAcc": 0.4625926911830902, "finalVal": 0.345578670501709, "finalAccData": [0.13169999420642853, 0.14934760332107544, 0.1429644227027893, 0.14441941678524017, 0.1483619660139084, 0.1546982079744339, 0.15347789227962494, 0.15549610555171967, 0.15957945585250854, 0.16112832725048065, 0.1697174459695816, 0.18412654101848602, 0.19398291409015656, 0.1975499838590622, 0.20130479335784912, 0.2025720477104187, 0.2134609967470169, 0.2199849784374237, 0.22120529413223267, 0.22970055043697357, 0.2312963455915451, 0.23359617590904236, 0.23819580674171448, 0.24814605712890625, 0.25359052419662476, 0.25819018483161926, 0.27381959557533264, 0.2817516326904297, 0.2930629849433899, 0.2963015139102936, 0.3115554451942444, 0.34520792961120605, 0.35107481479644775, 0.36994272470474243, 0.3707875609397888, 0.3740730285644531, 0.3908288776874542, 0.4303951859474182, 0.4523138999938965, 0.4625926911830902], "finalValData": [0.1612483710050583, 0.1687256246805191, 0.16027307510375977, 0.15897269546985626, 0.15929779410362244, 0.15669700503349304, 0.14921976625919342, 0.16027307510375977, 0.1661248356103897, 0.16092327237129211, 0.1391417384147644, 0.14369310438632965, 0.14141742885112762, 0.13459037244319916, 0.14206762611865997, 0.1534460335969925, 0.17490246891975403, 0.1622236669063568, 0.1651495397090912, 0.16937580704689026, 0.17165149748325348, 0.18595579266548157, 0.20903770625591278, 0.18920676410198212, 0.22626787424087524, 0.20643693208694458, 0.25097528100013733, 0.2604031264781952, 0.24414823949337006, 0.23342002928256989, 0.2691807448863983, 0.27015605568885803, 0.2792587876319885, 0.2734070122241974, 0.2851105332374573, 0.30721715092658997, 0.2977893352508545, 0.3234720528125763, 0.3302990794181824, 0.345578670501709]}