{"parameters": [[256, 0.5, 40, 32]], "report": {"air_conditioner": {"precision": 0.16262975778546712, "recall": 0.3533834586466165, "f1-score": 0.22274881516587675, "support": 798}, "car_horn": {"precision": 0.2631578947368421, "recall": 0.033112582781456956, "f1-score": 0.05882352941176471, "support": 151}, "children_playing": {"precision": 0.35691318327974275, "recall": 0.7025316455696202, "f1-score": 0.47334754797441364, "support": 790}, "dog_bark": {"precision": 0.5611888111888111, "recall": 0.528830313014827, "f1-score": 0.5445292620865139, "support": 607}, "drilling": {"precision": 0.5968109339407744, "recall": 0.3659217877094972, "f1-score": 0.4536796536796536, "support": 716}, "engine_idling": {"precision": 0.4806201550387597, "recall": 0.1559748427672956, "f1-score": 0.23551756885090214, "support": 795}, "gun_shot": {"precision": 0.8863636363636364, "recall": 0.4431818181818182, "f1-score": 0.5909090909090909, "support": 88}, "jackhammer": {"precision": 0.43875278396436523, "recall": 0.22360953461975028, "f1-score": 0.29624060150375936, "support": 881}, "siren": {"precision": 0.7535211267605634, "recall": 0.6548347613219094, "f1-score": 0.7007203667321547, "support": 817}, "street_music": {"precision": 0.2971342383107089, "recall": 0.24625, "f1-score": 0.26930963773069033, "support": 800}, "accuracy": 0.3906565264628279, "macro avg": {"precision": 0.47970925213696713, "recall": 0.3707630744612791, "f1-score": 0.38458260740448197, "support": 6443}, "weighted avg": {"precision": 0.4531124348661543, "recall": 0.3906565264628279, "f1-score": 0.3886551375803943, "support": 6443}}, "finalAcc": 0.5114052295684814, "finalVal": 0.3621586561203003, "finalAccData": [0.13198159635066986, 0.16544635593891144, 0.15812447667121887, 0.1564348042011261, 0.15390031039714813, 0.15981413424015045, 0.15896929800510406, 0.15849995613098145, 0.16554021835327148, 0.16258330643177032, 0.16629119217395782, 0.1660095751285553, 0.16924810409545898, 0.1801370531320572, 0.17633530497550964, 0.18506523966789246, 0.1895240843296051, 0.20229043066501617, 0.20097625255584717, 0.21787290275096893, 0.23721016943454742, 0.2669201195240021, 0.2850840091705322, 0.28991833329200745, 0.296817809343338, 0.29949310421943665, 0.32366469502449036, 0.3380737900733948, 0.35844361782073975, 0.3668450117111206, 0.38608843088150024, 0.4110579192638397, 0.4321787357330322, 0.44527363777160645, 0.45287713408470154, 0.4630151093006134, 0.48160141706466675, 0.4903782904148102, 0.4975593686103821, 0.5114052295684814], "finalValData": [0.21326397359371185, 0.19375813007354736, 0.18107932806015015, 0.17587776482105255, 0.17067620158195496, 0.15897269546985626, 0.17490246891975403, 0.16970090568065643, 0.1791287362575531, 0.1791287362575531, 0.16677503287792206, 0.17230169475078583, 0.1622236669063568, 0.18237970769405365, 0.1804291307926178, 0.18498049676418304, 0.2126137912273407, 0.21586476266384125, 0.21586476266384125, 0.2330949306488037, 0.2382964938879013, 0.22269180417060852, 0.23862159252166748, 0.2152145653963089, 0.2587776184082031, 0.2574772536754608, 0.28673601150512695, 0.30721715092658997, 0.3387516140937805, 0.327048122882843, 0.34980493783950806, 0.3543563187122345, 0.3709362745285034, 0.35370612144470215, 0.37158647179603577, 0.38101431727409363, 0.3722366690635681, 0.37938880920410156, 0.37711313366889954, 0.3621586561203003]}