{"parameters": [[64, 0.4, 50, 32]], "report": {"air_conditioner": {"precision": 0.12468827930174564, "recall": 0.12531328320802004, "f1-score": 0.125, "support": 798}, "car_horn": {"precision": 0.0, "recall": 0.0, "f1-score": 0.0, "support": 151}, "children_playing": {"precision": 0.3213592233009709, "recall": 0.4189873417721519, "f1-score": 0.3637362637362637, "support": 790}, "dog_bark": {"precision": 0.5155393053016454, "recall": 0.4645799011532125, "f1-score": 0.488734835355286, "support": 607}, "drilling": {"precision": 0.5480769230769231, "recall": 0.31843575418994413, "f1-score": 0.40282685512367494, "support": 716}, "engine_idling": {"precision": 0.2330567081604426, "recall": 0.4238993710691824, "f1-score": 0.3007585899152165, "support": 795}, "gun_shot": {"precision": 0.8809523809523809, "recall": 0.42045454545454547, "f1-score": 0.5692307692307692, "support": 88}, "jackhammer": {"precision": 0.38082191780821917, "recall": 0.15777525539160045, "f1-score": 0.2231139646869984, "support": 881}, "siren": {"precision": 0.6677685950413224, "recall": 0.4944920440636475, "f1-score": 0.5682137834036568, "support": 817}, "street_music": {"precision": 0.21764705882352942, "recall": 0.32375, "f1-score": 0.26030150753768844, "support": 800}, "accuracy": 0.3285736458171659, "macro avg": {"precision": 0.388991039176718, "recall": 0.31476874963023044, "f1-score": 0.3301916568989554, "support": 6443}, "weighted avg": {"precision": 0.36888453512955494, "recall": 0.3285736458171659, "f1-score": 0.3306562747657841, "support": 6443}}, "finalAcc": 0.382474422454834, "finalVal": 0.3787386119365692, "finalAccData": [0.10607340931892395, 0.1370975375175476, 0.13348352909088135, 0.13808317482471466, 0.13845865428447723, 0.13090209662914276, 0.1344691663980484, 0.13615882396697998, 0.13747301697731018, 0.13935041427612305, 0.14258894324302673, 0.14399699866771698, 0.14930066466331482, 0.1481742262840271, 0.15197597444057465, 0.1562001258134842, 0.16178540885448456, 0.1640383005142212, 0.16652585566043854, 0.17365999519824982, 0.17675772309303284, 0.18201445043087006, 0.18009011447429657, 0.18417347967624664, 0.19093212485313416, 0.1895240843296051, 0.1940767914056778, 0.1988641768693924, 0.20923683047294617, 0.22242560982704163, 0.23983854055404663, 0.25532713532447815, 0.25814324617385864, 0.27015864849090576, 0.28710222244262695, 0.3052191734313965, 0.31061673164367676, 0.3247911334037781, 0.32582372426986694, 0.33122125267982483, 0.3350699245929718, 0.3413592278957367, 0.3529522120952606, 0.3552989661693573, 0.3598986268043518, 0.3705528974533081, 0.36783066391944885, 0.37125691771507263, 0.3813949227333069, 0.382474422454834], "finalValData": [0.16807542741298676, 0.1651495397090912, 0.1430429071187973, 0.14011703431606293, 0.1391417384147644, 0.13719116151332855, 0.14271780848503113, 0.13686606287956238, 0.13979193568229675, 0.14921976625919342, 0.15702210366725922, 0.15442132949829102, 0.16157346963882446, 0.15377113223075867, 0.16059817373752594, 0.16579973697662354, 0.17100130021572113, 0.19050715863704681, 0.1947334259748459, 0.19635890424251556, 0.20578673481941223, 0.20513653755187988, 0.20643693208694458, 0.19863459467887878, 0.20903770625591278, 0.21749024093151093, 0.2139141708612442, 0.211313396692276, 0.2630039155483246, 0.23537060618400574, 0.21618986129760742, 0.26202860474586487, 0.2760078012943268, 0.2838101387023926, 0.306892067193985, 0.3169700801372528, 0.3159947991371155, 0.2990897297859192, 0.30331599712371826, 0.32022106647491455, 0.31892067193984985, 0.31892067193984985, 0.32509753108024597, 0.32542261481285095, 0.3286736011505127, 0.33810141682624817, 0.30331599712371826, 0.30234071612358093, 0.31144341826438904, 0.3787386119365692]}