{"parameters": [[512, 0.5, 40, 32]], "report": {"air_conditioner": {"precision": 0.15218730745532963, "recall": 0.30952380952380953, "f1-score": 0.2040479140850888, "support": 798}, "car_horn": {"precision": 0.4375, "recall": 0.1390728476821192, "f1-score": 0.2110552763819095, "support": 151}, "children_playing": {"precision": 0.398834304746045, "recall": 0.6063291139240506, "f1-score": 0.4811652435961829, "support": 790}, "dog_bark": {"precision": 0.6506276150627615, "recall": 0.5123558484349259, "f1-score": 0.5732718894009217, "support": 607}, "drilling": {"precision": 0.6219512195121951, "recall": 0.4273743016759777, "f1-score": 0.5066225165562914, "support": 716}, "engine_idling": {"precision": 0.4134419551934827, "recall": 0.25534591194968553, "f1-score": 0.3157076205287714, "support": 795}, "gun_shot": {"precision": 0.92, "recall": 0.5227272727272727, "f1-score": 0.6666666666666666, "support": 88}, "jackhammer": {"precision": 0.49808429118773945, "recall": 0.14755959137343927, "f1-score": 0.22767075306479856, "support": 881}, "siren": {"precision": 0.751696065128901, "recall": 0.6780905752753978, "f1-score": 0.712998712998713, "support": 817}, "street_music": {"precision": 0.2457627118644068, "recall": 0.32625, "f1-score": 0.280343716433942, "support": 800}, "accuracy": 0.39702002172900824, "macro avg": {"precision": 0.5090085470150861, "recall": 0.3924629272566678, "f1-score": 0.4179550309713286, "support": 6443}, "weighted avg": {"precision": 0.46593816191674864, "recall": 0.39702002172900824, "f1-score": 0.40393682499448197, "support": 6443}}, "finalAcc": 0.6350793242454529, "finalVal": 0.42587774991989136, "finalAccData": [0.14474795758724213, 0.17182953655719757, 0.19614192843437195, 0.22111141681671143, 0.2369285672903061, 0.25551488995552063, 0.28339433670043945, 0.3119778335094452, 0.3254951536655426, 0.33708813786506653, 0.3615882992744446, 0.3715854585170746, 0.3877311646938324, 0.39716511964797974, 0.41068243980407715, 0.42180606722831726, 0.43283581733703613, 0.44180044531822205, 0.4500140845775604, 0.46639445424079895, 0.4682249128818512, 0.48099127411842346, 0.48117899894714355, 0.5024875402450562, 0.5062893033027649, 0.5159109830856323, 0.5301793217658997, 0.5335586071014404, 0.5379235744476318, 0.5498920679092407, 0.558387279510498, 0.5689007639884949, 0.5771144032478333, 0.5892236828804016, 0.5948559045791626, 0.597484290599823, 0.6113301515579224, 0.6209049224853516, 0.6230170130729675, 0.6350793242454529], "finalValData": [0.2825097441673279, 0.27503252029418945, 0.2552015483379364, 0.26885566115379333, 0.2812093496322632, 0.2548764646053314, 0.29551365971565247, 0.30754226446151733, 0.3234720528125763, 0.33452534675598145, 0.32802340388298035, 0.3286736011505127, 0.3185955882072449, 0.35273081064224243, 0.3244473338127136, 0.34622886776924133, 0.3390767276287079, 0.33582574129104614, 0.3416775166988373, 0.3501300513744354, 0.34622886776924133, 0.3738621473312378, 0.3761378526687622, 0.3699609935283661, 0.39239272475242615, 0.39141741394996643, 0.40409621596336365, 0.4099479913711548, 0.3888166546821594, 0.38328999280929565, 0.4008452594280243, 0.40377113223075867, 0.4096228778362274, 0.3907672166824341, 0.3907672166824341, 0.37938880920410156, 0.3966189920902252, 0.4164499342441559, 0.3920676112174988, 0.42587774991989136]}