{"parameters": [[512, 0.3, 40, 32]], "report": {"air_conditioner": {"precision": 0.30477759472817134, "recall": 0.23182957393483708, "f1-score": 0.2633451957295374, "support": 798}, "car_horn": {"precision": 0.32450331125827814, "recall": 0.32450331125827814, "f1-score": 0.32450331125827814, "support": 151}, "children_playing": {"precision": 0.4334677419354839, "recall": 0.5443037974683544, "f1-score": 0.4826038159371493, "support": 790}, "dog_bark": {"precision": 0.4979973297730307, "recall": 0.6144975288303131, "f1-score": 0.5501474926253687, "support": 607}, "drilling": {"precision": 0.4310077519379845, "recall": 0.388268156424581, "f1-score": 0.4085231447465099, "support": 716}, "engine_idling": {"precision": 0.5048923679060665, "recall": 0.32452830188679244, "f1-score": 0.39509954058192953, "support": 795}, "gun_shot": {"precision": 0.9054054054054054, "recall": 0.7613636363636364, "f1-score": 0.8271604938271605, "support": 88}, "jackhammer": {"precision": 0.38107416879795397, "recall": 0.16912599318955732, "f1-score": 0.2342767295597484, "support": 881}, "siren": {"precision": 0.6698679471788715, "recall": 0.6829865361077111, "f1-score": 0.6763636363636364, "support": 817}, "street_music": {"precision": 0.2395973154362416, "recall": 0.44625, "f1-score": 0.31179039301310046, "support": 800}, "accuracy": 0.4196802731646748, "macro avg": {"precision": 0.46925909343574873, "recall": 0.4487656835464061, "f1-score": 0.44738137536424183, "support": 6443}, "weighted avg": {"precision": 0.43478028594568785, "recall": 0.4196802731646748, "f1-score": 0.41318672089488634, "support": 6443}}, "finalAcc": 0.8319722414016724, "finalVal": 0.4457087218761444, "finalAccData": [0.20031915605068207, 0.2673894762992859, 0.32863980531692505, 0.38331925868988037, 0.4336337149143219, 0.4634375274181366, 0.5049281716346741, 0.5306486487388611, 0.5611095428466797, 0.5786632895469666, 0.5972965359687805, 0.6231108903884888, 0.6362527012825012, 0.6547451615333557, 0.6648361682891846, 0.6792922019958496, 0.691401481628418, 0.7012578845024109, 0.7117244005203247, 0.722378671169281, 0.7251478433609009, 0.7414343357086182, 0.7468788027763367, 0.7515254020690918, 0.7571106553077698, 0.7667793035507202, 0.7686567306518555, 0.779404878616333, 0.7808129191398621, 0.7891204357147217, 0.7946587800979614, 0.7975218296051025, 0.7991645336151123, 0.8067210912704468, 0.8060640096664429, 0.8154041171073914, 0.8193466663360596, 0.8192997574806213, 0.8273725509643555, 0.8319722414016724], "finalValData": [0.26853054761886597, 0.34102731943130493, 0.39726918935775757, 0.4275032579898834, 0.4034460484981537, 0.4242522716522217, 0.40669700503349304, 0.3946684002876282, 0.3995448648929596, 0.40279585123062134, 0.4096228778362274, 0.45026007294654846, 0.4320546090602875, 0.43888166546821594, 0.44375813007354736, 0.4057217240333557, 0.4278283417224884, 0.43368011713027954, 0.4164499342441559, 0.43010401725769043, 0.4239271879196167, 0.4447334110736847, 0.3751625418663025, 0.4382314682006836, 0.38231468200683594, 0.44148245453834534, 0.43107932806015015, 0.4509102702140808, 0.4278283417224884, 0.4353055953979492, 0.41677501797676086, 0.4356306791305542, 0.42945384979248047, 0.404746413230896, 0.41840052604675293, 0.45448634028434753, 0.422951877117157, 0.41319894790649414, 0.4174252152442932, 0.4457087218761444]}