{"parameters": [[128, 0.5, 50, 32]], "report": {"air_conditioner": {"precision": 0.12452830188679245, "recall": 0.20676691729323307, "f1-score": 0.15544041450777202, "support": 798}, "car_horn": {"precision": 0.14285714285714285, "recall": 0.006622516556291391, "f1-score": 0.012658227848101266, "support": 151}, "children_playing": {"precision": 0.3476649369903632, "recall": 0.5936708860759494, "f1-score": 0.4385226741467975, "support": 790}, "dog_bark": {"precision": 0.471608832807571, "recall": 0.4925864909390445, "f1-score": 0.4818694601128123, "support": 607}, "drilling": {"precision": 0.5841121495327103, "recall": 0.34916201117318435, "f1-score": 0.4370629370629371, "support": 716}, "engine_idling": {"precision": 0.36639118457300274, "recall": 0.16729559748427672, "f1-score": 0.22970639032815196, "support": 795}, "gun_shot": {"precision": 1.0, "recall": 0.11363636363636363, "f1-score": 0.20408163265306123, "support": 88}, "jackhammer": {"precision": 0.39194139194139194, "recall": 0.12145289443813848, "f1-score": 0.1854419410745234, "support": 881}, "siren": {"precision": 0.6135135135135135, "recall": 0.5556915544675642, "f1-score": 0.5831727681438664, "support": 817}, "street_music": {"precision": 0.2526636225266362, "recall": 0.415, "f1-score": 0.3140964995269631, "support": 800}, "accuracy": 0.3445599875834239, "macro avg": {"precision": 0.42952810766291244, "recall": 0.3021885232064046, "f1-score": 0.3042052945404986, "support": 6443}, "weighted avg": {"precision": 0.3923706302773312, "recall": 0.3445599875834239, "f1-score": 0.3367215654586202, "support": 6443}}, "finalAcc": 0.44987326860427856, "finalVal": 0.33972692489624023, "finalAccData": [0.1061672791838646, 0.13803623616695404, 0.13263869285583496, 0.13367126882076263, 0.1340467482805252, 0.13503238558769226, 0.1394912302494049, 0.14019525051116943, 0.14263588190078735, 0.145311176776886, 0.15000469982624054, 0.1494884043931961, 0.15441659092903137, 0.15483900904655457, 0.15460433065891266, 0.15652868151664734, 0.157561257481575, 0.15943865478038788, 0.1597202718257904, 0.16028349101543427, 0.1625363677740097, 0.16004881262779236, 0.16197314858436584, 0.16441377997398376, 0.1633812040090561, 0.16563409566879272, 0.16633811593055725, 0.18454895913600922, 0.19271565973758698, 0.20055383443832397, 0.20731249451637268, 0.21393035352230072, 0.21829532086849213, 0.2228010892868042, 0.22744767367839813, 0.23354923725128174, 0.2515723407268524, 0.2756969928741455, 0.3005256652832031, 0.31258800625801086, 0.3253074288368225, 0.3461935520172119, 0.3563784956932068, 0.3655308485031128, 0.39397352933883667, 0.42002251744270325, 0.42720359563827515, 0.4393598139286041, 0.4395475387573242, 0.44987326860427856], "finalValData": [0.15052016079425812, 0.15767230093479156, 0.14531859755516052, 0.1469440758228302, 0.14206762611865997, 0.1469440758228302, 0.1430429071187973, 0.144343301653862, 0.14271780848503113, 0.14726917445659637, 0.14856956899166107, 0.15539662539958954, 0.1521456390619278, 0.1547464281320572, 0.14986996352672577, 0.15409623086452484, 0.15897269546985626, 0.15637190639972687, 0.15702210366725922, 0.15702210366725922, 0.1596228927373886, 0.16417425870895386, 0.16092327237129211, 0.16157346963882446, 0.16254876554012299, 0.16027307510375977, 0.13881663978099823, 0.15539662539958954, 0.16417425870895386, 0.1661248356103897, 0.15507152676582336, 0.15507152676582336, 0.15767230093479156, 0.16092327237129211, 0.16710013151168823, 0.1713263988494873, 0.21033810079097748, 0.25845253467559814, 0.26072821021080017, 0.28803640604019165, 0.2873862087726593, 0.2747074067592621, 0.2578023374080658, 0.2743823230266571, 0.29583874344825745, 0.28933680057525635, 0.3325747847557068, 0.35500651597976685, 0.3289986848831177, 0.33972692489624023]}