{"parameters": [[256, 0.4, 30, 32]], "report": {"air_conditioner": {"precision": 0.15195530726256984, "recall": 0.3408521303258145, "f1-score": 0.21020092735703247, "support": 798}, "car_horn": {"precision": 0.5833333333333334, "recall": 0.046357615894039736, "f1-score": 0.08588957055214724, "support": 151}, "children_playing": {"precision": 0.35908756438557765, "recall": 0.6177215189873417, "f1-score": 0.454164727780363, "support": 790}, "dog_bark": {"precision": 0.5348460291734197, "recall": 0.5436573311367381, "f1-score": 0.5392156862745099, "support": 607}, "drilling": {"precision": 0.6120331950207469, "recall": 0.41201117318435754, "f1-score": 0.4924874791318864, "support": 716}, "engine_idling": {"precision": 0.44054054054054054, "recall": 0.2050314465408805, "f1-score": 0.2798283261802575, "support": 795}, "gun_shot": {"precision": 0.918918918918919, "recall": 0.38636363636363635, "f1-score": 0.544, "support": 88}, "jackhammer": {"precision": 0.47619047619047616, "recall": 0.2724177071509648, "f1-score": 0.3465703971119133, "support": 881}, "siren": {"precision": 0.7702479338842976, "recall": 0.5703794369645043, "f1-score": 0.6554149085794656, "support": 817}, "street_music": {"precision": 0.2683658170914543, "recall": 0.22375, "f1-score": 0.24403544648943423, "support": 800}, "accuracy": 0.3839826167934192, "macro avg": {"precision": 0.5115519115801335, "recall": 0.3618541996548278, "f1-score": 0.3851807469457009, "support": 6443}, "weighted avg": {"precision": 0.4579378816563139, "recall": 0.3839826167934192, "f1-score": 0.39202097368115824, "support": 6443}}, "finalAcc": 0.5168496966362, "finalVal": 0.4057217240333557, "finalAccData": [0.13939735293388367, 0.16150380671024323, 0.1806063950061798, 0.19769078493118286, 0.22439688444137573, 0.24401576817035675, 0.2545292377471924, 0.27053412795066833, 0.28184548020362854, 0.2885102927684784, 0.30212146043777466, 0.31347978115081787, 0.324603408575058, 0.3283582031726837, 0.3331455886363983, 0.3469914495944977, 0.357317179441452, 0.3662348687648773, 0.38219282031059265, 0.395146906375885, 0.4060358703136444, 0.42265090346336365, 0.4353233873844147, 0.45550549030303955, 0.4644700884819031, 0.47549986839294434, 0.4921618402004242, 0.5041303038597107, 0.5140336155891418, 0.5168496966362], "finalValData": [0.2656046748161316, 0.229518860578537, 0.22236670553684235, 0.23667100071907043, 0.23634590208530426, 0.25552666187286377, 0.2786085903644562, 0.2626788020133972, 0.26365408301353455, 0.28966188430786133, 0.28315994143486023, 0.290962278842926, 0.28283485770225525, 0.29713913798332214, 0.30461639165878296, 0.31014305353164673, 0.2916124761104584, 0.3172951936721802, 0.3325747847557068, 0.33712613582611084, 0.33159947395324707, 0.3592327833175659, 0.42717814445495605, 0.3686605989933014, 0.3816644847393036, 0.3826397955417633, 0.36150845885276794, 0.34330299496650696, 0.3813394010066986, 0.4057217240333557]}