{"parameters": [[512, 0.3, 30, 16]], "report": {"air_conditioner": {"precision": 0.28733459357277885, "recall": 0.19047619047619047, "f1-score": 0.22908816880180857, "support": 798}, "car_horn": {"precision": 0.30808080808080807, "recall": 0.40397350993377484, "f1-score": 0.3495702005730659, "support": 151}, "children_playing": {"precision": 0.35870445344129553, "recall": 0.5607594936708861, "f1-score": 0.43753086419753084, "support": 790}, "dog_bark": {"precision": 0.4853801169590643, "recall": 0.5469522240527183, "f1-score": 0.5143299767621998, "support": 607}, "drilling": {"precision": 0.45441176470588235, "recall": 0.43156424581005587, "f1-score": 0.44269340974212035, "support": 716}, "engine_idling": {"precision": 0.3802559414990859, "recall": 0.26163522012578616, "f1-score": 0.30998509687034276, "support": 795}, "gun_shot": {"precision": 0.9298245614035088, "recall": 0.6022727272727273, "f1-score": 0.7310344827586207, "support": 88}, "jackhammer": {"precision": 0.37150127226463103, "recall": 0.16572077185017026, "f1-score": 0.22919937205651492, "support": 881}, "siren": {"precision": 0.7047619047619048, "recall": 0.7246022031823746, "f1-score": 0.7145443572721787, "support": 817}, "street_music": {"precision": 0.29453125, "recall": 0.47125, "f1-score": 0.3625, "support": 800}, "accuracy": 0.414868849914636, "macro avg": {"precision": 0.457478666668896, "recall": 0.4359206586374683, "f1-score": 0.4320475929034383, "support": 6443}, "weighted avg": {"precision": 0.419371474838486, "recall": 0.414868849914636, "f1-score": 0.4030560596219587, "support": 6443}}, "finalAcc": 0.8154041171073914, "finalVal": 0.41027307510375977, "finalAccData": [0.21641790866851807, 0.24683187901973724, 0.27705809473991394, 0.3429550230503082, 0.38477423787117004, 0.44466346502304077, 0.4930066764354706, 0.5298038125038147, 0.5651928782463074, 0.5916174054145813, 0.610485315322876, 0.6306673884391785, 0.6501924395561218, 0.6700929403305054, 0.6865671873092651, 0.7034637928009033, 0.7112550735473633, 0.7265558838844299, 0.7388529181480408, 0.7434525489807129, 0.7531681060791016, 0.7687506079673767, 0.7687975168228149, 0.7807660102844238, 0.7901530265808105, 0.7951281070709229, 0.8039519190788269, 0.8075659275054932, 0.8139491081237793, 0.8154041171073914], "finalValData": [0.23016905784606934, 0.21196359395980835, 0.23114433884620667, 0.24577373266220093, 0.29583874344825745, 0.2977893352508545, 0.3439531922340393, 0.37711313366889954, 0.4060468077659607, 0.3901170492172241, 0.39141741394996643, 0.404421329498291, 0.3751625418663025, 0.4327048063278198, 0.3904421329498291, 0.4073472023010254, 0.3933680057525635, 0.4190507233142853, 0.42327699065208435, 0.41157346963882446, 0.4112483859062195, 0.40149545669555664, 0.42717814445495605, 0.43368011713027954, 0.4730169177055359, 0.43107932806015015, 0.4135240614414215, 0.41547465324401855, 0.42197659611701965, 0.41027307510375977]}