{"parameters": [[128, 0.5, 40, 16]], "report": {"air_conditioner": {"precision": 0.13989071038251366, "recall": 0.3208020050125313, "f1-score": 0.1948249619482496, "support": 798}, "car_horn": {"precision": 0.6818181818181818, "recall": 0.09933774834437085, "f1-score": 0.17341040462427745, "support": 151}, "children_playing": {"precision": 0.3609022556390977, "recall": 0.5468354430379747, "f1-score": 0.4348263714141922, "support": 790}, "dog_bark": {"precision": 0.4861111111111111, "recall": 0.4612850082372323, "f1-score": 0.47337278106508873, "support": 607}, "drilling": {"precision": 0.5841584158415841, "recall": 0.329608938547486, "f1-score": 0.42142857142857143, "support": 716}, "engine_idling": {"precision": 0.3333333333333333, "recall": 0.14968553459119496, "f1-score": 0.2065972222222222, "support": 795}, "gun_shot": {"precision": 0.8823529411764706, "recall": 0.3409090909090909, "f1-score": 0.4918032786885246, "support": 88}, "jackhammer": {"precision": 0.42474916387959866, "recall": 0.1441543700340522, "f1-score": 0.21525423728813559, "support": 881}, "siren": {"precision": 0.6625, "recall": 0.6487148102815178, "f1-score": 0.655534941249227, "support": 817}, "street_music": {"precision": 0.31493506493506496, "recall": 0.36375, "f1-score": 0.3375870069605568, "support": 800}, "accuracy": 0.3594598789383827, "macro avg": {"precision": 0.48707511781169555, "recall": 0.34050829489954515, "f1-score": 0.36046397768890454, "support": 6443}, "weighted avg": {"precision": 0.42264296269303203, "recall": 0.3594598789383827, "f1-score": 0.359623215149886, "support": 6443}}, "finalAcc": 0.485215425491333, "finalVal": 0.39499348402023315, "finalAccData": [0.12198441475629807, 0.1438561975955963, 0.137050598859787, 0.13986670970916748, 0.1381300985813141, 0.1401013731956482, 0.14174410700798035, 0.14747019112110138, 0.147517129778862, 0.1538064330816269, 0.15300853550434113, 0.1536186933517456, 0.1599080115556717, 0.15896929800510406, 0.16159766912460327, 0.16042429208755493, 0.16976438462734222, 0.2010231912136078, 0.22557026147842407, 0.2458931803703308, 0.2630714476108551, 0.2885102927684784, 0.3016051948070526, 0.32901531457901, 0.3485403060913086, 0.3599455654621124, 0.3714446723461151, 0.37975218892097473, 0.3877311646938324, 0.4009668529033661, 0.4101192057132721, 0.4245283007621765, 0.4317093789577484, 0.44480428099632263, 0.44724491238594055, 0.4551769495010376, 0.4694921672344208, 0.47310617566108704, 0.4797240197658539, 0.485215425491333], "finalValData": [0.16287386417388916, 0.14661899209022522, 0.13946683704853058, 0.1417425274848938, 0.1495448648929596, 0.1482444703578949, 0.14661899209022522, 0.1560468077659607, 0.1622236669063568, 0.1573472023010254, 0.15767230093479156, 0.16189856827259064, 0.16254876554012299, 0.15669700503349304, 0.16840052604675293, 0.1612483710050583, 0.18465539813041687, 0.2665799856185913, 0.2022106647491455, 0.21358907222747803, 0.2074122279882431, 0.2925877869129181, 0.3169700801372528, 0.3182704746723175, 0.3338751494884491, 0.2756827175617218, 0.32964888215065, 0.3120936155319214, 0.34752926230430603, 0.32412225008010864, 0.30884265899658203, 0.36410921812057495, 0.3790637254714966, 0.39759427309036255, 0.37288686633110046, 0.3943433165550232, 0.34362807869911194, 0.3644343316555023, 0.37061119079589844, 0.39499348402023315]}