{"parameters": [[256, 0.5, 40, 16]], "report": {"air_conditioner": {"precision": 0.12696335078534032, "recall": 0.24310776942355888, "f1-score": 0.16680997420464316, "support": 798}, "car_horn": {"precision": 0.48936170212765956, "recall": 0.152317880794702, "f1-score": 0.23232323232323232, "support": 151}, "children_playing": {"precision": 0.36759457530335476, "recall": 0.6518987341772152, "f1-score": 0.4701049748973072, "support": 790}, "dog_bark": {"precision": 0.6260683760683761, "recall": 0.4827018121911038, "f1-score": 0.5451162790697675, "support": 607}, "drilling": {"precision": 0.6081730769230769, "recall": 0.35335195530726254, "f1-score": 0.4469964664310953, "support": 716}, "engine_idling": {"precision": 0.3542319749216301, "recall": 0.2842767295597484, "f1-score": 0.3154221912072575, "support": 795}, "gun_shot": {"precision": 0.875, "recall": 0.5568181818181818, "f1-score": 0.6805555555555556, "support": 88}, "jackhammer": {"precision": 0.37218045112781956, "recall": 0.11237230419977298, "f1-score": 0.17262423714036615, "support": 881}, "siren": {"precision": 0.8186119873817035, "recall": 0.6352509179926561, "f1-score": 0.7153687112336321, "support": 817}, "street_music": {"precision": 0.2103134479271992, "recall": 0.26, "f1-score": 0.2325321408608161, "support": 800}, "accuracy": 0.3692379326400745, "macro avg": {"precision": 0.48484989425661607, "recall": 0.3732096285464202, "f1-score": 0.3977853762923673, "support": 6443}, "weighted avg": {"precision": 0.43530151518345056, "recall": 0.3692379326400745, "f1-score": 0.3761798203648689, "support": 6443}}, "finalAcc": 0.6038205027580261, "finalVal": 0.3813394010066986, "finalAccData": [0.13629963994026184, 0.15953253209590912, 0.16094058752059937, 0.16924810409545898, 0.17197033762931824, 0.1849244385957718, 0.19205857813358307, 0.19679902493953705, 0.20158641040325165, 0.21332019567489624, 0.2184361219406128, 0.2238806039094925, 0.2375856637954712, 0.2549985945224762, 0.2986952066421509, 0.32774806022644043, 0.3489627242088318, 0.3618229627609253, 0.37764009833335876, 0.40847647190093994, 0.4260771572589874, 0.4534872770309448, 0.4700084626674652, 0.48643574118614197, 0.4966675937175751, 0.5099502205848694, 0.5146906971931458, 0.526049017906189, 0.5298038125038147, 0.5402703285217285, 0.5489063858985901, 0.551722526550293, 0.5578710436820984, 0.5639256834983826, 0.5751900672912598, 0.5850933790206909, 0.5839200019836426, 0.5920398235321045, 0.6014268398284912, 0.6038205027580261], "finalValData": [0.14629389345645905, 0.16644993424415588, 0.17880363762378693, 0.1674252301454544, 0.19245773553848267, 0.17945383489131927, 0.18107932806015015, 0.19278283417224884, 0.18985696136951447, 0.20026007294654846, 0.20578673481941223, 0.1778283417224884, 0.19863459467887878, 0.21163849532604218, 0.35500651597976685, 0.34102731943130493, 0.3507802486419678, 0.365734726190567, 0.4109232723712921, 0.3888166546821594, 0.4252275824546814, 0.4216514825820923, 0.39109233021736145, 0.44928479194641113, 0.43595579266548157, 0.42977893352508545, 0.43595579266548157, 0.4333550035953522, 0.45806241035461426, 0.45546165108680725, 0.3953185975551605, 0.44375813007354736, 0.38361507654190063, 0.4148244559764862, 0.42230167984962463, 0.3787386119365692, 0.365734726190567, 0.3761378526687622, 0.4086475968360901, 0.3813394010066986]}