{"parameters": [[64, 0.5, 50, 32]], "report": {"air_conditioner": {"precision": 0.1797274275979557, "recall": 0.793233082706767, "f1-score": 0.29305555555555557, "support": 798}, "car_horn": {"precision": 0.0, "recall": 0.0, "f1-score": 0.0, "support": 151}, "children_playing": {"precision": 0.30269058295964124, "recall": 0.17088607594936708, "f1-score": 0.21844660194174756, "support": 790}, "dog_bark": {"precision": 0.2631578947368421, "recall": 0.032948929159802305, "f1-score": 0.058565153733528545, "support": 607}, "drilling": {"precision": 0.6012931034482759, "recall": 0.38966480446927376, "f1-score": 0.47288135593220343, "support": 716}, "engine_idling": {"precision": 0.0, "recall": 0.0, "f1-score": 0.0, "support": 795}, "gun_shot": {"precision": 0.0, "recall": 0.0, "f1-score": 0.0, "support": 88}, "jackhammer": {"precision": 0.384765625, "recall": 0.22360953461975028, "f1-score": 0.2828427853553481, "support": 881}, "siren": {"precision": 0.0, "recall": 0.0, "f1-score": 0.0, "support": 817}, "street_music": {"precision": 0.19676739283204497, "recall": 0.35, "f1-score": 0.25191183085919927, "support": 800}, "accuracy": 0.23963991929225517, "macro avg": {"precision": 0.19284020265747598, "recall": 0.19603424269049605, "f1-score": 0.15777032833775823, "support": 6443}, "weighted avg": {"precision": 0.2280309144538491, "recall": 0.23963991929225517, "f1-score": 0.19110308965023196, "support": 6443}}, "finalAcc": 0.23289214074611664, "finalVal": 0.17327697575092316, "finalAccData": [0.1225007027387619, 0.13766075670719147, 0.13592414557933807, 0.1362057626247406, 0.13287337124347687, 0.1346569061279297, 0.1318407952785492, 0.13080821931362152, 0.1338120698928833, 0.13240401446819305, 0.13362433016300201, 0.13123063743114471, 0.13043273985385895, 0.13245095312595367, 0.13216933608055115, 0.1324978917837143, 0.13475076854228973, 0.1390688121318817, 0.14136862754821777, 0.1416502445936203, 0.14568665623664856, 0.1438092589378357, 0.14592133462429047, 0.15366563200950623, 0.14831502735614777, 0.15019243955612183, 0.1505679190158844, 0.15821833908557892, 0.15911011397838593, 0.15920397639274597, 0.1609875112771988, 0.1627710461616516, 0.16915422677993774, 0.17736788094043732, 0.18506523966789246, 0.18858537077903748, 0.18727119266986847, 0.1938890516757965, 0.19675208628177643, 0.19811320304870605, 0.19872336089611053, 0.204965740442276, 0.2038392871618271, 0.204073965549469, 0.2095184475183487, 0.21463437378406525, 0.22200319170951843, 0.22937200963497162, 0.22829249501228333, 0.23289214074611664], "finalValData": [0.12353706359863281, 0.13328999280929565, 0.1365409642457962, 0.13556566834449768, 0.13491547107696533, 0.13491547107696533, 0.1326397955417633, 0.13101430237293243, 0.13231469690799713, 0.1326397955417633, 0.1339401751756668, 0.1326397955417633, 0.13361509144306183, 0.1326397955417633, 0.13296489417552948, 0.13361509144306183, 0.14889466762542725, 0.13459037244319916, 0.14271780848503113, 0.14336800575256348, 0.14466840028762817, 0.15019506216049194, 0.1456436961889267, 0.1495448648929596, 0.15052016079425812, 0.15052016079425812, 0.14856956899166107, 0.14726917445659637, 0.1547464281320572, 0.15994799137115479, 0.15409623086452484, 0.17620286345481873, 0.17327697575092316, 0.16970090568065643, 0.17717815935611725, 0.16710013151168823, 0.16384916007518768, 0.164824441075325, 0.16254876554012299, 0.1456436961889267, 0.15182054042816162, 0.15052016079425812, 0.14466840028762817, 0.14596879482269287, 0.15669700503349304, 0.15247073769569397, 0.20513653755187988, 0.18920676410198212, 0.20026007294654846, 0.17327697575092316]}