{"parameters": [[64, 0.5, 40, 32]], "report": {"air_conditioner": {"precision": 0.13972416911598462, "recall": 0.7744360902255639, "f1-score": 0.23673625742194981, "support": 798}, "car_horn": {"precision": 0.0, "recall": 0.0, "f1-score": 0.0, "support": 151}, "children_playing": {"precision": 0.15476190476190477, "recall": 0.016455696202531647, "f1-score": 0.029748283752860413, "support": 790}, "dog_bark": {"precision": 0.0, "recall": 0.0, "f1-score": 0.0, "support": 607}, "drilling": {"precision": 0.4308300395256917, "recall": 0.30446927374301674, "f1-score": 0.3567921440261866, "support": 716}, "engine_idling": {"precision": 0.0, "recall": 0.0, "f1-score": 0.0, "support": 795}, "gun_shot": {"precision": 0.0, "recall": 0.0, "f1-score": 0.0, "support": 88}, "jackhammer": {"precision": 0.2229965156794425, "recall": 0.07264472190692395, "f1-score": 0.1095890410958904, "support": 881}, "siren": {"precision": 0.0, "recall": 0.0, "f1-score": 0.0, "support": 817}, "street_music": {"precision": 0.15835520559930008, "recall": 0.22625, "f1-score": 0.18630983015954708, "support": 800}, "accuracy": 0.16979667856588546, "macro avg": {"precision": 0.11066678346823237, "recall": 0.13942557820780363, "f1-score": 0.09191755564564343, "support": 6443}, "weighted avg": {"precision": 0.13431323836875442, "recall": 0.16979667856588546, "f1-score": 0.11073656092555369, "support": 6443}}, "finalAcc": 0.21468131244182587, "finalVal": 0.13979193568229675, "finalAccData": [0.12649019062519073, 0.13324885070323944, 0.13127757608890533, 0.12907162308692932, 0.12940016388893127, 0.13240401446819305, 0.1316061168909073, 0.13475076854228973, 0.13522012531757355, 0.13479770720005035, 0.13648737967014313, 0.1370975375175476, 0.1372852772474289, 0.1385994553565979, 0.13996057212352753, 0.14418473839759827, 0.14333990216255188, 0.14615601301193237, 0.1455927938222885, 0.14474795758724213, 0.1490659862756729, 0.15150661766529083, 0.14939454197883606, 0.15178823471069336, 0.15324321389198303, 0.1603773534297943, 0.1607997715473175, 0.16389749944210052, 0.1653524786233902, 0.1651178002357483, 0.17032760381698608, 0.1755843460559845, 0.19130761921405792, 0.20069463551044464, 0.20599831640720367, 0.20585750043392181, 0.2095184475183487, 0.20970618724822998, 0.2158546894788742, 0.21468131244182587], "finalValData": [0.13036410510540009, 0.13296489417552948, 0.13068920373916626, 0.13101430237293243, 0.13036410510540009, 0.13231469690799713, 0.13166449964046478, 0.13296489417552948, 0.13361509144306183, 0.13328999280929565, 0.13361509144306183, 0.1365409642457962, 0.14336800575256348, 0.16027307510375977, 0.13979193568229675, 0.14661899209022522, 0.14986996352672577, 0.15117035806179047, 0.14856956899166107, 0.14986996352672577, 0.1521456390619278, 0.15117035806179047, 0.14726917445659637, 0.15409623086452484, 0.15312093496322632, 0.14986996352672577, 0.1586475968360901, 0.1547464281320572, 0.13296489417552948, 0.14369310438632965, 0.12256176769733429, 0.11963588744401932, 0.16027307510375977, 0.14239272475242615, 0.1469440758228302, 0.14759427309036255, 0.13328999280929565, 0.1583224982023239, 0.15799739956855774, 0.13979193568229675]}