{"parameters": [[256, 0.4, 50, 32]], "report": {"air_conditioner": {"precision": 0.19658886894075403, "recall": 0.2744360902255639, "f1-score": 0.2290794979079498, "support": 798}, "car_horn": {"precision": 0.6067415730337079, "recall": 0.3576158940397351, "f1-score": 0.45, "support": 151}, "children_playing": {"precision": 0.4021505376344086, "recall": 0.47341772151898737, "f1-score": 0.43488372093023253, "support": 790}, "dog_bark": {"precision": 0.584055459272097, "recall": 0.5551894563426688, "f1-score": 0.5692567567567567, "support": 607}, "drilling": {"precision": 0.5855130784708249, "recall": 0.4064245810055866, "f1-score": 0.47980214344600164, "support": 716}, "engine_idling": {"precision": 0.41022280471821754, "recall": 0.3937106918238994, "f1-score": 0.40179717586649544, "support": 795}, "gun_shot": {"precision": 0.8360655737704918, "recall": 0.5795454545454546, "f1-score": 0.6845637583892618, "support": 88}, "jackhammer": {"precision": 0.5, "recall": 0.19750283768444948, "f1-score": 0.28315703824247357, "support": 881}, "siren": {"precision": 0.7716312056737589, "recall": 0.6658506731946144, "f1-score": 0.7148488830486204, "support": 817}, "street_music": {"precision": 0.23841059602649006, "recall": 0.405, "f1-score": 0.3001389532190829, "support": 800}, "accuracy": 0.4161105075275493, "macro avg": {"precision": 0.5131379697540751, "recall": 0.43086934003809596, "f1-score": 0.4547527927806875, "support": 6443}, "weighted avg": {"precision": 0.46582274091831555, "recall": 0.4161105075275493, "f1-score": 0.42475014452799065, "support": 6443}}, "finalAcc": 0.6642260551452637, "finalVal": 0.4161248505115509, "finalAccData": [0.15657560527324677, 0.18389186263084412, 0.20130479335784912, 0.20989392697811127, 0.22636815905570984, 0.24209143221378326, 0.2519947290420532, 0.2698301076889038, 0.2893550992012024, 0.30404579639434814, 0.30780062079429626, 0.3237585723400116, 0.33413124084472656, 0.3472730815410614, 0.3551581799983978, 0.369473397731781, 0.38482117652893066, 0.394255131483078, 0.4023279845714569, 0.4225570261478424, 0.43246033787727356, 0.4344785511493683, 0.449497789144516, 0.46310898661613464, 0.4782690405845642, 0.4888763725757599, 0.49727776646614075, 0.5125786066055298, 0.5319159030914307, 0.5345442891120911, 0.5509715676307678, 0.558762788772583, 0.5707781910896301, 0.5746268630027771, 0.5853750109672546, 0.5920867323875427, 0.6034450531005859, 0.606261134147644, 0.6123157739639282, 0.6126443147659302, 0.6182296276092529, 0.6279451847076416, 0.6355956196784973, 0.641791045665741, 0.6452642679214478, 0.646766185760498, 0.6529146432876587, 0.6560593247413635, 0.6600018739700317, 0.6642260551452637], "finalValData": [0.19928479194641113, 0.2473992258310318, 0.24122236669063568, 0.2542262673377991, 0.24837450683116913, 0.25682705640792847, 0.2903120815753937, 0.27373212575912476, 0.3042912781238556, 0.31534460186958313, 0.30656698346138, 0.31144341826438904, 0.32184654474258423, 0.3146944046020508, 0.32022106647491455, 0.31762027740478516, 0.3543563187122345, 0.3569570779800415, 0.35500651597976685, 0.34752926230430603, 0.366059809923172, 0.3611833453178406, 0.3735370635986328, 0.38328999280929565, 0.37581273913383484, 0.3920676112174988, 0.39759427309036255, 0.38459038734436035, 0.3901170492172241, 0.3933680057525635, 0.386540949344635, 0.3930429220199585, 0.3725617825984955, 0.404746413230896, 0.39889466762542725, 0.3969440758228302, 0.3891417384147644, 0.4112483859062195, 0.41677501797676086, 0.4086475968360901, 0.42230167984962463, 0.4135240614414215, 0.4320546090602875, 0.4333550035953522, 0.4314044117927551, 0.43010401725769043, 0.41059818863868713, 0.42815345525741577, 0.39856958389282227, 0.4161248505115509]}