{"parameters": [[512, 0.3, 50, 16]], "report": {"air_conditioner": {"precision": 0.35528942115768464, "recall": 0.22305764411027568, "f1-score": 0.27405696689761355, "support": 798}, "car_horn": {"precision": 0.33980582524271846, "recall": 0.46357615894039733, "f1-score": 0.39215686274509803, "support": 151}, "children_playing": {"precision": 0.41323024054982815, "recall": 0.6088607594936709, "f1-score": 0.4923234390992835, "support": 790}, "dog_bark": {"precision": 0.4801587301587302, "recall": 0.5980230642504119, "f1-score": 0.532648569332355, "support": 607}, "drilling": {"precision": 0.49748743718592964, "recall": 0.41480446927374304, "f1-score": 0.45239908606245244, "support": 716}, "engine_idling": {"precision": 0.4292929292929293, "recall": 0.32075471698113206, "f1-score": 0.367170626349892, "support": 795}, "gun_shot": {"precision": 0.9137931034482759, "recall": 0.6022727272727273, "f1-score": 0.7260273972602739, "support": 88}, "jackhammer": {"precision": 0.3709090909090909, "recall": 0.23155505107832008, "f1-score": 0.2851153039832285, "support": 881}, "siren": {"precision": 0.7345454545454545, "recall": 0.7417380660954712, "f1-score": 0.7381242387332522, "support": 817}, "street_music": {"precision": 0.3313758389261745, "recall": 0.49375, "f1-score": 0.3965863453815261, "support": 800}, "accuracy": 0.4504112990842775, "macro avg": {"precision": 0.48658880714168157, "recall": 0.469839265749615, "f1-score": 0.4656608835844975, "support": 6443}, "weighted avg": {"precision": 0.4536144296830877, "recall": 0.4504112990842775, "f1-score": 0.4410023763804556, "support": 6443}}, "finalAcc": 0.8748239874839783, "finalVal": 0.40929779410362244, "finalAccData": [0.22791701555252075, 0.2913733124732971, 0.34145310521125793, 0.40411150455474854, 0.4582277238368988, 0.5063831806182861, 0.5346850752830505, 0.5726086497306824, 0.5915704369544983, 0.6126443147659302, 0.6380831599235535, 0.6533840298652649, 0.6732375621795654, 0.6923401951789856, 0.7051065564155579, 0.7169342041015625, 0.7282455563545227, 0.7387590408325195, 0.7492255568504333, 0.7569698691368103, 0.7643856406211853, 0.7695015668869019, 0.7754153609275818, 0.7848493456840515, 0.7924528121948242, 0.7979442477226257, 0.8055946826934814, 0.8072373867034912, 0.8146061897277832, 0.8169999122619629, 0.8237585425376892, 0.8280766010284424, 0.8305172324180603, 0.8321599364280701, 0.841640830039978, 0.8419224619865417, 0.8469445109367371, 0.8479301333427429, 0.8484464287757874, 0.8480709791183472, 0.854688823223114, 0.8574110865592957, 0.8580681681632996, 0.8646390438079834, 0.8608842492103577, 0.8643105030059814, 0.86773681640625, 0.8692856431007385, 0.8732751607894897, 0.8748239874839783], "finalValData": [0.28673601150512695, 0.2990897297859192, 0.3325747847557068, 0.34102731943130493, 0.3751625418663025, 0.4034460484981537, 0.3790637254714966, 0.3943433165550232, 0.40377113223075867, 0.44278284907341003, 0.42067620158195496, 0.40767231583595276, 0.4164499342441559, 0.4268530607223511, 0.3998699486255646, 0.4057217240333557, 0.39889466762542725, 0.3940182030200958, 0.4265279471874237, 0.383940190076828, 0.4161248505115509, 0.38361507654190063, 0.3917425274848938, 0.37581273913383484, 0.41449934244155884, 0.4112483859062195, 0.37321195006370544, 0.3878413438796997, 0.39726918935775757, 0.4317295253276825, 0.41937580704689026, 0.41287386417388916, 0.40409621596336365, 0.404421329498291, 0.4197009205818176, 0.4031209349632263, 0.42067620158195496, 0.42067620158195496, 0.41027307510375977, 0.41840052604675293, 0.4005201458930969, 0.3920676112174988, 0.4018205404281616, 0.40767231583595276, 0.41937580704689026, 0.40897268056869507, 0.43758127093315125, 0.42197659611701965, 0.4216514825820923, 0.40929779410362244]}