{"parameters": [[64, 0.3, 30, 16]], "report": {"air_conditioner": {"precision": 0.13262285375962107, "recall": 0.2807017543859649, "f1-score": 0.18013671089666264, "support": 798}, "car_horn": {"precision": 0.0, "recall": 0.0, "f1-score": 0.0, "support": 151}, "children_playing": {"precision": 0.3352984524686809, "recall": 0.5759493670886076, "f1-score": 0.423847228691197, "support": 790}, "dog_bark": {"precision": 0.4558610709117221, "recall": 0.5189456342668863, "f1-score": 0.48536209553158705, "support": 607}, "drilling": {"precision": 0.5761124121779859, "recall": 0.3435754189944134, "f1-score": 0.4304461942257218, "support": 716}, "engine_idling": {"precision": 0.3758503401360544, "recall": 0.2779874213836478, "f1-score": 0.31959508315256685, "support": 795}, "gun_shot": {"precision": 0.8780487804878049, "recall": 0.4090909090909091, "f1-score": 0.558139534883721, "support": 88}, "jackhammer": {"precision": 0.4448979591836735, "recall": 0.12372304199772985, "f1-score": 0.1936056838365897, "support": 881}, "siren": {"precision": 0.8275193798449613, "recall": 0.5226438188494492, "f1-score": 0.6406601650412603, "support": 817}, "street_music": {"precision": 0.2542182227221597, "recall": 0.2825, "f1-score": 0.2676139727649497, "support": 800}, "accuracy": 0.3506130684463759, "macro avg": {"precision": 0.42804294716926633, "recall": 0.3335117366057608, "f1-score": 0.34994066690242565, "support": 6443}, "weighted avg": {"precision": 0.42020880002425215, "recall": 0.3506130684463759, "f1-score": 0.35583954426534775, "support": 6443}}, "finalAcc": 0.4629681706428528, "finalVal": 0.3670351207256317, "finalAccData": [0.11724396795034409, 0.15432272851467133, 0.1477518081665039, 0.15061485767364502, 0.1536186933517456, 0.16924810409545898, 0.1847366988658905, 0.19426453113555908, 0.21092650294303894, 0.21937482059001923, 0.22664977610111237, 0.23725710809230804, 0.24800525605678558, 0.2639162540435791, 0.27640101313591003, 0.2854594886302948, 0.28231483697891235, 0.3010888993740082, 0.31779780983924866, 0.33797991275787354, 0.35342156887054443, 0.3661409914493561, 0.3799399137496948, 0.3873556852340698, 0.39758753776550293, 0.39697736501693726, 0.4141086935997009, 0.43813949823379517, 0.45207923650741577, 0.4629681706428528], "finalValData": [0.20188556611537933, 0.16059817373752594, 0.14759427309036255, 0.17815344035625458, 0.1547464281320572, 0.1996098756790161, 0.18237970769405365, 0.20123536884784698, 0.22106632590293884, 0.21716514229774475, 0.2343953251838684, 0.2769830822944641, 0.22854356467723846, 0.2857607305049896, 0.30656698346138, 0.32022106647491455, 0.29941481351852417, 0.29551365971565247, 0.30851754546165466, 0.3094928562641144, 0.3195708692073822, 0.3611833453178406, 0.3299739956855774, 0.347854346036911, 0.37061119079589844, 0.36671000719070435, 0.3722366690635681, 0.3803641200065613, 0.3881664574146271, 0.3670351207256317]}