{"parameters": [[64, 0.5, 50, 16]], "report": {"air_conditioner": {"precision": 0.10736842105263159, "recall": 0.2556390977443609, "f1-score": 0.15122312824314307, "support": 798}, "car_horn": {"precision": 0.0, "recall": 0.0, "f1-score": 0.0, "support": 151}, "children_playing": {"precision": 0.34890965732087226, "recall": 0.5670886075949367, "f1-score": 0.43201542912246865, "support": 790}, "dog_bark": {"precision": 0.5121951219512195, "recall": 0.3805601317957166, "f1-score": 0.4366729678638942, "support": 607}, "drilling": {"precision": 0.5783410138248848, "recall": 0.3505586592178771, "f1-score": 0.43652173913043474, "support": 716}, "engine_idling": {"precision": 0.4119718309859155, "recall": 0.2943396226415094, "f1-score": 0.3433602347762289, "support": 795}, "gun_shot": {"precision": 0.9473684210526315, "recall": 0.20454545454545456, "f1-score": 0.33644859813084116, "support": 88}, "jackhammer": {"precision": 0.38676844783715014, "recall": 0.17253121452894438, "f1-score": 0.23861852433281006, "support": 881}, "siren": {"precision": 0.7838345864661654, "recall": 0.5104039167686658, "f1-score": 0.6182357301704967, "support": 817}, "street_music": {"precision": 0.22389791183294663, "recall": 0.24125, "f1-score": 0.2322503008423586, "support": 800}, "accuracy": 0.3333850690672047, "macro avg": {"precision": 0.43006554123244173, "recall": 0.2976916704837465, "f1-score": 0.3225346652612676, "support": 6443}, "weighted avg": {"precision": 0.41245591340162585, "recall": 0.3333850690672047, "f1-score": 0.3481730432249818, "support": 6443}}, "finalAcc": 0.41326385736465454, "finalVal": 0.33550065755844116, "finalAccData": [0.12451891601085663, 0.13080821931362152, 0.13057354092597961, 0.1311836987733841, 0.13094903528690338, 0.13062047958374023, 0.13376513123512268, 0.13127757608890533, 0.1329203099012375, 0.13484464585781097, 0.13568948209285736, 0.1377076953649521, 0.14038299024105072, 0.1394442915916443, 0.14197878539562225, 0.14179104566574097, 0.15136581659317017, 0.15695109963417053, 0.163615882396698, 0.18243686854839325, 0.18652023375034332, 0.18487749993801117, 0.1929972767829895, 0.20947150886058807, 0.22632122039794922, 0.24162207543849945, 0.25011733174324036, 0.2558903694152832, 0.2595982253551483, 0.2628836929798126, 0.2724115252494812, 0.28034356236457825, 0.29015299677848816, 0.3056885302066803, 0.3150755763053894, 0.3239462971687317, 0.3330517113208771, 0.3359147608280182, 0.34929126501083374, 0.3560030162334442, 0.35651928186416626, 0.36238619685173035, 0.3673143684864044, 0.38322538137435913, 0.39003098011016846, 0.39280015230178833, 0.4040176570415497, 0.4061766564846039, 0.41654932498931885, 0.41326385736465454], "finalValData": [0.14921976625919342, 0.13361509144306183, 0.1313394010066986, 0.13491547107696533, 0.13198959827423096, 0.13328999280929565, 0.13589076697826385, 0.13328999280929565, 0.13816644251346588, 0.1391417384147644, 0.14076723158359528, 0.15539662539958954, 0.14889466762542725, 0.14889466762542725, 0.14596879482269287, 0.15929779410362244, 0.15897269546985626, 0.17750325798988342, 0.21163849532604218, 0.20838750898838043, 0.21944083273410797, 0.24544863402843475, 0.2617035210132599, 0.27795839309692383, 0.3208712637424469, 0.3104681372642517, 0.2987646162509918, 0.32022106647491455, 0.29973992705345154, 0.29551365971565247, 0.28185954689979553, 0.2795838713645935, 0.2730819284915924, 0.27503252029418945, 0.2990897297859192, 0.32769832015037537, 0.3182704746723175, 0.31274381279945374, 0.2870611250400543, 0.31144341826438904, 0.3491547405719757, 0.30981793999671936, 0.3302990794181824, 0.3260728120803833, 0.3325747847557068, 0.33842653036117554, 0.3244473338127136, 0.32802340388298035, 0.3403771221637726, 0.33550065755844116]}