{"parameters": [[256, 0.5, 30, 16]], "report": {"air_conditioner": {"precision": 0.1732045866022933, "recall": 0.35964912280701755, "f1-score": 0.23380855397148675, "support": 798}, "car_horn": {"precision": 0.631578947368421, "recall": 0.15894039735099338, "f1-score": 0.25396825396825395, "support": 151}, "children_playing": {"precision": 0.43379978471474706, "recall": 0.5101265822784811, "f1-score": 0.46887725421756843, "support": 790}, "dog_bark": {"precision": 0.5145482388973966, "recall": 0.5535420098846787, "f1-score": 0.5333333333333333, "support": 607}, "drilling": {"precision": 0.6099137931034483, "recall": 0.3952513966480447, "f1-score": 0.47966101694915253, "support": 716}, "engine_idling": {"precision": 0.5846501128668171, "recall": 0.32578616352201256, "f1-score": 0.4184168012924071, "support": 795}, "gun_shot": {"precision": 0.84, "recall": 0.4772727272727273, "f1-score": 0.6086956521739131, "support": 88}, "jackhammer": {"precision": 0.45185185185185184, "recall": 0.20771850170261066, "f1-score": 0.2846034214618974, "support": 881}, "siren": {"precision": 0.6498237367802585, "recall": 0.6768665850673194, "f1-score": 0.6630695443645084, "support": 817}, "street_music": {"precision": 0.25813221406086045, "recall": 0.3075, "f1-score": 0.28066172276098117, "support": 800}, "accuracy": 0.4060220394226292, "macro avg": {"precision": 0.5147503266246094, "recall": 0.39726534865338853, "f1-score": 0.4225095554493502, "support": 6443}, "weighted avg": {"precision": 0.4655481380362348, "recall": 0.4060220394226292, "f1-score": 0.4137376174764157, "support": 6443}}, "finalAcc": 0.5384398698806763, "finalVal": 0.4340052008628845, "finalAccData": [0.132310152053833, 0.1536186933517456, 0.15075565874576569, 0.16033042967319489, 0.16216088831424713, 0.16924810409545898, 0.178822860121727, 0.18412654101848602, 0.1903689056634903, 0.19834788143634796, 0.21787290275096893, 0.2314840853214264, 0.23622453212738037, 0.2504458725452423, 0.2603961229324341, 0.2783253490924835, 0.30362337827682495, 0.31516942381858826, 0.33103349804878235, 0.3599455654621124, 0.38242748379707336, 0.41133952140808105, 0.43264809250831604, 0.453909695148468, 0.4756406545639038, 0.4889233112335205, 0.5026752948760986, 0.5214962959289551, 0.5282080173492432, 0.5384398698806763], "finalValData": [0.20968790352344513, 0.18855656683444977, 0.18628089129924774, 0.17717815935611725, 0.1739271730184555, 0.20253576338291168, 0.17685306072235107, 0.2191157341003418, 0.21586476266384125, 0.20708712935447693, 0.21944083273410797, 0.20416124165058136, 0.21488946676254272, 0.21749024093151093, 0.2395968735218048, 0.27275681495666504, 0.30656698346138, 0.29193758964538574, 0.2782834768295288, 0.30851754546165466, 0.3348504602909088, 0.33842653036117554, 0.42490246891975403, 0.3907672166824341, 0.40149545669555664, 0.4122236669063568, 0.4327048063278198, 0.4405071437358856, 0.41417425870895386, 0.4340052008628845]}