{"parameters": [[128, 0.3, 30, 16]], "report": {"air_conditioner": {"precision": 0.14263074484944532, "recall": 0.22556390977443608, "f1-score": 0.17475728155339804, "support": 798}, "car_horn": {"precision": 0.35185185185185186, "recall": 0.12582781456953643, "f1-score": 0.1853658536585366, "support": 151}, "children_playing": {"precision": 0.39854413102820746, "recall": 0.5544303797468354, "f1-score": 0.46373742721016403, "support": 790}, "dog_bark": {"precision": 0.48751835535976507, "recall": 0.5469522240527183, "f1-score": 0.5155279503105591, "support": 607}, "drilling": {"precision": 0.58298755186722, "recall": 0.3924581005586592, "f1-score": 0.4691151919866444, "support": 716}, "engine_idling": {"precision": 0.47234678624813153, "recall": 0.39748427672955977, "f1-score": 0.43169398907103823, "support": 795}, "gun_shot": {"precision": 0.9215686274509803, "recall": 0.5340909090909091, "f1-score": 0.6762589928057553, "support": 88}, "jackhammer": {"precision": 0.4266666666666667, "recall": 0.18161180476730987, "f1-score": 0.2547770700636942, "support": 881}, "siren": {"precision": 0.6589805825242718, "recall": 0.6646266829865362, "f1-score": 0.6617915904936015, "support": 817}, "street_music": {"precision": 0.23890063424947147, "recall": 0.2825, "f1-score": 0.25887743413516606, "support": 800}, "accuracy": 0.39453670650318173, "macro avg": {"precision": 0.46819959320960114, "recall": 0.3905546102276499, "f1-score": 0.4091902781288558, "support": 6443}, "weighted avg": {"precision": 0.42793050866215565, "recall": 0.39453670650318173, "f1-score": 0.3969521734479169, "support": 6443}}, "finalAcc": 0.5892236828804016, "finalVal": 0.4190507233142853, "finalAccData": [0.13568948209285736, 0.16615037620067596, 0.18107575178146362, 0.2164648473262787, 0.23941612243652344, 0.2591288983821869, 0.27076879143714905, 0.2952220141887665, 0.3129165470600128, 0.3224443793296814, 0.3370411992073059, 0.34825870394706726, 0.3631371557712555, 0.3731343150138855, 0.3827090859413147, 0.4031728208065033, 0.414671927690506, 0.4321317970752716, 0.44527363777160645, 0.4730122983455658, 0.49985918402671814, 0.514737606048584, 0.5290997624397278, 0.5345911979675293, 0.5508307814598083, 0.5580118298530579, 0.5620951652526855, 0.5734534859657288, 0.5851872563362122, 0.5892236828804016], "finalValData": [0.1482444703578949, 0.19375813007354736, 0.2191157341003418, 0.2243172973394394, 0.229518860578537, 0.2486996054649353, 0.25552666187286377, 0.30071520805358887, 0.2948634624481201, 0.32022106647491455, 0.3260728120803833, 0.32152146100997925, 0.3042912781238556, 0.3195708692073822, 0.32152146100997925, 0.3130689263343811, 0.32022106647491455, 0.32542261481285095, 0.37418726086616516, 0.3501300513744354, 0.37711313366889954, 0.37841352820396423, 0.3998699486255646, 0.39596879482269287, 0.40019506216049194, 0.38459038734436035, 0.3901170492172241, 0.3982444703578949, 0.3875162601470947, 0.4190507233142853]}