{"parameters": [[512, 0.5, 50, 32]], "report": {"air_conditioner": {"precision": 0.1638418079096045, "recall": 0.2543859649122807, "f1-score": 0.1993127147766323, "support": 798}, "car_horn": {"precision": 0.38461538461538464, "recall": 0.1986754966887417, "f1-score": 0.26200873362445415, "support": 151}, "children_playing": {"precision": 0.4314079422382672, "recall": 0.6050632911392405, "f1-score": 0.5036880927291886, "support": 790}, "dog_bark": {"precision": 0.49793672627235214, "recall": 0.5963756177924218, "f1-score": 0.5427286356821589, "support": 607}, "drilling": {"precision": 0.5951903807615231, "recall": 0.41480446927374304, "f1-score": 0.488888888888889, "support": 716}, "engine_idling": {"precision": 0.4369565217391304, "recall": 0.2528301886792453, "f1-score": 0.3203187250996016, "support": 795}, "gun_shot": {"precision": 0.9423076923076923, "recall": 0.5568181818181818, "f1-score": 0.7, "support": 88}, "jackhammer": {"precision": 0.3893805309734513, "recall": 0.14982973893303064, "f1-score": 0.2163934426229508, "support": 881}, "siren": {"precision": 0.7978395061728395, "recall": 0.6328029375764994, "f1-score": 0.70580204778157, "support": 817}, "street_music": {"precision": 0.2722351121423047, "recall": 0.44, "f1-score": 0.336359292881032, "support": 800}, "accuracy": 0.40679807543069996, "macro avg": {"precision": 0.491171160513255, "recall": 0.41015858868133853, "f1-score": 0.4275500574086477, "support": 6443}, "weighted avg": {"precision": 0.4502575805339029, "recall": 0.40679807543069996, "f1-score": 0.407982756708985, "support": 6443}}, "finalAcc": 0.691025972366333, "finalVal": 0.42457738518714905, "finalAccData": [0.14930066466331482, 0.1771332025527954, 0.2064676582813263, 0.221064493060112, 0.24232611060142517, 0.2502112090587616, 0.26424482464790344, 0.28358209133148193, 0.291185587644577, 0.3130573630332947, 0.3191589117050171, 0.34131231904029846, 0.34609970450401306, 0.36764290928840637, 0.3860414922237396, 0.38890454173088074, 0.4046747386455536, 0.4207734763622284, 0.432084858417511, 0.4436778426170349, 0.46569040417671204, 0.4825401306152344, 0.49380457401275635, 0.5037547945976257, 0.5089176893234253, 0.5187740325927734, 0.5270346403121948, 0.5342156887054443, 0.5444006323814392, 0.5540223121643066, 0.5607340931892395, 0.5706843137741089, 0.5843424201011658, 0.5859851837158203, 0.6022247076034546, 0.6103914380073547, 0.6143808960914612, 0.624565839767456, 0.6278043985366821, 0.6346099972724915, 0.641462504863739, 0.6441847085952759, 0.6578428745269775, 0.6610813736915588, 0.6684032678604126, 0.6702337265014648, 0.6734722852706909, 0.6838918328285217, 0.6885384321212769, 0.691025972366333], "finalValData": [0.2951885461807251, 0.2552015483379364, 0.23992197215557098, 0.26755526661872864, 0.2812093496322632, 0.2421976625919342, 0.27145645022392273, 0.2916124761104584, 0.2912873923778534, 0.286410927772522, 0.32542261481285095, 0.3003901243209839, 0.3081924617290497, 0.32964888215065, 0.3182704746723175, 0.3416775166988373, 0.3312743902206421, 0.3224967420101166, 0.36508452892303467, 0.36540961265563965, 0.3579323887825012, 0.3569570779800415, 0.3686605989933014, 0.365734726190567, 0.3712613880634308, 0.3598829507827759, 0.36768531799316406, 0.37418726086616516, 0.37321195006370544, 0.4005201458930969, 0.3891417384147644, 0.40279585123062134, 0.3992197513580322, 0.4112483859062195, 0.4135240614414215, 0.4148244559764862, 0.3946684002876282, 0.4070221185684204, 0.40247073769569397, 0.40637192130088806, 0.41579973697662354, 0.4216514825820923, 0.40767231583595276, 0.3979193866252899, 0.42197659611701965, 0.4112483859062195, 0.4535110592842102, 0.40409621596336365, 0.4421326518058777, 0.42457738518714905]}