{"parameters": [[256, 0.3, 30, 32]], "report": {"air_conditioner": {"precision": 0.18454106280193236, "recall": 0.23934837092731828, "f1-score": 0.2084015275504637, "support": 798}, "car_horn": {"precision": 0.45454545454545453, "recall": 0.26490066225165565, "f1-score": 0.33472803347280333, "support": 151}, "children_playing": {"precision": 0.39148936170212767, "recall": 0.5822784810126582, "f1-score": 0.4681933842239186, "support": 790}, "dog_bark": {"precision": 0.5909090909090909, "recall": 0.5782537067545305, "f1-score": 0.5845129059117402, "support": 607}, "drilling": {"precision": 0.5744274809160306, "recall": 0.420391061452514, "f1-score": 0.485483870967742, "support": 716}, "engine_idling": {"precision": 0.49005424954792043, "recall": 0.34088050314465407, "f1-score": 0.4020771513353115, "support": 795}, "gun_shot": {"precision": 0.9230769230769231, "recall": 0.5454545454545454, "f1-score": 0.6857142857142856, "support": 88}, "jackhammer": {"precision": 0.4743276283618582, "recall": 0.22020431328036322, "f1-score": 0.3007751937984496, "support": 881}, "siren": {"precision": 0.7044585987261146, "recall": 0.6768665850673194, "f1-score": 0.6903870162297128, "support": 817}, "street_music": {"precision": 0.2785016286644951, "recall": 0.4275, "f1-score": 0.33727810650887574, "support": 800}, "accuracy": 0.42697501164054014, "macro avg": {"precision": 0.5066331479251948, "recall": 0.4296078229345559, "f1-score": 0.4497551475713303, "support": 6443}, "weighted avg": {"precision": 0.46285878291380994, "recall": 0.42697501164054014, "f1-score": 0.4296093010609232, "support": 6443}}, "finalAcc": 0.6633812189102173, "finalVal": 0.4707412123680115, "finalAccData": [0.17065615952014923, 0.21965643763542175, 0.2537313401699066, 0.2931099236011505, 0.33197221159935, 0.3682061433792114, 0.3936449885368347, 0.41767576336860657, 0.4384680390357971, 0.45742982625961304, 0.4754529297351837, 0.49033135175704956, 0.5025345087051392, 0.516192615032196, 0.5379705429077148, 0.5467943549156189, 0.5560405254364014, 0.5623767971992493, 0.5765042901039124, 0.5808222889900208, 0.5959823727607727, 0.6005820035934448, 0.6030226349830627, 0.6169623732566833, 0.6295409798622131, 0.6321693658828735, 0.6385055780410767, 0.6463437676429749, 0.6555430293083191, 0.6633812189102173], "finalValData": [0.21163849532604218, 0.31014305353164673, 0.3377763330936432, 0.3195708692073822, 0.32542261481285095, 0.33289986848831177, 0.38621586561203003, 0.37938880920410156, 0.3803641200065613, 0.39109233021736145, 0.40019506216049194, 0.3917425274848938, 0.3790637254714966, 0.3920676112174988, 0.40247073769569397, 0.42717814445495605, 0.4011703431606293, 0.41677501797676086, 0.4099479913711548, 0.39629387855529785, 0.47204160690307617, 0.4678153395652771, 0.5009753108024597, 0.481794536113739, 0.46456438302993774, 0.44635891914367676, 0.47854354977607727, 0.44538360834121704, 0.4951235353946686, 0.4707412123680115]}