{"parameters": [[64, 0.5, 30, 16]], "report": {"air_conditioner": {"precision": 0.13785100951496868, "recall": 0.7443609022556391, "f1-score": 0.2326218915214412, "support": 798}, "car_horn": {"precision": 0.0, "recall": 0.0, "f1-score": 0.0, "support": 151}, "children_playing": {"precision": 0.0, "recall": 0.0, "f1-score": 0.0, "support": 790}, "dog_bark": {"precision": 0.465979381443299, "recall": 0.3723228995057661, "f1-score": 0.41391941391941395, "support": 607}, "drilling": {"precision": 0.6146044624746451, "recall": 0.4231843575418994, "f1-score": 0.501240694789082, "support": 716}, "engine_idling": {"precision": 0.32663316582914576, "recall": 0.16352201257861634, "f1-score": 0.2179379715004191, "support": 795}, "gun_shot": {"precision": 0.0, "recall": 0.0, "f1-score": 0.0, "support": 88}, "jackhammer": {"precision": 0.4957805907172996, "recall": 0.2667423382519864, "f1-score": 0.3468634686346864, "support": 881}, "siren": {"precision": 0.0, "recall": 0.0, "f1-score": 0.0, "support": 817}, "street_music": {"precision": 0.13380281690140844, "recall": 0.0475, "f1-score": 0.07011070110701108, "support": 800}, "accuracy": 0.23684618966320037, "macro avg": {"precision": 0.21746514268807665, "recall": 0.20176325101339074, "f1-score": 0.17826941414720535, "support": 6443}, "weighted avg": {"precision": 0.25398257116841716, "recall": 0.23684618966320037, "f1-score": 0.20653510092313798, "support": 6443}}, "finalAcc": 0.24678494036197662, "finalVal": 0.24804940819740295, "finalAccData": [0.12874308228492737, 0.13625270128250122, 0.13747301697731018, 0.13277949392795563, 0.13094903528690338, 0.1351262629032135, 0.1355486661195755, 0.1333896517753601, 0.1370975375175476, 0.1390688121318817, 0.140570729970932, 0.14418473839759827, 0.14878438413143158, 0.15023936331272125, 0.15150661766529083, 0.15662254393100739, 0.15934479236602783, 0.16004881262779236, 0.16159766912460327, 0.1749272495508194, 0.18774054944515228, 0.19337275624275208, 0.20107011497020721, 0.20721861720085144, 0.22153383493423462, 0.21899934113025665, 0.2326105386018753, 0.23491035401821136, 0.24321787059307098, 0.24678494036197662], "finalValData": [0.1508452594280243, 0.1339401751756668, 0.13686606287956238, 0.1326397955417633, 0.1365409642457962, 0.13361509144306183, 0.1378413587808609, 0.13589076697826385, 0.13686606287956238, 0.14109233021736145, 0.1482444703578949, 0.15377113223075867, 0.15117035806179047, 0.1635240614414215, 0.15669700503349304, 0.15702210366725922, 0.15799739956855774, 0.16710013151168823, 0.17197659611701965, 0.13491547107696533, 0.14759427309036255, 0.13979193568229675, 0.1495448648929596, 0.20188556611537933, 0.19765929877758026, 0.18530559539794922, 0.24024707078933716, 0.22886866331100464, 0.23407022655010223, 0.24804940819740295]}