{"parameters": [[256, 0.4, 40, 16]], "report": {"air_conditioner": {"precision": 0.2332730560578662, "recall": 0.16165413533834586, "f1-score": 0.19096965210954847, "support": 798}, "car_horn": {"precision": 0.6067415730337079, "recall": 0.3576158940397351, "f1-score": 0.45, "support": 151}, "children_playing": {"precision": 0.39845758354755784, "recall": 0.5886075949367089, "f1-score": 0.4752171691364333, "support": 790}, "dog_bark": {"precision": 0.6051660516605166, "recall": 0.5403624382207578, "f1-score": 0.5709312445604875, "support": 607}, "drilling": {"precision": 0.6042105263157894, "recall": 0.40083798882681565, "f1-score": 0.48194794290512183, "support": 716}, "engine_idling": {"precision": 0.42857142857142855, "recall": 0.30566037735849055, "f1-score": 0.3568281938325991, "support": 795}, "gun_shot": {"precision": 0.896551724137931, "recall": 0.5909090909090909, "f1-score": 0.7123287671232877, "support": 88}, "jackhammer": {"precision": 0.4708029197080292, "recall": 0.14642451759364358, "f1-score": 0.22337662337662337, "support": 881}, "siren": {"precision": 0.7788873038516405, "recall": 0.6682986536107711, "f1-score": 0.7193675889328063, "support": 817}, "street_music": {"precision": 0.24343083787803668, "recall": 0.61375, "f1-score": 0.3485977990770323, "support": 800}, "accuracy": 0.4227844171969579, "macro avg": {"precision": 0.5266093004762504, "recall": 0.437412069083436, "f1-score": 0.452956498105394, "support": 6443}, "weighted avg": {"precision": 0.4746214038049501, "recall": 0.4227844171969579, "f1-score": 0.4186178874418414, "support": 6443}}, "finalAcc": 0.694593071937561, "finalVal": 0.41287386417388916, "finalAccData": [0.15544916689395905, 0.1938890516757965, 0.2101755440235138, 0.24213837087154388, 0.2672017216682434, 0.2831127345561981, 0.3056415915489197, 0.32971933484077454, 0.3530930280685425, 0.3688162863254547, 0.3805970251560211, 0.3933633863925934, 0.40411150455474854, 0.4286586046218872, 0.4569604694843292, 0.4785037040710449, 0.4856378436088562, 0.5064300894737244, 0.5255327224731445, 0.5422885417938232, 0.5536937713623047, 0.5666009783744812, 0.575659453868866, 0.5875340104103088, 0.6006289124488831, 0.6053224205970764, 0.6156481504440308, 0.6293063163757324, 0.6306204795837402, 0.6401013731956482, 0.6466253399848938, 0.652398407459259, 0.6557307839393616, 0.6651647686958313, 0.6672767996788025, 0.6718295216560364, 0.679808497428894, 0.6869896054267883, 0.6848305463790894, 0.694593071937561], "finalValData": [0.20676203072071075, 0.20253576338291168, 0.2165149599313736, 0.22496749460697174, 0.26462939381599426, 0.2447984367609024, 0.2951885461807251, 0.30104032158851624, 0.32184654474258423, 0.3299739956855774, 0.3237971365451813, 0.35500651597976685, 0.36540961265563965, 0.32152146100997925, 0.3644343316555023, 0.38068920373916626, 0.37548765540122986, 0.37288686633110046, 0.3553315997123718, 0.41189858317375183, 0.3881664574146271, 0.40149545669555664, 0.404746413230896, 0.41710013151168823, 0.40247073769569397, 0.4008452594280243, 0.41287386417388916, 0.4304291307926178, 0.43628087639808655, 0.386540949344635, 0.42490246891975403, 0.4496098756790161, 0.4138491451740265, 0.3761378526687622, 0.43498048186302185, 0.4151495397090912, 0.39271780848503113, 0.4018205404281616, 0.4262028634548187, 0.41287386417388916]}