{"parameters": [[64, 0.3, 30, 32]], "report": {"air_conditioner": {"precision": 0.132952691680261, "recall": 0.40852130325814534, "f1-score": 0.2006153846153846, "support": 798}, "car_horn": {"precision": 0.0, "recall": 0.0, "f1-score": 0.0, "support": 151}, "children_playing": {"precision": 0.21160130718954248, "recall": 0.3278481012658228, "f1-score": 0.2571996027805363, "support": 790}, "dog_bark": {"precision": 0.38247011952191234, "recall": 0.4744645799011532, "f1-score": 0.4235294117647059, "support": 607}, "drilling": {"precision": 0.6087912087912087, "recall": 0.38687150837988826, "f1-score": 0.47309991460290346, "support": 716}, "engine_idling": {"precision": 0.3492063492063492, "recall": 0.13836477987421383, "f1-score": 0.1981981981981982, "support": 795}, "gun_shot": {"precision": 0.0, "recall": 0.0, "f1-score": 0.0, "support": 88}, "jackhammer": {"precision": 0.41388888888888886, "recall": 0.16912599318955732, "f1-score": 0.2401289282836422, "support": 881}, "siren": {"precision": 0.6054794520547945, "recall": 0.5410036719706243, "f1-score": 0.5714285714285714, "support": 817}, "street_music": {"precision": 0.2012987012987013, "recall": 0.03875, "f1-score": 0.0649895178197065, "support": 800}, "accuracy": 0.2920999534378395, "macro avg": {"precision": 0.2905688718631659, "recall": 0.24849499378394052, "f1-score": 0.24291895294936486, "support": 6443}, "weighted avg": {"precision": 0.3475533106911035, "recall": 0.2920999534378395, "f1-score": 0.28667865364192463, "support": 6443}}, "finalAcc": 0.35520511865615845, "finalVal": 0.3078673481941223, "finalAccData": [0.12442504614591599, 0.13700366020202637, 0.13648737967014313, 0.1384117156267166, 0.14235426485538483, 0.1536186933517456, 0.16333426535129547, 0.17680466175079346, 0.18009011447429657, 0.194499209523201, 0.20186801254749298, 0.2208767533302307, 0.23289214074611664, 0.2443443089723587, 0.2502112090587616, 0.2567352056503296, 0.2630714476108551, 0.26424482464790344, 0.27691730856895447, 0.2759316563606262, 0.284990131855011, 0.289402037858963, 0.2910917103290558, 0.30061954259872437, 0.30869239568710327, 0.3104289770126343, 0.32450953125953674, 0.33600863814353943, 0.34675678610801697, 0.35520511865615845], "finalValData": [0.13101430237293243, 0.13328999280929565, 0.1430429071187973, 0.13881663978099823, 0.1469440758228302, 0.1573472023010254, 0.16644993424415588, 0.17880363762378693, 0.17717815935611725, 0.19765929877758026, 0.21456436812877655, 0.25585174560546875, 0.250325083732605, 0.2529258728027344, 0.2447984367609024, 0.25682705640792847, 0.23146943747997284, 0.2539011836051941, 0.2529258728027344, 0.25975292921066284, 0.2851105332374573, 0.2587776184082031, 0.2639791965484619, 0.26853054761886597, 0.2860858142375946, 0.31501951813697815, 0.32964888215065, 0.3377763330936432, 0.3322496712207794, 0.3078673481941223]}