{"parameters": [[512, 0.5, 50, 16]], "report": {"air_conditioner": {"precision": 0.22632226322263221, "recall": 0.23057644110275688, "f1-score": 0.22842954686530104, "support": 798}, "car_horn": {"precision": 0.59375, "recall": 0.37748344370860926, "f1-score": 0.46153846153846156, "support": 151}, "children_playing": {"precision": 0.37824207492795386, "recall": 0.6645569620253164, "f1-score": 0.4820936639118457, "support": 790}, "dog_bark": {"precision": 0.64, "recall": 0.5535420098846787, "f1-score": 0.5936395759717314, "support": 607}, "drilling": {"precision": 0.5479204339963833, "recall": 0.4231843575418994, "f1-score": 0.4775413711583924, "support": 716}, "engine_idling": {"precision": 0.4057142857142857, "recall": 0.2679245283018868, "f1-score": 0.32272727272727275, "support": 795}, "gun_shot": {"precision": 0.8727272727272727, "recall": 0.5454545454545454, "f1-score": 0.6713286713286714, "support": 88}, "jackhammer": {"precision": 0.2956521739130435, "recall": 0.1543700340522134, "f1-score": 0.20283370618941088, "support": 881}, "siren": {"precision": 0.8166915052160953, "recall": 0.6707466340269278, "f1-score": 0.7365591397849462, "support": 817}, "street_music": {"precision": 0.2748710390567428, "recall": 0.46625, "f1-score": 0.3458507185906351, "support": 800}, "accuracy": 0.42262920999534376, "macro avg": {"precision": 0.505189104877441, "recall": 0.4354088956098834, "f1-score": 0.4522542128066669, "support": 6443}, "weighted avg": {"precision": 0.4496057580868147, "recall": 0.42262920999534376, "f1-score": 0.42028292985724214, "support": 6443}}, "finalAcc": 0.7327044010162354, "finalVal": 0.3982444703578949, "finalAccData": [0.16155073046684265, 0.18825682997703552, 0.2380550056695938, 0.2556087374687195, 0.280249685049057, 0.2978973090648651, 0.315451055765152, 0.33671265840530396, 0.3600394129753113, 0.3740260899066925, 0.3958039879798889, 0.4138270914554596, 0.43415001034736633, 0.4540505111217499, 0.4743734300136566, 0.485215425491333, 0.5060546398162842, 0.5183985829353333, 0.5378296971321106, 0.5464657545089722, 0.5645827651023865, 0.5771144032478333, 0.5969679951667786, 0.5991739630699158, 0.614333987236023, 0.6241434216499329, 0.6248474717140198, 0.63615882396698, 0.6449357271194458, 0.6536656618118286, 0.6586407423019409, 0.6637097597122192, 0.665727972984314, 0.6741293668746948, 0.6851121783256531, 0.6845020055770874, 0.6902750134468079, 0.6975969076156616, 0.6961419582366943, 0.7052004337310791, 0.7072655558586121, 0.711114227771759, 0.7163240313529968, 0.7157138586044312, 0.7269783020019531, 0.7224255800247192, 0.7228010892868042, 0.7286210656166077, 0.7342532873153687, 0.7327044010162354], "finalValData": [0.2925877869129181, 0.24642392992973328, 0.22171650826931, 0.2356957048177719, 0.29811444878578186, 0.2548764646053314, 0.3182704746723175, 0.3120936155319214, 0.2844603359699249, 0.32054615020751953, 0.3000650107860565, 0.2870611250400543, 0.3325747847557068, 0.38979193568229675, 0.3426527976989746, 0.3387516140937805, 0.3647594153881073, 0.3611833453178406, 0.34720414876937866, 0.3852405846118927, 0.39856958389282227, 0.3673602044582367, 0.41059818863868713, 0.44538360834121704, 0.41937580704689026, 0.40637192130088806, 0.4008452594280243, 0.43888166546821594, 0.43758127093315125, 0.4255526661872864, 0.43595579266548157, 0.40799739956855774, 0.44343301653862, 0.4242522716522217, 0.42977893352508545, 0.4122236669063568, 0.4174252152442932, 0.45286086201667786, 0.44408321380615234, 0.4470091164112091, 0.44635891914367676, 0.4216514825820923, 0.47496747970581055, 0.4320546090602875, 0.41840052604675293, 0.4421326518058777, 0.43628087639808655, 0.44278284907341003, 0.44505852460861206, 0.3982444703578949]}