{"parameters": [[256, 0.3, 30, 16]], "report": {"air_conditioner": {"precision": 0.2102728731942215, "recall": 0.16416040100250626, "f1-score": 0.18437719915552425, "support": 798}, "car_horn": {"precision": 0.4, "recall": 0.3443708609271523, "f1-score": 0.3701067615658363, "support": 151}, "children_playing": {"precision": 0.4105754276827372, "recall": 0.6683544303797468, "f1-score": 0.508670520231214, "support": 790}, "dog_bark": {"precision": 0.5041436464088398, "recall": 0.6013179571663921, "f1-score": 0.5484598046581517, "support": 607}, "drilling": {"precision": 0.5516431924882629, "recall": 0.32821229050279327, "f1-score": 0.4115586690017513, "support": 716}, "engine_idling": {"precision": 0.39144215530903326, "recall": 0.31069182389937106, "f1-score": 0.34642356241234223, "support": 795}, "gun_shot": {"precision": 0.8545454545454545, "recall": 0.5340909090909091, "f1-score": 0.6573426573426572, "support": 88}, "jackhammer": {"precision": 0.2778761061946903, "recall": 0.1782065834279228, "f1-score": 0.21715076071922543, "support": 881}, "siren": {"precision": 0.6991037131882202, "recall": 0.6682986536107711, "f1-score": 0.683354192740926, "support": 817}, "street_music": {"precision": 0.2561374795417349, "recall": 0.39125, "f1-score": 0.3095944609297725, "support": 800}, "accuracy": 0.40679807543069996, "macro avg": {"precision": 0.4555740048553195, "recall": 0.4188953910007565, "f1-score": 0.42370385887574, "support": 6443}, "weighted avg": {"precision": 0.41297953441044244, "recall": 0.40679807543069996, "f1-score": 0.397795839780959, "support": 6443}}, "finalAcc": 0.7200319170951843, "finalVal": 0.3826397955417633, "finalAccData": [0.186661034822464, 0.25748616456985474, 0.31216558814048767, 0.3533746302127838, 0.39716511964797974, 0.4290340840816498, 0.4573359489440918, 0.4766732454299927, 0.5064300894737244, 0.5125786066055298, 0.5376420021057129, 0.5454332232475281, 0.5576363205909729, 0.5762226581573486, 0.5818079710006714, 0.5994555354118347, 0.6014268398284912, 0.6151319146156311, 0.6231108903884888, 0.6311367750167847, 0.6445133090019226, 0.6504740715026855, 0.6674176454544067, 0.6754904985427856, 0.6828593015670776, 0.6958603262901306, 0.6974561214447021, 0.707969605922699, 0.7140711545944214, 0.7200319170951843], "finalValData": [0.27893367409706116, 0.32509753108024597, 0.3953185975551605, 0.35890766978263855, 0.34460338950157166, 0.3787386119365692, 0.39239272475242615, 0.38231468200683594, 0.3647594153881073, 0.3813394010066986, 0.3829648792743683, 0.36671000719070435, 0.3917425274848938, 0.4138491451740265, 0.3930429220199585, 0.4011703431606293, 0.3917425274848938, 0.39141741394996643, 0.36410921812057495, 0.4213263988494873, 0.42230167984962463, 0.4187256097793579, 0.384265273809433, 0.39889466762542725, 0.3966189920902252, 0.3930429220199585, 0.40669700503349304, 0.38328999280929565, 0.39109233021736145, 0.3826397955417633]}