{"parameters": [[256, 0.4, 30, 16]], "report": {"air_conditioner": {"precision": 0.21034180543382996, "recall": 0.3007518796992481, "f1-score": 0.2475502836513667, "support": 798}, "car_horn": {"precision": 0.34831460674157305, "recall": 0.2052980132450331, "f1-score": 0.2583333333333333, "support": 151}, "children_playing": {"precision": 0.4094558429973238, "recall": 0.5810126582278481, "f1-score": 0.4803767660910518, "support": 790}, "dog_bark": {"precision": 0.5247208931419458, "recall": 0.5420098846787479, "f1-score": 0.53322528363047, "support": 607}, "drilling": {"precision": 0.5826446280991735, "recall": 0.39385474860335196, "f1-score": 0.47, "support": 716}, "engine_idling": {"precision": 0.375186846038864, "recall": 0.31572327044025156, "f1-score": 0.34289617486338797, "support": 795}, "gun_shot": {"precision": 0.8571428571428571, "recall": 0.5454545454545454, "f1-score": 0.6666666666666665, "support": 88}, "jackhammer": {"precision": 0.40583554376657827, "recall": 0.17366628830874006, "f1-score": 0.24324324324324323, "support": 881}, "siren": {"precision": 0.7355623100303952, "recall": 0.5924112607099143, "f1-score": 0.656271186440678, "support": 817}, "street_music": {"precision": 0.23587223587223588, "recall": 0.36, "f1-score": 0.285007422068283, "support": 800}, "accuracy": 0.3981064721403073, "macro avg": {"precision": 0.4685077569264776, "recall": 0.40101825493676807, "f1-score": 0.41835703599884805, "support": 6443}, "weighted avg": {"precision": 0.4346566727081599, "recall": 0.3981064721403073, "f1-score": 0.40136345988200645, "support": 6443}}, "finalAcc": 0.6281329393386841, "finalVal": 0.43595579266548157, "finalAccData": [0.14000751078128815, 0.16868488490581512, 0.1892894059419632, 0.21449357271194458, 0.23894678056240082, 0.26865673065185547, 0.3002440631389618, 0.3200506865978241, 0.3448793888092041, 0.3601332902908325, 0.3701304793357849, 0.3853844106197357, 0.38524359464645386, 0.4151412844657898, 0.44597765803337097, 0.46512719988822937, 0.48901718854904175, 0.5019243359565735, 0.518633246421814, 0.5278794765472412, 0.5419600009918213, 0.5467004776000977, 0.5597484111785889, 0.571810781955719, 0.5871585607528687, 0.6032103896141052, 0.6095935702323914, 0.6200131177902222, 0.6259738802909851, 0.6281329393386841], "finalValData": [0.20513653755187988, 0.19375813007354736, 0.23049414157867432, 0.22659297287464142, 0.25065019726753235, 0.26885566115379333, 0.2760078012943268, 0.3351755440235138, 0.3159947991371155, 0.33420026302337646, 0.3403771221637726, 0.3211963474750519, 0.31371912360191345, 0.29973992705345154, 0.3670351207256317, 0.40637192130088806, 0.35370612144470215, 0.3673602044582367, 0.34232768416404724, 0.3826397955417633, 0.37288686633110046, 0.3816644847393036, 0.3751625418663025, 0.4255526661872864, 0.4018205404281616, 0.39239272475242615, 0.37418726086616516, 0.3374512493610382, 0.40897268056869507, 0.43595579266548157]}