{"parameters": [[128, 0.3, 40, 32]], "report": {"air_conditioner": {"precision": 0.14655810510732792, "recall": 0.24812030075187969, "f1-score": 0.1842717543043276, "support": 798}, "car_horn": {"precision": 0.4827586206896552, "recall": 0.09271523178807947, "f1-score": 0.15555555555555559, "support": 151}, "children_playing": {"precision": 0.3681858802502234, "recall": 0.5215189873417722, "f1-score": 0.4316396018858041, "support": 790}, "dog_bark": {"precision": 0.5382003395585738, "recall": 0.5222405271828665, "f1-score": 0.5301003344481606, "support": 607}, "drilling": {"precision": 0.5553319919517102, "recall": 0.3854748603351955, "f1-score": 0.45507007419620776, "support": 716}, "engine_idling": {"precision": 0.3058637083993661, "recall": 0.24276729559748428, "f1-score": 0.270687237026648, "support": 795}, "gun_shot": {"precision": 0.7884615384615384, "recall": 0.4659090909090909, "f1-score": 0.5857142857142857, "support": 88}, "jackhammer": {"precision": 0.4899536321483771, "recall": 0.3598183881952327, "f1-score": 0.41492146596858637, "support": 881}, "siren": {"precision": 0.7272727272727273, "recall": 0.6070991432068543, "f1-score": 0.6617745163442293, "support": 817}, "street_music": {"precision": 0.28132387706855794, "recall": 0.2975, "f1-score": 0.2891859052247874, "support": 800}, "accuracy": 0.38832841843861554, "macro avg": {"precision": 0.4683910420908058, "recall": 0.3743163825308455, "f1-score": 0.39789207306685925, "support": 6443}, "weighted avg": {"precision": 0.42968468270501897, "recall": 0.38832841843861554, "f1-score": 0.3978639820857485, "support": 6443}}, "finalAcc": 0.5687599778175354, "finalVal": 0.44115734100341797, "finalAccData": [0.13188773393630981, 0.1884445697069168, 0.19111987948417664, 0.20468412339687347, 0.2158546894788742, 0.22852717339992523, 0.24317093193531036, 0.25490471720695496, 0.26945462822914124, 0.27452361583709717, 0.2865389883518219, 0.2974279522895813, 0.31732845306396484, 0.3294377028942108, 0.33732283115386963, 0.3415469825267792, 0.3505585193634033, 0.35849055647850037, 0.3657185733318329, 0.36646953225135803, 0.37867268919944763, 0.3849150538444519, 0.3850558400154114, 0.396038681268692, 0.40570729970932007, 0.4075847268104553, 0.42936262488365173, 0.4464939534664154, 0.4518914818763733, 0.46597203612327576, 0.4730122983455658, 0.48817235231399536, 0.492631196975708, 0.505632221698761, 0.5156294107437134, 0.521824836730957, 0.535154402256012, 0.5549610257148743, 0.5600300431251526, 0.5687599778175354], "finalValData": [0.23764629662036896, 0.19018206000328064, 0.1882314682006836, 0.19278283417224884, 0.1895318627357483, 0.19668400287628174, 0.22366710007190704, 0.21553966403007507, 0.21326397359371185, 0.2356957048177719, 0.2308192402124405, 0.25975292921066284, 0.26983094215393066, 0.288686603307724, 0.30461639165878296, 0.30494147539138794, 0.3107932507991791, 0.3107932507991791, 0.3221716582775116, 0.32932379841804504, 0.3322496712207794, 0.3374512493610382, 0.3283485174179077, 0.32639792561531067, 0.3488296568393707, 0.37061119079589844, 0.4148244559764862, 0.38231468200683594, 0.39726918935775757, 0.3777633309364319, 0.4096228778362274, 0.38849154114723206, 0.4190507233142853, 0.39271780848503113, 0.4099479913711548, 0.3930429220199585, 0.4190507233142853, 0.4320546090602875, 0.4122236669063568, 0.44115734100341797]}