{"parameters": [[64, 0.3, 50, 16]], "report": {"air_conditioner": {"precision": 0.1282051282051282, "recall": 0.2568922305764411, "f1-score": 0.17104714226115977, "support": 798}, "car_horn": {"precision": 0.17647058823529413, "recall": 0.019867549668874173, "f1-score": 0.03571428571428572, "support": 151}, "children_playing": {"precision": 0.4260869565217391, "recall": 0.4341772151898734, "f1-score": 0.43009404388714734, "support": 790}, "dog_bark": {"precision": 0.49333333333333335, "recall": 0.5485996705107083, "f1-score": 0.5195007800312011, "support": 607}, "drilling": {"precision": 0.5886524822695035, "recall": 0.3477653631284916, "f1-score": 0.43722563652326596, "support": 716}, "engine_idling": {"precision": 0.3967280163599182, "recall": 0.2440251572327044, "f1-score": 0.3021806853582555, "support": 795}, "gun_shot": {"precision": 0.9032258064516129, "recall": 0.3181818181818182, "f1-score": 0.4705882352941176, "support": 88}, "jackhammer": {"precision": 0.35967302452316074, "recall": 0.14982973893303064, "f1-score": 0.21153846153846154, "support": 881}, "siren": {"precision": 0.7002840909090909, "recall": 0.6034271725826194, "f1-score": 0.6482577251808022, "support": 817}, "street_music": {"precision": 0.231807951987997, "recall": 0.38625, "f1-score": 0.28973277074542897, "support": 800}, "accuracy": 0.35526928449480055, "macro avg": {"precision": 0.4404467378796778, "recall": 0.3309015916004561, "f1-score": 0.35158797665341257, "support": 6443}, "weighted avg": {"precision": 0.4122031662057427, "recall": 0.35526928449480055, "f1-score": 0.3631036586710919, "support": 6443}}, "finalAcc": 0.5487186908721924, "finalVal": 0.4366059899330139, "finalAccData": [0.14958228170871735, 0.15826527774333954, 0.16248944401741028, 0.17206420004367828, 0.18867924809455872, 0.20064771175384521, 0.21242842078208923, 0.2189054787158966, 0.22711911797523499, 0.2406364381313324, 0.24335867166519165, 0.2556087374687195, 0.25180700421333313, 0.2608185410499573, 0.26555898785591125, 0.2695484757423401, 0.27748051285743713, 0.2963015139102936, 0.3085046410560608, 0.31629589200019836, 0.32019150257110596, 0.35450106859207153, 0.382474422454834, 0.39242467284202576, 0.3973059356212616, 0.4064582884311676, 0.41500046849250793, 0.42485684156417847, 0.4332582354545593, 0.4321317970752716, 0.4443349242210388, 0.45067116618156433, 0.45836853981018066, 0.46860039234161377, 0.4756406545639038, 0.4836665689945221, 0.4901905655860901, 0.4927719831466675, 0.5041772127151489, 0.5028630495071411, 0.5141274929046631, 0.5157701969146729, 0.5224819183349609, 0.5316342711448669, 0.5305547714233398, 0.533042311668396, 0.5337463617324829, 0.5448700189590454, 0.5435557961463928, 0.5487186908721924], "finalValData": [0.18660597503185272, 0.17425227165222168, 0.1700260043144226, 0.19668400287628174, 0.1996098756790161, 0.1996098756790161, 0.20546163618564606, 0.21358907222747803, 0.20156046748161316, 0.2152145653963089, 0.21846553683280945, 0.21358907222747803, 0.2100130021572113, 0.1983094960451126, 0.23146943747997284, 0.24122236669063568, 0.2587776184082031, 0.25097528100013733, 0.27015605568885803, 0.27633288502693176, 0.2838101387023926, 0.30754226446151733, 0.30591678619384766, 0.34102731943130493, 0.31371912360191345, 0.3283485174179077, 0.34070220589637756, 0.33550065755844116, 0.33322498202323914, 0.3517555296421051, 0.3468790650367737, 0.37061119079589844, 0.3579323887825012, 0.3774382174015045, 0.3878413438796997, 0.37191158533096313, 0.3894668519496918, 0.38491547107696533, 0.384265273809433, 0.3816644847393036, 0.42035111784935, 0.4086475968360901, 0.39759427309036255, 0.41840052604675293, 0.4239271879196167, 0.43888166546821594, 0.4288036525249481, 0.4255526661872864, 0.4190507233142853, 0.4366059899330139]}