{"parameters": [[256, 0.3, 50, 32]], "report": {"air_conditioner": {"precision": 0.24922118380062305, "recall": 0.20050125313283207, "f1-score": 0.22222222222222218, "support": 798}, "car_horn": {"precision": 0.2356020942408377, "recall": 0.2980132450331126, "f1-score": 0.26315789473684215, "support": 151}, "children_playing": {"precision": 0.37117903930131, "recall": 0.5379746835443038, "f1-score": 0.4392764857881137, "support": 790}, "dog_bark": {"precision": 0.4782608695652174, "recall": 0.6161449752883031, "f1-score": 0.5385169186465083, "support": 607}, "drilling": {"precision": 0.5795454545454546, "recall": 0.49860335195530725, "f1-score": 0.536036036036036, "support": 716}, "engine_idling": {"precision": 0.4158273381294964, "recall": 0.3635220125786163, "f1-score": 0.3879194630872483, "support": 795}, "gun_shot": {"precision": 0.8771929824561403, "recall": 0.5681818181818182, "f1-score": 0.6896551724137931, "support": 88}, "jackhammer": {"precision": 0.38591549295774646, "recall": 0.15550510783200908, "f1-score": 0.22168284789644013, "support": 881}, "siren": {"precision": 0.7643593519882179, "recall": 0.6352509179926561, "f1-score": 0.6938502673796791, "support": 817}, "street_music": {"precision": 0.2896174863387978, "recall": 0.46375, "f1-score": 0.3565593464680442, "support": 800}, "accuracy": 0.4232500388018004, "macro avg": {"precision": 0.4646721293323842, "recall": 0.43374473655389584, "f1-score": 0.43488766546749275, "support": 6443}, "weighted avg": {"precision": 0.44030538575852984, "recall": 0.4232500388018004, "f1-score": 0.41770782765460374, "support": 6443}}, "finalAcc": 0.7489908933639526, "finalVal": 0.39726918935775757, "finalAccData": [0.1771332025527954, 0.23293907940387726, 0.2669670581817627, 0.3124941289424896, 0.3442222774028778, 0.37219563126564026, 0.39500609040260315, 0.4277668297290802, 0.44114333391189575, 0.45813384652137756, 0.47484275698661804, 0.4865296185016632, 0.503567099571228, 0.5163334012031555, 0.5323852300643921, 0.5379235744476318, 0.5529428124427795, 0.5610626339912415, 0.567539632320404, 0.5732657313346863, 0.587956428527832, 0.5986576676368713, 0.6014737486839294, 0.608748733997345, 0.6158828735351562, 0.62522292137146, 0.6322162747383118, 0.6338589787483215, 0.6436684727668762, 0.647047758102417, 0.6580775380134583, 0.6596733331680298, 0.6683563590049744, 0.6726274490356445, 0.6811696290969849, 0.6805594563484192, 0.6902750134468079, 0.6962357759475708, 0.7018210887908936, 0.7059044241905212, 0.7105040550231934, 0.7178729176521301, 0.724115252494812, 0.7258518934249878, 0.7292311787605286, 0.7338777780532837, 0.7361776232719421, 0.7374448776245117, 0.7418567538261414, 0.7489908933639526], "finalValData": [0.2708062529563904, 0.288361519575119, 0.3156697154045105, 0.3533810079097748, 0.33972692489624023, 0.3621586561203003, 0.3683355152606964, 0.3777633309364319, 0.34460338950157166, 0.37061119079589844, 0.35630688071250916, 0.3611833453178406, 0.35110533237457275, 0.40539661049842834, 0.3722366690635681, 0.3878413438796997, 0.38328999280929565, 0.36150845885276794, 0.39596879482269287, 0.3904421329498291, 0.39856958389282227, 0.40149545669555664, 0.4112483859062195, 0.422951877117157, 0.41157346963882446, 0.4161248505115509, 0.4138491451740265, 0.3979193866252899, 0.40929779410362244, 0.42360207438468933, 0.422951877117157, 0.41027307510375977, 0.40929779410362244, 0.422626793384552, 0.4392067492008209, 0.4060468077659607, 0.40929779410362244, 0.4262028634548187, 0.4164499342441559, 0.40637192130088806, 0.38328999280929565, 0.4083224833011627, 0.4057217240333557, 0.3881664574146271, 0.37938880920410156, 0.384265273809433, 0.36931079626083374, 0.41547465324401855, 0.38328999280929565, 0.39726918935775757]}