{"parameters": [[128, 0.5, 40, 32]], "report": {"air_conditioner": {"precision": 0.11168831168831168, "recall": 0.21553884711779447, "f1-score": 0.14713430282292558, "support": 798}, "car_horn": {"precision": 0.0, "recall": 0.0, "f1-score": 0.0, "support": 151}, "children_playing": {"precision": 0.26164596273291924, "recall": 0.42658227848101266, "f1-score": 0.32435033686236764, "support": 790}, "dog_bark": {"precision": 0.5259433962264151, "recall": 0.3673805601317957, "f1-score": 0.43258971871968965, "support": 607}, "drilling": {"precision": 0.5804749340369393, "recall": 0.30726256983240224, "f1-score": 0.4018264840182648, "support": 716}, "engine_idling": {"precision": 0.36585365853658536, "recall": 0.18867924528301888, "f1-score": 0.24896265560165973, "support": 795}, "gun_shot": {"precision": 0.0, "recall": 0.0, "f1-score": 0.0, "support": 88}, "jackhammer": {"precision": 0.5009487666034156, "recall": 0.2996594778660613, "f1-score": 0.37500000000000006, "support": 881}, "siren": {"precision": 0.35525024533856725, "recall": 0.4430844553243574, "f1-score": 0.39433551198257083, "support": 817}, "street_music": {"precision": 0.29439252336448596, "recall": 0.315, "f1-score": 0.30434782608695654, "support": 800}, "accuracy": 0.30731025919602667, "macro avg": {"precision": 0.2996197798527639, "recall": 0.25631874340364424, "f1-score": 0.26285468360944353, "support": 6443}, "weighted avg": {"precision": 0.3552131411785743, "recall": 0.30731025919602667, "f1-score": 0.3131911139153406, "support": 6443}}, "finalAcc": 0.35238900780677795, "finalVal": 0.3156697154045105, "finalAccData": [0.12400262802839279, 0.12775744497776031, 0.12522293627262115, 0.12339247018098831, 0.13672204315662384, 0.13690979778766632, 0.13850557804107666, 0.13831783831119537, 0.13808317482471466, 0.1429174840450287, 0.14352764189243317, 0.14287056028842926, 0.14441941678524017, 0.13953815400600433, 0.1472824513912201, 0.14742326736450195, 0.1442316770553589, 0.15267999470233917, 0.1503801792860031, 0.15831221640110016, 0.15770205855369568, 0.15497982501983643, 0.15939171612262726, 0.1618792861700058, 0.16455458104610443, 0.17281517386436462, 0.18459588289260864, 0.1925748586654663, 0.19980287551879883, 0.2038392871618271, 0.21261616051197052, 0.22153383493423462, 0.24777057766914368, 0.26832816004753113, 0.28254953026771545, 0.30151131749153137, 0.30672112107276917, 0.3215526044368744, 0.3435651957988739, 0.35238900780677795], "finalValData": [0.144343301653862, 0.14921976625919342, 0.1300390064716339, 0.14596879482269287, 0.14109233021736145, 0.14011703431606293, 0.13881663978099823, 0.1365409642457962, 0.1378413587808609, 0.15019506216049194, 0.14369310438632965, 0.1547464281320572, 0.14629389345645905, 0.14759427309036255, 0.15279583632946014, 0.15182054042816162, 0.15442132949829102, 0.15507152676582336, 0.15279583632946014, 0.15637190639972687, 0.15377113223075867, 0.14921976625919342, 0.15409623086452484, 0.1596228927373886, 0.1586475968360901, 0.1573472023010254, 0.13751626014709473, 0.1365409642457962, 0.14791937172412872, 0.13621586561203003, 0.1713263988494873, 0.22074122726917267, 0.24804940819740295, 0.24284785985946655, 0.28283485770225525, 0.2987646162509918, 0.2838101387023926, 0.2792587876319885, 0.3260728120803833, 0.3156697154045105]}