{"parameters": [[512, 0.4, 50, 16]], "report": {"air_conditioner": {"precision": 0.21461897356143078, "recall": 0.17293233082706766, "f1-score": 0.1915336571825121, "support": 798}, "car_horn": {"precision": 0.4012738853503185, "recall": 0.41721854304635764, "f1-score": 0.4090909090909091, "support": 151}, "children_playing": {"precision": 0.4103690685413005, "recall": 0.5911392405063292, "f1-score": 0.4844398340248963, "support": 790}, "dog_bark": {"precision": 0.5007541478129713, "recall": 0.5469522240527183, "f1-score": 0.5228346456692913, "support": 607}, "drilling": {"precision": 0.47540983606557374, "recall": 0.3645251396648045, "f1-score": 0.4126482213438735, "support": 716}, "engine_idling": {"precision": 0.39204545454545453, "recall": 0.3471698113207547, "f1-score": 0.36824549699799863, "support": 795}, "gun_shot": {"precision": 0.84375, "recall": 0.6136363636363636, "f1-score": 0.7105263157894737, "support": 88}, "jackhammer": {"precision": 0.40456769983686786, "recall": 0.2814982973893303, "f1-score": 0.33199464524765726, "support": 881}, "siren": {"precision": 0.7838283828382838, "recall": 0.5813953488372093, "f1-score": 0.6676036542515812, "support": 817}, "street_music": {"precision": 0.3055130168453293, "recall": 0.49875, "f1-score": 0.378917378917379, "support": 800}, "accuracy": 0.4210771379792022, "macro avg": {"precision": 0.473213046539753, "recall": 0.4415217299280935, "f1-score": 0.4477834758515572, "support": 6443}, "weighted avg": {"precision": 0.4388560537417398, "recall": 0.4210771379792022, "f1-score": 0.42006451466879197, "support": 6443}}, "finalAcc": 0.8029193878173828, "finalVal": 0.3992197513580322, "finalAccData": [0.17699240148067474, 0.23139022290706635, 0.2878531813621521, 0.3463343679904938, 0.4005913734436035, 0.4387965798377991, 0.4684595763683319, 0.48549705743789673, 0.5153008699417114, 0.5334647297859192, 0.5530366897583008, 0.5657561421394348, 0.5775368213653564, 0.5938702821731567, 0.6070120930671692, 0.6187458634376526, 0.631981611251831, 0.6451234221458435, 0.6532901525497437, 0.6646953821182251, 0.67098468542099, 0.68581622838974, 0.6881160140037537, 0.6944991946220398, 0.7084859013557434, 0.7124284505844116, 0.7205012440681458, 0.7261334657669067, 0.7319534420967102, 0.7397446632385254, 0.7417159676551819, 0.7525579929351807, 0.7550455331802368, 0.7612409591674805, 0.7580493688583374, 0.7650427222251892, 0.7709565162658691, 0.77231764793396, 0.7770111560821533, 0.7761194109916687, 0.7838637232780457, 0.7840045094490051, 0.7893081903457642, 0.7898244857788086, 0.795879065990448, 0.795879065990448, 0.7988359928131104, 0.8004317879676819, 0.8026846647262573, 0.8029193878173828], "finalValData": [0.2542262673377991, 0.29063719511032104, 0.3709362745285034, 0.3598829507827759, 0.40377113223075867, 0.36508452892303467, 0.4057217240333557, 0.35858258605003357, 0.422626793384552, 0.4333550035953522, 0.42067620158195496, 0.41579973697662354, 0.4340052008628845, 0.41059818863868713, 0.39759427309036255, 0.40929779410362244, 0.41287386417388916, 0.4320546090602875, 0.38101431727409363, 0.4034460484981537, 0.404746413230896, 0.3761378526687622, 0.4288036525249481, 0.41807541251182556, 0.4307542145252228, 0.42490246891975403, 0.42230167984962463, 0.4239271879196167, 0.40669700503349304, 0.40279585123062134, 0.41417425870895386, 0.42457738518714905, 0.41319894790649414, 0.46033811569213867, 0.40929779410362244, 0.4210013151168823, 0.4379063844680786, 0.4333550035953522, 0.45578673481941223, 0.41449934244155884, 0.45026007294654846, 0.4034460484981537, 0.4369310736656189, 0.42717814445495605, 0.39629387855529785, 0.404746413230896, 0.41840052604675293, 0.41287386417388916, 0.41710013151168823, 0.3992197513580322]}