{"parameters": [[512, 0.5, 30, 16]], "report": {"air_conditioner": {"precision": 0.1906832298136646, "recall": 0.38471177944862156, "f1-score": 0.2549833887043189, "support": 798}, "car_horn": {"precision": 0.4392523364485981, "recall": 0.31125827814569534, "f1-score": 0.3643410852713178, "support": 151}, "children_playing": {"precision": 0.40933767643865365, "recall": 0.4772151898734177, "f1-score": 0.44067796610169485, "support": 790}, "dog_bark": {"precision": 0.58195211786372, "recall": 0.5205930807248764, "f1-score": 0.5495652173913044, "support": 607}, "drilling": {"precision": 0.5949119373776908, "recall": 0.4245810055865922, "f1-score": 0.49551752241238795, "support": 716}, "engine_idling": {"precision": 0.3660130718954248, "recall": 0.21132075471698114, "f1-score": 0.2679425837320574, "support": 795}, "gun_shot": {"precision": 0.8431372549019608, "recall": 0.48863636363636365, "f1-score": 0.6187050359712231, "support": 88}, "jackhammer": {"precision": 0.5587044534412956, "recall": 0.15664018161180476, "f1-score": 0.2446808510638298, "support": 881}, "siren": {"precision": 0.7144772117962467, "recall": 0.6523867809057528, "f1-score": 0.6820217530390275, "support": 817}, "street_music": {"precision": 0.23076923076923078, "recall": 0.36, "f1-score": 0.28125, "support": 800}, "accuracy": 0.3912773552692845, "macro avg": {"precision": 0.49292385207464867, "recall": 0.3987343414650105, "f1-score": 0.41996854036871617, "support": 6443}, "weighted avg": {"precision": 0.45736602949095434, "recall": 0.3912773552692845, "f1-score": 0.3973677593572433, "support": 6443}}, "finalAcc": 0.6373791694641113, "finalVal": 0.3803641200065613, "finalAccData": [0.15526142716407776, 0.2175443470478058, 0.22552332282066345, 0.2580024302005768, 0.2880878746509552, 0.31296348571777344, 0.33905941247940063, 0.36539003252983093, 0.38195812702178955, 0.3983854353427887, 0.40411150455474854, 0.4171594977378845, 0.4451797604560852, 0.444757342338562, 0.460433691740036, 0.47549986839294434, 0.4847460687160492, 0.49511873722076416, 0.5084013938903809, 0.5214024186134338, 0.5388153791427612, 0.5456678867340088, 0.5666948556900024, 0.5774429440498352, 0.5901623964309692, 0.5993616580963135, 0.6114709377288818, 0.6204355359077454, 0.6253167986869812, 0.6373791694641113], "finalValData": [0.2717815339565277, 0.2987646162509918, 0.24057216942310333, 0.3208712637424469, 0.24577373266220093, 0.27405720949172974, 0.3094928562641144, 0.31371912360191345, 0.3283485174179077, 0.3325747847557068, 0.3507802486419678, 0.35500651597976685, 0.35858258605003357, 0.3553315997123718, 0.40929779410362244, 0.4109232723712921, 0.365734726190567, 0.38068920373916626, 0.404746413230896, 0.37451234459877014, 0.3748374581336975, 0.3722366690635681, 0.3930429220199585, 0.37321195006370544, 0.3673602044582367, 0.3881664574146271, 0.3556566834449768, 0.38328999280929565, 0.37191158533096313, 0.3803641200065613]}