{"parameters": [[128, 0.5, 30, 16]], "report": {"air_conditioner": {"precision": 0.11353135313531353, "recall": 0.21553884711779447, "f1-score": 0.14872460008646776, "support": 798}, "car_horn": {"precision": 0.0, "recall": 0.0, "f1-score": 0.0, "support": 151}, "children_playing": {"precision": 0.33619948409286327, "recall": 0.49493670886075947, "f1-score": 0.40040962621607784, "support": 790}, "dog_bark": {"precision": 0.5249500998003992, "recall": 0.4332784184514003, "f1-score": 0.47472924187725624, "support": 607}, "drilling": {"precision": 0.565410199556541, "recall": 0.35614525139664804, "f1-score": 0.4370179948586118, "support": 716}, "engine_idling": {"precision": 0.36125, "recall": 0.3635220125786163, "f1-score": 0.3623824451410658, "support": 795}, "gun_shot": {"precision": 0.7735849056603774, "recall": 0.4659090909090909, "f1-score": 0.5815602836879433, "support": 88}, "jackhammer": {"precision": 0.383248730964467, "recall": 0.1713961407491487, "f1-score": 0.23686274509803923, "support": 881}, "siren": {"precision": 0.7495798319327731, "recall": 0.5458996328029376, "f1-score": 0.6317280453257792, "support": 817}, "street_music": {"precision": 0.25952626158599384, "recall": 0.315, "f1-score": 0.2845849802371542, "support": 800}, "accuracy": 0.35076827564799007, "macro avg": {"precision": 0.4067280866728728, "recall": 0.3361626102866396, "f1-score": 0.35579999625283953, "support": 6443}, "weighted avg": {"precision": 0.402392225878061, "recall": 0.35076827564799007, "f1-score": 0.3612926578025621, "support": 6443}}, "finalAcc": 0.42138364911079407, "finalVal": 0.3738621473312378, "finalAccData": [0.1290246844291687, 0.14071153104305267, 0.139256551861763, 0.1390688121318817, 0.13681592047214508, 0.13592414557933807, 0.1357833445072174, 0.14042992889881134, 0.14742326736450195, 0.14962920546531677, 0.15305547416210175, 0.15267999470233917, 0.15760818123817444, 0.16891954839229584, 0.17793110013008118, 0.19726838171482086, 0.20660847425460815, 0.2204073965549469, 0.23354923725128174, 0.25166618824005127, 0.2735379636287689, 0.2963484525680542, 0.31211864948272705, 0.3305172324180603, 0.33868393301963806, 0.35675397515296936, 0.37604430317878723, 0.3842110335826874, 0.40129542350769043, 0.42138364911079407], "finalValData": [0.14986996352672577, 0.14206762611865997, 0.14109233021736145, 0.13719116151332855, 0.13849154114723206, 0.14076723158359528, 0.14466840028762817, 0.1469440758228302, 0.15377113223075867, 0.1560468077659607, 0.1508452594280243, 0.15442132949829102, 0.1700260043144226, 0.1983094960451126, 0.20286086201667786, 0.2061118334531784, 0.2035110592842102, 0.17750325798988342, 0.22269180417060852, 0.2529258728027344, 0.26625487208366394, 0.29421326518058777, 0.29193758964538574, 0.3143693208694458, 0.2922626733779907, 0.30754226446151733, 0.32964888215065, 0.32542261481285095, 0.36410921812057495, 0.3738621473312378]}