{"parameters": [[64, 0.4, 30, 16]], "report": {"air_conditioner": {"precision": 0.13895048041389504, "recall": 0.23558897243107768, "f1-score": 0.17480241748024178, "support": 798}, "car_horn": {"precision": 0.0, "recall": 0.0, "f1-score": 0.0, "support": 151}, "children_playing": {"precision": 0.20572100313479624, "recall": 0.6645569620253164, "f1-score": 0.3141831238779174, "support": 790}, "dog_bark": {"precision": 0.37333333333333335, "recall": 0.4612850082372323, "f1-score": 0.41267501842299187, "support": 607}, "drilling": {"precision": 0.5676959619952494, "recall": 0.33379888268156427, "f1-score": 0.4204045734388743, "support": 716}, "engine_idling": {"precision": 0.45077720207253885, "recall": 0.2188679245283019, "f1-score": 0.2946655376799323, "support": 795}, "gun_shot": {"precision": 0.7804878048780488, "recall": 0.36363636363636365, "f1-score": 0.496124031007752, "support": 88}, "jackhammer": {"precision": 0.5415821501014199, "recall": 0.3030646992054484, "f1-score": 0.38864628820960706, "support": 881}, "siren": {"precision": 0.0, "recall": 0.0, "f1-score": 0.0, "support": 817}, "street_music": {"precision": 0.19239373601789708, "recall": 0.1075, "f1-score": 0.13793103448275862, "support": 800}, "accuracy": 0.2779760980909514, "macro avg": {"precision": 0.32509416719471784, "recall": 0.26882988127453045, "f1-score": 0.2639432024600076, "support": 6443}, "weighted avg": {"precision": 0.3049177997049999, "recall": 0.2779760980909514, "f1-score": 0.25917439584989554, "support": 6443}}, "finalAcc": 0.3261053264141083, "finalVal": 0.2743823230266571, "finalAccData": [0.10490002483129501, 0.1359710842370987, 0.13348352909088135, 0.1362057626247406, 0.13733220100402832, 0.13756687939167023, 0.13526706397533417, 0.13583028316497803, 0.13766075670719147, 0.13911573588848114, 0.14136862754821777, 0.13827091455459595, 0.1433868408203125, 0.16446071863174438, 0.16596263647079468, 0.17243969440460205, 0.18919552862644196, 0.20107011497020721, 0.2119590789079666, 0.2184830605983734, 0.25049281120300293, 0.2650427222251892, 0.2698301076889038, 0.27752745151519775, 0.2852717638015747, 0.2970524728298187, 0.3100534975528717, 0.31493476033210754, 0.31690603494644165, 0.3261053264141083], "finalValData": [0.13101430237293243, 0.13361509144306183, 0.13068920373916626, 0.1326397955417633, 0.13101430237293243, 0.13068920373916626, 0.13198959827423096, 0.1313394010066986, 0.13036410510540009, 0.13068920373916626, 0.13231469690799713, 0.1404421329498291, 0.15897269546985626, 0.16840052604675293, 0.1713263988494873, 0.17750325798988342, 0.2243172973394394, 0.211313396692276, 0.26202860474586487, 0.23374512791633606, 0.21684005856513977, 0.24837450683116913, 0.26592978835105896, 0.2669050693511963, 0.27275681495666504, 0.28283485770225525, 0.2857607305049896, 0.2743823230266571, 0.29681405425071716, 0.2743823230266571]}