{"parameters": [[128, 0.4, 50, 16]], "report": {"air_conditioner": {"precision": 0.21758436944937834, "recall": 0.30701754385964913, "f1-score": 0.25467775467775466, "support": 798}, "car_horn": {"precision": 0.5185185185185185, "recall": 0.09271523178807947, "f1-score": 0.15730337078651685, "support": 151}, "children_playing": {"precision": 0.4091279543602282, "recall": 0.6354430379746835, "f1-score": 0.49776896380763497, "support": 790}, "dog_bark": {"precision": 0.5218855218855218, "recall": 0.5107084019769358, "f1-score": 0.5162364696086595, "support": 607}, "drilling": {"precision": 0.565121412803532, "recall": 0.3575418994413408, "f1-score": 0.43798118049615054, "support": 716}, "engine_idling": {"precision": 0.45471349353049906, "recall": 0.30943396226415093, "f1-score": 0.36826347305389223, "support": 795}, "gun_shot": {"precision": 0.8913043478260869, "recall": 0.4659090909090909, "f1-score": 0.6119402985074627, "support": 88}, "jackhammer": {"precision": 0.473551637279597, "recall": 0.2133938706015891, "f1-score": 0.29420970266040686, "support": 881}, "siren": {"precision": 0.7195902688860435, "recall": 0.6878824969400245, "f1-score": 0.7033792240300375, "support": 817}, "street_music": {"precision": 0.26938449240607515, "recall": 0.42125, "f1-score": 0.3286201852754754, "support": 800}, "accuracy": 0.4192146515598324, "macro avg": {"precision": 0.5040782016945481, "recall": 0.40012955357555435, "f1-score": 0.41703806229039914, "support": 6443}, "weighted avg": {"precision": 0.45896243930263014, "recall": 0.4192146515598324, "f1-score": 0.41759260135970583, "support": 6443}}, "finalAcc": 0.6211864948272705, "finalVal": 0.41189858317375183, "finalAccData": [0.12733502686023712, 0.13155917823314667, 0.14437247812747955, 0.15084952116012573, 0.15713883936405182, 0.16286492347717285, 0.16727682948112488, 0.1834225058555603, 0.19304421544075012, 0.19999061524868011, 0.21730968356132507, 0.2256641387939453, 0.2426077127456665, 0.2617103159427643, 0.2924528419971466, 0.32751336693763733, 0.3507462739944458, 0.36168214678764343, 0.37670138478279114, 0.40345442295074463, 0.4173472225666046, 0.4387965798377991, 0.4514221251010895, 0.4618886709213257, 0.47352859377861023, 0.4827747941017151, 0.4921149015426636, 0.501783549785614, 0.5067586302757263, 0.5246409177780151, 0.5301793217658997, 0.5405988693237305, 0.5389092564582825, 0.5520979762077332, 0.5603116750717163, 0.558434247970581, 0.5654745101928711, 0.5695578455924988, 0.5811977982521057, 0.5826058387756348, 0.5933539867401123, 0.5938702821731567, 0.5975781679153442, 0.6099221110343933, 0.6053224205970764, 0.6103914380073547, 0.6182765364646912, 0.6158828735351562, 0.6233924627304077, 0.6211864948272705], "finalValData": [0.17295189201831818, 0.14986996352672577, 0.14499349892139435, 0.16579973697662354, 0.16677503287792206, 0.15897269546985626, 0.17490246891975403, 0.1739271730184555, 0.1882314682006836, 0.22886866331100464, 0.24512353539466858, 0.26592978835105896, 0.25097528100013733, 0.27373212575912476, 0.3000650107860565, 0.3221716582775116, 0.3299739956855774, 0.3247724175453186, 0.3579323887825012, 0.3647594153881073, 0.3501300513744354, 0.3494798541069031, 0.3644343316555023, 0.36150845885276794, 0.38328999280929565, 0.37451234459877014, 0.3569570779800415, 0.3956436812877655, 0.3774382174015045, 0.3888166546821594, 0.3855656683444977, 0.4125487506389618, 0.4210013151168823, 0.3946684002876282, 0.42815345525741577, 0.3790637254714966, 0.42847853899002075, 0.40767231583595276, 0.4031209349632263, 0.42945384979248047, 0.4265279471874237, 0.4177503287792206, 0.43237972259521484, 0.41059818863868713, 0.4109232723712921, 0.43985694646835327, 0.4148244559764862, 0.40897268056869507, 0.40897268056869507, 0.41189858317375183]}