{"parameters": [[128, 0.5, 30, 32]], "report": {"air_conditioner": {"precision": 0.13146950092421442, "recall": 0.7130325814536341, "f1-score": 0.22200546234881, "support": 798}, "car_horn": {"precision": 0.0, "recall": 0.0, "f1-score": 0.0, "support": 151}, "children_playing": {"precision": 0.0, "recall": 0.0, "f1-score": 0.0, "support": 790}, "dog_bark": {"precision": 0.4027538726333907, "recall": 0.385502471169687, "f1-score": 0.393939393939394, "support": 607}, "drilling": {"precision": 0.5883838383838383, "recall": 0.3254189944134078, "f1-score": 0.41906474820143885, "support": 716}, "engine_idling": {"precision": 0.0, "recall": 0.0, "f1-score": 0.0, "support": 795}, "gun_shot": {"precision": 0.0, "recall": 0.0, "f1-score": 0.0, "support": 88}, "jackhammer": {"precision": 0.4675090252707581, "recall": 0.2939841089670829, "f1-score": 0.3609756097560975, "support": 881}, "siren": {"precision": 0.0, "recall": 0.0, "f1-score": 0.0, "support": 817}, "street_music": {"precision": 0.11986301369863013, "recall": 0.0875, "f1-score": 0.10115606936416184, "support": 800}, "accuracy": 0.21185783020332144, "macro avg": {"precision": 0.17099792509108316, "recall": 0.18054381560038119, "f1-score": 0.1497141283609902, "support": 6443}, "weighted avg": {"precision": 0.1984220010757817, "recall": 0.21185783020332144, "f1-score": 0.1730989133127804, "support": 6443}}, "finalAcc": 0.22359898686408997, "finalVal": 0.18595579266548157, "finalAccData": [0.11170562356710434, 0.13766075670719147, 0.14348070323467255, 0.14061766862869263, 0.1401013731956482, 0.1396789699792862, 0.13981977105140686, 0.13977283239364624, 0.1431991010904312, 0.1425420045852661, 0.146202951669693, 0.1473293900489807, 0.14845582842826843, 0.15127193927764893, 0.15047404170036316, 0.1533840298652649, 0.15169435739517212, 0.15939171612262726, 0.16136299073696136, 0.1569041609764099, 0.15737350285053253, 0.16281798481941223, 0.16422604024410248, 0.1621139645576477, 0.16370975971221924, 0.17351919412612915, 0.1807941496372223, 0.1925748586654663, 0.2123345583677292, 0.22359898686408997], "finalValData": [0.1173602044582367, 0.1508452594280243, 0.14726917445659637, 0.14141742885112762, 0.1404421329498291, 0.13719116151332855, 0.13589076697826385, 0.14466840028762817, 0.13946683704853058, 0.14141742885112762, 0.15182054042816162, 0.15929779410362244, 0.15182054042816162, 0.15702210366725922, 0.1583224982023239, 0.15539662539958954, 0.15279583632946014, 0.1573472023010254, 0.15702210366725922, 0.15637190639972687, 0.1583224982023239, 0.16092327237129211, 0.15929779410362244, 0.16449934244155884, 0.1635240614414215, 0.1622236669063568, 0.12808842957019806, 0.1469440758228302, 0.1586475968360901, 0.18595579266548157]}