{"parameters": [[128, 0.4, 30, 16]], "report": {"air_conditioner": {"precision": 0.1762057877813505, "recall": 0.3433583959899749, "f1-score": 0.23289417764555886, "support": 798}, "car_horn": {"precision": 0.2, "recall": 0.013245033112582781, "f1-score": 0.024844720496894408, "support": 151}, "children_playing": {"precision": 0.4604966139954853, "recall": 0.2582278481012658, "f1-score": 0.3309002433090024, "support": 790}, "dog_bark": {"precision": 0.3979475484606613, "recall": 0.5749588138385503, "f1-score": 0.4703504043126685, "support": 607}, "drilling": {"precision": 0.6625874125874126, "recall": 0.5293296089385475, "f1-score": 0.5885093167701864, "support": 716}, "engine_idling": {"precision": 0.5269709543568465, "recall": 0.15974842767295597, "f1-score": 0.24517374517374518, "support": 795}, "gun_shot": {"precision": 0.7777777777777778, "recall": 0.4772727272727273, "f1-score": 0.5915492957746479, "support": 88}, "jackhammer": {"precision": 0.4744186046511628, "recall": 0.11577752553916004, "f1-score": 0.18613138686131384, "support": 881}, "siren": {"precision": 0.4124168514412417, "recall": 0.6829865361077111, "f1-score": 0.5142857142857142, "support": 817}, "street_music": {"precision": 0.2947462154942119, "recall": 0.41375, "f1-score": 0.34425377015080605, "support": 800}, "accuracy": 0.3675306534223188, "macro avg": {"precision": 0.43835677665461503, "recall": 0.35686549165734754, "f1-score": 0.35288927747805376, "support": 6443}, "weighted avg": {"precision": 0.423507989587589, "recall": 0.3675306534223188, "f1-score": 0.3514532557742867, "support": 6443}}, "finalAcc": 0.47620388865470886, "finalVal": 0.3878413438796997, "finalAccData": [0.14911292493343353, 0.15831221640110016, 0.15901623666286469, 0.165821835398674, 0.1721111387014389, 0.1807941496372223, 0.18412654101848602, 0.1923401802778244, 0.19651740789413452, 0.2006007730960846, 0.2082511931657791, 0.2114897221326828, 0.21923401951789856, 0.22050127387046814, 0.23232892155647278, 0.25251102447509766, 0.2741950750350952, 0.3039519488811493, 0.3200037479400635, 0.35957008600234985, 0.38172346353530884, 0.3966018855571747, 0.40716230869293213, 0.4166901409626007, 0.4388435184955597, 0.4499202072620392, 0.4640946090221405, 0.4777996838092804, 0.4779874086380005, 0.47620388865470886], "finalValData": [0.16775032877922058, 0.15572170913219452, 0.13556566834449768, 0.15117035806179047, 0.13328999280929565, 0.14921976625919342, 0.1547464281320572, 0.1300390064716339, 0.14109233021736145, 0.12451235204935074, 0.13556566834449768, 0.14759427309036255, 0.15149544179439545, 0.1586475968360901, 0.17327697575092316, 0.2291937619447708, 0.25065019726753235, 0.2473992258310318, 0.27113133668899536, 0.2821846604347229, 0.27795839309692383, 0.345578670501709, 0.33289986848831177, 0.327373206615448, 0.3546814024448395, 0.39856958389282227, 0.345253586769104, 0.36638492345809937, 0.39271780848503113, 0.3878413438796997]}