{"parameters": [[128, 0.3, 30, 32]], "report": {"air_conditioner": {"precision": 0.14175257731958762, "recall": 0.2756892230576441, "f1-score": 0.18723404255319148, "support": 798}, "car_horn": {"precision": 0.5652173913043478, "recall": 0.08609271523178808, "f1-score": 0.14942528735632185, "support": 151}, "children_playing": {"precision": 0.35751295336787564, "recall": 0.6113924050632912, "f1-score": 0.45119103222793083, "support": 790}, "dog_bark": {"precision": 0.5816135084427767, "recall": 0.5107084019769358, "f1-score": 0.5438596491228069, "support": 607}, "drilling": {"precision": 0.5995423340961098, "recall": 0.3659217877094972, "f1-score": 0.4544666088464874, "support": 716}, "engine_idling": {"precision": 0.4271047227926078, "recall": 0.26163522012578616, "f1-score": 0.3244929797191887, "support": 795}, "gun_shot": {"precision": 0.8076923076923077, "recall": 0.4772727272727273, "f1-score": 0.6000000000000001, "support": 88}, "jackhammer": {"precision": 0.3715277777777778, "recall": 0.12145289443813848, "f1-score": 0.18306244653550044, "support": 881}, "siren": {"precision": 0.6845386533665836, "recall": 0.6719706242350061, "f1-score": 0.6781964175416924, "support": 817}, "street_music": {"precision": 0.21459694989106753, "recall": 0.24625, "f1-score": 0.22933643771827705, "support": 800}, "accuracy": 0.37110041905944435, "macro avg": {"precision": 0.47510991760510424, "recall": 0.3628385999110814, "f1-score": 0.38012649016213973, "support": 6443}, "weighted avg": {"precision": 0.4240416135990704, "recall": 0.37110041905944435, "f1-score": 0.3714951662797859, "support": 6443}}, "finalAcc": 0.50704026222229, "finalVal": 0.38491547107696533, "finalAccData": [0.1444663405418396, 0.15399417281150818, 0.16394442319869995, 0.1707969605922699, 0.18853844702243805, 0.20219656825065613, 0.21336711943149567, 0.22298882901668549, 0.23838356137275696, 0.2667793035507202, 0.289402037858963, 0.3054538667201996, 0.31775087118148804, 0.33277010917663574, 0.3561438024044037, 0.36778372526168823, 0.3831784427165985, 0.40415844321250916, 0.4081948697566986, 0.41331079602241516, 0.4249037802219391, 0.4326011538505554, 0.4436309039592743, 0.4532056748867035, 0.4714634418487549, 0.48070967197418213, 0.4854031801223755, 0.4967614710330963, 0.49840420484542847, 0.50704026222229], "finalValData": [0.21196359395980835, 0.2178153395652771, 0.21814043819904327, 0.2009102702140808, 0.20643693208694458, 0.2139141708612442, 0.22204160690307617, 0.2421976625919342, 0.2613784074783325, 0.26072821021080017, 0.26755526661872864, 0.2786085903644562, 0.28933680057525635, 0.31501951813697815, 0.327048122882843, 0.345253586769104, 0.3559817969799042, 0.33712613582611084, 0.3517555296421051, 0.36410921812057495, 0.365734726190567, 0.3426527976989746, 0.36020806431770325, 0.3644343316555023, 0.37158647179603577, 0.3852405846118927, 0.37808841466903687, 0.3507802486419678, 0.3598829507827759, 0.38491547107696533]}