{"parameters": [[128, 0.4, 40, 16]], "report": {"air_conditioner": {"precision": 0.1781045751633987, "recall": 0.2731829573934837, "f1-score": 0.2156280909990109, "support": 798}, "car_horn": {"precision": 0.5098039215686274, "recall": 0.17218543046357615, "f1-score": 0.2574257425742574, "support": 151}, "children_playing": {"precision": 0.37009063444108764, "recall": 0.620253164556962, "f1-score": 0.46357615894039733, "support": 790}, "dog_bark": {"precision": 0.4828080229226361, "recall": 0.5551894563426688, "f1-score": 0.5164750957854406, "support": 607}, "drilling": {"precision": 0.5746102449888641, "recall": 0.36033519553072624, "f1-score": 0.4429184549356223, "support": 716}, "engine_idling": {"precision": 0.4794816414686825, "recall": 0.2792452830188679, "f1-score": 0.35294117647058826, "support": 795}, "gun_shot": {"precision": 0.8360655737704918, "recall": 0.5795454545454546, "f1-score": 0.6845637583892618, "support": 88}, "jackhammer": {"precision": 0.48703170028818443, "recall": 0.19182746878547105, "f1-score": 0.27524429967426706, "support": 881}, "siren": {"precision": 0.7728531855955678, "recall": 0.6829865361077111, "f1-score": 0.7251461988304092, "support": 817}, "street_music": {"precision": 0.28532608695652173, "recall": 0.39375, "f1-score": 0.33088235294117646, "support": 800}, "accuracy": 0.41036784106782553, "macro avg": {"precision": 0.4976175587164063, "recall": 0.4108500946744922, "f1-score": 0.4264801329540431, "support": 6443}, "weighted avg": {"precision": 0.4593331329011134, "recall": 0.41036784106782553, "f1-score": 0.41103027580743334, "support": 6443}}, "finalAcc": 0.5842485427856445, "finalVal": 0.4255526661872864, "finalAccData": [0.1272880882024765, 0.1481742262840271, 0.15061485767364502, 0.15286773443222046, 0.1629587858915329, 0.1694827675819397, 0.179714635014534, 0.18835069239139557, 0.20294752717018127, 0.21045714616775513, 0.22397446632385254, 0.23167182505130768, 0.2589411437511444, 0.2909039855003357, 0.30493757128715515, 0.3169999122619629, 0.33586782217025757, 0.37149161100387573, 0.38810664415359497, 0.40242186188697815, 0.4220876693725586, 0.433868408203125, 0.4479958713054657, 0.449497789144516, 0.4647986590862274, 0.4740917980670929, 0.49225571751594543, 0.5023936629295349, 0.5064770579338074, 0.514784574508667, 0.5245940089225769, 0.5311179757118225, 0.538345992565155, 0.5521449446678162, 0.5561344027519226, 0.5642072558403015, 0.5725617408752441, 0.5729841589927673, 0.5829343795776367, 0.5842485427856445], "finalValData": [0.14531859755516052, 0.1622236669063568, 0.16384916007518768, 0.16417425870895386, 0.17067620158195496, 0.1495448648929596, 0.14401820302009583, 0.13946683704853058, 0.17977893352508545, 0.2035110592842102, 0.19180753827095032, 0.18888166546821594, 0.25455135107040405, 0.2600780129432678, 0.28803640604019165, 0.2795838713645935, 0.30981793999671936, 0.2925877869129181, 0.30851754546165466, 0.3826397955417633, 0.39629387855529785, 0.3868660628795624, 0.38979193568229675, 0.3738621473312378, 0.3800390064716339, 0.3777633309364319, 0.41710013151168823, 0.3891417384147644, 0.45026007294654846, 0.42327699065208435, 0.4210013151168823, 0.41027307510375977, 0.4109232723712921, 0.3969440758228302, 0.42230167984962463, 0.4086475968360901, 0.41059818863868713, 0.4278283417224884, 0.44115734100341797, 0.4255526661872864]}