{"parameters": [[128, 0.3, 50, 16]], "report": {"air_conditioner": {"precision": 0.2688821752265861, "recall": 0.22305764411027568, "f1-score": 0.24383561643835616, "support": 798}, "car_horn": {"precision": 0.3939393939393939, "recall": 0.17218543046357615, "f1-score": 0.23963133640552997, "support": 151}, "children_playing": {"precision": 0.3902040816326531, "recall": 0.6050632911392405, "f1-score": 0.4744416873449132, "support": 790}, "dog_bark": {"precision": 0.5924006908462867, "recall": 0.5650741350906096, "f1-score": 0.5784148397976391, "support": 607}, "drilling": {"precision": 0.5369774919614148, "recall": 0.4664804469273743, "f1-score": 0.49925261584454406, "support": 716}, "engine_idling": {"precision": 0.4178082191780822, "recall": 0.3836477987421384, "f1-score": 0.39999999999999997, "support": 795}, "gun_shot": {"precision": 0.84375, "recall": 0.6136363636363636, "f1-score": 0.7105263157894737, "support": 88}, "jackhammer": {"precision": 0.4988009592326139, "recall": 0.23609534619750283, "f1-score": 0.3204930662557781, "support": 881}, "siren": {"precision": 0.7369942196531792, "recall": 0.6242350061199511, "f1-score": 0.6759443339960239, "support": 817}, "street_music": {"precision": 0.2481962481962482, "recall": 0.43, "f1-score": 0.3147301006404391, "support": 800}, "accuracy": 0.4314760204873506, "macro avg": {"precision": 0.4927953479866458, "recall": 0.43194754624270315, "f1-score": 0.44572699125126974, "support": 6443}, "weighted avg": {"precision": 0.46141698086880073, "recall": 0.4314760204873506, "f1-score": 0.43163868942531464, "support": 6443}}, "finalAcc": 0.6847836375236511, "finalVal": 0.4486345946788788, "finalAccData": [0.14258894324302673, 0.17441096901893616, 0.18422040343284607, 0.20792265236377716, 0.2365061491727829, 0.26354077458381653, 0.2819393575191498, 0.29423636198043823, 0.3141838014125824, 0.33492913842201233, 0.35041773319244385, 0.3688162863254547, 0.3775462210178375, 0.39045339822769165, 0.4182389974594116, 0.4460715353488922, 0.4634844660758972, 0.47512438893318176, 0.4811320900917053, 0.4989674389362335, 0.5149253606796265, 0.5245001316070557, 0.535154402256012, 0.5507838129997253, 0.5603585839271545, 0.5701211094856262, 0.5781000852584839, 0.5913826823234558, 0.5967802405357361, 0.6015676259994507, 0.61226886510849, 0.6158828735351562, 0.6286961436271667, 0.6324979066848755, 0.6370505690574646, 0.6411808729171753, 0.644982635974884, 0.6493476033210754, 0.6521167755126953, 0.6542288661003113, 0.6587815880775452, 0.661550760269165, 0.6691073179244995, 0.6655871868133545, 0.6751149892807007, 0.6729559898376465, 0.6751618981361389, 0.6769924163818359, 0.6783065795898438, 0.6847836375236511], "finalValData": [0.2022106647491455, 0.1765279620885849, 0.1947334259748459, 0.20188556611537933, 0.24447333812713623, 0.229518860578537, 0.2408972680568695, 0.2938881516456604, 0.2825097441673279, 0.3302990794181824, 0.32184654474258423, 0.3257477283477783, 0.3426527976989746, 0.32964888215065, 0.35110533237457275, 0.34720414876937866, 0.36801040172576904, 0.3465539515018463, 0.37841352820396423, 0.3748374581336975, 0.38979193568229675, 0.3751625418663025, 0.3979193866252899, 0.35728219151496887, 0.3868660628795624, 0.3907672166824341, 0.4096228778362274, 0.41157346963882446, 0.38459038734436035, 0.41417425870895386, 0.4031209349632263, 0.41840052604675293, 0.40247073769569397, 0.4096228778362274, 0.4262028634548187, 0.3891417384147644, 0.4457087218761444, 0.4330299198627472, 0.43628087639808655, 0.44375813007354736, 0.40767231583595276, 0.43465539813041687, 0.3956436812877655, 0.4255526661872864, 0.43758127093315125, 0.42035111784935, 0.4213263988494873, 0.4164499342441559, 0.42035111784935, 0.4486345946788788]}