{"parameters": [[256, 0.3, 40, 16]], "report": {"air_conditioner": {"precision": 0.27426810477657937, "recall": 0.22305764411027568, "f1-score": 0.24602626123013133, "support": 798}, "car_horn": {"precision": 0.35526315789473684, "recall": 0.3576158940397351, "f1-score": 0.3564356435643564, "support": 151}, "children_playing": {"precision": 0.4079391891891892, "recall": 0.6113924050632912, "f1-score": 0.4893617021276596, "support": 790}, "dog_bark": {"precision": 0.5391432791728212, "recall": 0.6013179571663921, "f1-score": 0.5685358255451713, "support": 607}, "drilling": {"precision": 0.5224358974358975, "recall": 0.4553072625698324, "f1-score": 0.4865671641791045, "support": 716}, "engine_idling": {"precision": 0.36400541271989173, "recall": 0.3383647798742138, "f1-score": 0.3507170795306389, "support": 795}, "gun_shot": {"precision": 0.8833333333333333, "recall": 0.6022727272727273, "f1-score": 0.7162162162162162, "support": 88}, "jackhammer": {"precision": 0.34592445328031807, "recall": 0.19750283768444948, "f1-score": 0.2514450867052023, "support": 881}, "siren": {"precision": 0.8034321372854915, "recall": 0.6303549571603427, "f1-score": 0.7064471879286693, "support": 817}, "street_music": {"precision": 0.30642504118616143, "recall": 0.465, "f1-score": 0.36941410129096325, "support": 800}, "accuracy": 0.432872885301878, "macro avg": {"precision": 0.48021700062744205, "recall": 0.4482186464941259, "f1-score": 0.4541166268318112, "support": 6443}, "weighted avg": {"precision": 0.4453713931137767, "recall": 0.432872885301878, "f1-score": 0.4293494768260955, "support": 6443}}, "finalAcc": 0.7568290829658508, "finalVal": 0.4252275824546814, "finalAccData": [0.17849431931972504, 0.25598421692848206, 0.3331455886363983, 0.3801276683807373, 0.4172533452510834, 0.43898433446884155, 0.4658312201499939, 0.48526236414909363, 0.5077912211418152, 0.5164272785186768, 0.5278794765472412, 0.5410212874412537, 0.5566037893295288, 0.569698691368103, 0.5799774527549744, 0.5910541415214539, 0.60133296251297, 0.6170092821121216, 0.6265371441841125, 0.6398667097091675, 0.6475171446800232, 0.6577959060668945, 0.6668074727058411, 0.6746456623077393, 0.6868487596511841, 0.6901342272758484, 0.6982070803642273, 0.7109734416007996, 0.7099878191947937, 0.7145404815673828, 0.7217684984207153, 0.7284802198410034, 0.7290434837341309, 0.7337369918823242, 0.7381019592285156, 0.746315598487854, 0.7475358843803406, 0.7488501071929932, 0.7535905241966248, 0.7568290829658508], "finalValData": [0.2382964938879013, 0.2821846604347229, 0.33062419295310974, 0.3608582615852356, 0.3530559241771698, 0.36931079626083374, 0.38068920373916626, 0.37938880920410156, 0.36801040172576904, 0.37808841466903687, 0.3777633309364319, 0.4008452594280243, 0.41840052604675293, 0.3982444703578949, 0.38361507654190063, 0.4125487506389618, 0.3969440758228302, 0.386540949344635, 0.36378413438796997, 0.3982444703578949, 0.3940182030200958, 0.3933680057525635, 0.3933680057525635, 0.40669700503349304, 0.37158647179603577, 0.3969440758228302, 0.39726918935775757, 0.38068920373916626, 0.4109232723712921, 0.4031209349632263, 0.3826397955417633, 0.3748374581336975, 0.42035111784935, 0.4112483859062195, 0.422626793384552, 0.3803641200065613, 0.3901170492172241, 0.40539661049842834, 0.4213263988494873, 0.4252275824546814]}