{"parameters": [[64, 0.5, 40, 16]], "report": {"air_conditioner": {"precision": 0.144, "recall": 0.11278195488721804, "f1-score": 0.12649332396345747, "support": 798}, "car_horn": {"precision": 0.14285714285714285, "recall": 0.006622516556291391, "f1-score": 0.012658227848101266, "support": 151}, "children_playing": {"precision": 0.35284139100932993, "recall": 0.5265822784810127, "f1-score": 0.4225495175215846, "support": 790}, "dog_bark": {"precision": 0.40894568690095845, "recall": 0.42174629324546953, "f1-score": 0.4152473641524736, "support": 607}, "drilling": {"precision": 0.6369565217391304, "recall": 0.4092178770949721, "f1-score": 0.4982993197278911, "support": 716}, "engine_idling": {"precision": 0.19844357976653695, "recall": 0.5773584905660377, "f1-score": 0.2953667953667954, "support": 795}, "gun_shot": {"precision": 0.0, "recall": 0.0, "f1-score": 0.0, "support": 88}, "jackhammer": {"precision": 0.38944723618090454, "recall": 0.17593643586833144, "f1-score": 0.2423768569194683, "support": 881}, "siren": {"precision": 0.0, "recall": 0.0, "f1-score": 0.0, "support": 817}, "street_music": {"precision": 0.25149700598802394, "recall": 0.2625, "f1-score": 0.25688073394495414, "support": 800}, "accuracy": 0.2917895390346112, "macro avg": {"precision": 0.25249885644420267, "recall": 0.2492745846699333, "f1-score": 0.22698721394447255, "support": 6443}, "weighted avg": {"precision": 0.28272269048007004, "recall": 0.2917895390346112, "f1-score": 0.2637528864122758, "support": 6443}}, "finalAcc": 0.3089739978313446, "finalVal": 0.28153446316719055, "finalAccData": [0.1079038754105568, 0.12522293627262115, 0.12775744497776031, 0.12888388335704803, 0.12963484227657318, 0.13057354092597961, 0.13376513123512268, 0.13001032173633575, 0.13376513123512268, 0.1303388774394989, 0.12935324013233185, 0.12883694469928741, 0.13071435689926147, 0.13503238558769226, 0.14197878539562225, 0.15596546232700348, 0.16610345244407654, 0.17703932523727417, 0.1766638457775116, 0.1825307458639145, 0.19065052270889282, 0.19553177058696747, 0.19895803928375244, 0.1999436765909195, 0.211020365357399, 0.21285083889961243, 0.2177790254354477, 0.2169342041015625, 0.22603961825370789, 0.23364309966564178, 0.23688162863254547, 0.24298319220542908, 0.26358771324157715, 0.26471415162086487, 0.27574393153190613, 0.2826903164386749, 0.2925936281681061, 0.2992115020751953, 0.30141744017601013, 0.3089739978313446], "finalValData": [0.13491547107696533, 0.1339401751756668, 0.1326397955417633, 0.13231469690799713, 0.13198959827423096, 0.13068920373916626, 0.13198959827423096, 0.13231469690799713, 0.1326397955417633, 0.13166449964046478, 0.1326397955417633, 0.1339401751756668, 0.1339401751756668, 0.15702210366725922, 0.17880363762378693, 0.1752275675535202, 0.17717815935611725, 0.1765279620885849, 0.16579973697662354, 0.18010403215885162, 0.16937580704689026, 0.18465539813041687, 0.18237970769405365, 0.172626793384552, 0.17457737028598785, 0.1970091015100479, 0.18270480632781982, 0.18888166546821594, 0.2009102702140808, 0.2204161286354065, 0.20643693208694458, 0.23049414157867432, 0.22464239597320557, 0.23504550755023956, 0.24057216942310333, 0.29583874344825745, 0.25682705640792847, 0.2678803503513336, 0.28185954689979553, 0.28153446316719055]}