{"parameters": [[64, 0.3, 40, 16]], "report": {"air_conditioner": {"precision": 0.1315086782376502, "recall": 0.24686716791979949, "f1-score": 0.17160278745644597, "support": 798}, "car_horn": {"precision": 0.21739130434782608, "recall": 0.033112582781456956, "f1-score": 0.05747126436781609, "support": 151}, "children_playing": {"precision": 0.3575268817204301, "recall": 0.5050632911392405, "f1-score": 0.41867785939139557, "support": 790}, "dog_bark": {"precision": 0.4444444444444444, "recall": 0.44810543657331137, "f1-score": 0.44626743232157506, "support": 607}, "drilling": {"precision": 0.5965665236051502, "recall": 0.388268156424581, "f1-score": 0.4703891708967851, "support": 716}, "engine_idling": {"precision": 0.44130127298444133, "recall": 0.39245283018867927, "f1-score": 0.41544607190412786, "support": 795}, "gun_shot": {"precision": 0.7407407407407407, "recall": 0.45454545454545453, "f1-score": 0.5633802816901408, "support": 88}, "jackhammer": {"precision": 0.47244094488188976, "recall": 0.1362088535754824, "f1-score": 0.21145374449339205, "support": 881}, "siren": {"precision": 0.688295165394402, "recall": 0.6621787025703795, "f1-score": 0.6749844042420463, "support": 817}, "street_music": {"precision": 0.2783171521035599, "recall": 0.3225, "f1-score": 0.29878401852924147, "support": 800}, "accuracy": 0.37591184230948316, "macro avg": {"precision": 0.4368533108460536, "recall": 0.35893024757183856, "f1-score": 0.37284570352929663, "support": 6443}, "weighted avg": {"precision": 0.4243934035212179, "recall": 0.37591184230948316, "f1-score": 0.3788131283486913, "support": 6443}}, "finalAcc": 0.5261898040771484, "finalVal": 0.40799739956855774, "finalAccData": [0.15497982501983643, 0.1721111387014389, 0.17506805062294006, 0.1847366988658905, 0.19482775032520294, 0.20637379586696625, 0.21510373055934906, 0.2212522327899933, 0.22829249501228333, 0.23472261428833008, 0.24054257571697235, 0.2506336271762848, 0.26072466373443604, 0.26405707001686096, 0.2687505781650543, 0.275837779045105, 0.2847554683685303, 0.2928283214569092, 0.32192808389663696, 0.3374166786670685, 0.349056601524353, 0.36064958572387695, 0.3814418613910675, 0.40265652537345886, 0.41565755009651184, 0.4336806535720825, 0.44945085048675537, 0.45705434679985046, 0.4619825482368469, 0.46639445424079895, 0.4721205234527588, 0.48155447840690613, 0.4906599223613739, 0.49511873722076416, 0.4990612864494324, 0.5098094344139099, 0.5109828114509583, 0.5160048604011536, 0.5208861231803894, 0.5261898040771484], "finalValData": [0.17977893352508545, 0.1752275675535202, 0.1404421329498291, 0.13719116151332855, 0.1404421329498291, 0.17067620158195496, 0.1661248356103897, 0.17750325798988342, 0.1739271730184555, 0.20253576338291168, 0.19635890424251556, 0.20026007294654846, 0.18888166546821594, 0.19505852460861206, 0.20026007294654846, 0.20708712935447693, 0.22269180417060852, 0.2291937619447708, 0.2805591821670532, 0.2799089848995209, 0.30981793999671936, 0.34102731943130493, 0.3504551351070404, 0.34752926230430603, 0.3790637254714966, 0.42717814445495605, 0.3933680057525635, 0.42847853899002075, 0.3748374581336975, 0.3966189920902252, 0.3852405846118927, 0.3543563187122345, 0.3826397955417633, 0.37711313366889954, 0.3852405846118927, 0.383940190076828, 0.3725617825984955, 0.40247073769569397, 0.38459038734436035, 0.40799739956855774]}