{"parameters": [[128, 0.4, 30, 16]], "report": {"air_conditioner": {"precision": 0.328656233135456, "recall": 0.7631578947368421, "f1-score": 0.4594492644285175, "support": 798}, "car_horn": {"precision": 0.05454545454545454, "recall": 0.01875, "f1-score": 0.027906976744186046, "support": 160}, "children_playing": {"precision": 0.3981385729058945, "recall": 0.4854981084489281, "f1-score": 0.43749999999999994, "support": 793}, "dog_bark": {"precision": 0.7811764705882352, "recall": 0.5824561403508772, "f1-score": 0.6673366834170854, "support": 570}, "drilling": {"precision": 0.7694610778443114, "recall": 0.39599383667180277, "f1-score": 0.5228891149542217, "support": 649}, "engine_idling": {"precision": 0.7209944751381215, "recall": 0.34296977660972405, "f1-score": 0.46482635796972394, "support": 761}, "gun_shot": {"precision": 0.9285714285714286, "recall": 0.3132530120481928, "f1-score": 0.46846846846846846, "support": 83}, "jackhammer": {"precision": 0.5590778097982709, "recall": 0.512549537648613, "f1-score": 0.5348035837353549, "support": 757}, "siren": {"precision": 0.6766467065868264, "recall": 0.4992636229749632, "f1-score": 0.5745762711864407, "support": 679}, "street_music": {"precision": 0.36341756919374246, "recall": 0.3775, "f1-score": 0.3703249540159412, "support": 800}, "accuracy": 0.47966942148760333, "macro avg": {"precision": 0.5580685798307741, "recall": 0.4291391929489944, "f1-score": 0.452808167491994, "support": 6050}, "weighted avg": {"precision": 0.5504986707663261, "recall": 0.47966942148760333, "f1-score": 0.4829155999966791, "support": 6050}}, "finalAcc": 0.5022843480110168, "finalVal": 0.33966517448425293, "finalAccData": [0.12349439412355423, 0.15090683102607727, 0.15021459758281708, 0.1492454707622528, 0.15349116921424866, 0.15727536380290985, 0.1597212553024292, 0.16784346103668213, 0.18136508762836456, 0.18814897537231445, 0.20060916244983673, 0.21113111078739166, 0.22520650923252106, 0.23738981783390045, 0.24177396297454834, 0.2554340362548828, 0.25986433029174805, 0.26757118105888367, 0.2807697653770447, 0.30781301856040955, 0.35626932978630066, 0.37791314721107483, 0.39918777346611023, 0.4223083555698395, 0.4443213939666748, 0.45645853877067566, 0.4664728343486786, 0.48193272948265076, 0.48830124735832214, 0.5022843480110168], "finalValData": [0.1844816505908966, 0.17965228855609894, 0.16613006591796875, 0.174500972032547, 0.18544751405715942, 0.16613006591796875, 0.17031551897525787, 0.174500972032547, 0.18544751405715942, 0.202511265873909, 0.21313586831092834, 0.20605279505252838, 0.23663876950740814, 0.2382485568523407, 0.2607855796813965, 0.28139084577560425, 0.2952350378036499, 0.31712815165519714, 0.30907920002937317, 0.3705730736255646, 0.362524151802063, 0.36509981751441956, 0.33515775203704834, 0.36316806077957153, 0.38538312911987305, 0.37508049607276917, 0.3747585415840149, 0.3660656809806824, 0.3702511191368103, 0.33966517448425293]}