{"parameters": [[256, 0.3, 50, 16]], "report": {"air_conditioner": {"precision": 0.5076560659599529, "recall": 0.5401002506265664, "f1-score": 0.5233758348512447, "support": 798}, "car_horn": {"precision": 0.040955631399317405, "recall": 0.075, "f1-score": 0.052980132450331126, "support": 160}, "children_playing": {"precision": 0.3637650389242746, "recall": 0.648171500630517, "f1-score": 0.4660018132366274, "support": 793}, "dog_bark": {"precision": 0.6037735849056604, "recall": 0.6736842105263158, "f1-score": 0.6368159203980099, "support": 570}, "drilling": {"precision": 0.658008658008658, "recall": 0.46841294298921415, "f1-score": 0.5472547254725472, "support": 649}, "engine_idling": {"precision": 0.5419222903885481, "recall": 0.34822601839684625, "f1-score": 0.424, "support": 761}, "gun_shot": {"precision": 0.9444444444444444, "recall": 0.40963855421686746, "f1-score": 0.5714285714285714, "support": 83}, "jackhammer": {"precision": 0.370304114490161, "recall": 0.27344782034346105, "f1-score": 0.31458966565349544, "support": 757}, "siren": {"precision": 0.6104347826086957, "recall": 0.5169366715758469, "f1-score": 0.5598086124401914, "support": 679}, "street_music": {"precision": 0.505420054200542, "recall": 0.46625, "f1-score": 0.4850455136540962, "support": 800}, "accuracy": 0.47520661157024796, "macro avg": {"precision": 0.5146684665330254, "recall": 0.4419867969305635, "f1-score": 0.45813007895851154, "support": 6050}, "weighted avg": {"precision": 0.5059933731018333, "recall": 0.47520661157024796, "f1-score": 0.4777201609680951, "support": 6050}}, "finalAcc": 0.8112972378730774, "finalVal": 0.41886672377586365, "finalAccData": [0.14776870608329773, 0.16267478466033936, 0.16645899415016174, 0.17042779922485352, 0.1761041134595871, 0.1802113652229309, 0.18524159491062164, 0.19885550439357758, 0.20859292149543762, 0.2238682061433792, 0.24417370557785034, 0.27015551924705505, 0.31192025542259216, 0.3578845262527466, 0.41081729531288147, 0.4617195129394531, 0.4999769330024719, 0.5450182557106018, 0.5760302543640137, 0.6033965349197388, 0.6247173547744751, 0.6405002474784851, 0.6588674783706665, 0.6736351251602173, 0.6883105039596558, 0.6987401247024536, 0.7065392732620239, 0.7195994257926941, 0.7264294624328613, 0.7282754182815552, 0.741150975227356, 0.7466426491737366, 0.7527804970741272, 0.7561954855918884, 0.7602565884590149, 0.7653329372406006, 0.7712399959564209, 0.776639461517334, 0.7789468765258789, 0.78383868932724, 0.7889150381088257, 0.7905763983726501, 0.7936221957206726, 0.7948682308197021, 0.7977294921875, 0.7984216809272766, 0.7992985248565674, 0.8071438670158386, 0.810604989528656, 0.8112972378730774], "finalValData": [0.14938828349113464, 0.1455247849225998, 0.14745654165744781, 0.14810045063495636, 0.14616870880126953, 0.16291049122810364, 0.15132002532482147, 0.18029619753360748, 0.1767546683549881, 0.20669671893119812, 0.217965230345726, 0.23567289113998413, 0.2604636251926422, 0.30907920002937317, 0.3142305314540863, 0.36188024282455444, 0.37636831402778625, 0.418544739484787, 0.44816485047340393, 0.4162910580635071, 0.4114616811275482, 0.43206697702407837, 0.4426915645599365, 0.4362524151802063, 0.4571796655654907, 0.4584674835205078, 0.4571796655654907, 0.41564714908599854, 0.4282034635543823, 0.43013522028923035, 0.4298132658004761, 0.43110108375549316, 0.4407598078250885, 0.4191886782646179, 0.442047655582428, 0.4352865517139435, 0.4471989572048187, 0.4443013668060303, 0.4394719898700714, 0.4298132658004761, 0.4533161520957947, 0.44365742802619934, 0.4639407694339752, 0.44784289598464966, 0.44687700271606445, 0.4294913113117218, 0.4517063796520233, 0.43882808089256287, 0.42466193437576294, 0.41886672377586365]}