{"parameters": [[512, 0.4, 50, 32]], "report": {"air_conditioner": {"precision": 0.4324607329842932, "recall": 0.5175438596491229, "f1-score": 0.4711922418710782, "support": 798}, "car_horn": {"precision": 0.0380952380952381, "recall": 0.025, "f1-score": 0.030188679245283023, "support": 160}, "children_playing": {"precision": 0.44688995215311006, "recall": 0.5889029003783102, "f1-score": 0.5081610446137106, "support": 793}, "dog_bark": {"precision": 0.7090909090909091, "recall": 0.6157894736842106, "f1-score": 0.6591549295774648, "support": 570}, "drilling": {"precision": 0.6610526315789473, "recall": 0.48382126348228044, "f1-score": 0.5587188612099643, "support": 649}, "engine_idling": {"precision": 0.573134328358209, "recall": 0.5045992115637319, "f1-score": 0.5366876310272537, "support": 761}, "gun_shot": {"precision": 0.8478260869565217, "recall": 0.46987951807228917, "f1-score": 0.6046511627906976, "support": 83}, "jackhammer": {"precision": 0.40848214285714285, "recall": 0.48348745046235136, "f1-score": 0.44283121597096187, "support": 757}, "siren": {"precision": 0.580110497237569, "recall": 0.4639175257731959, "f1-score": 0.5155482815057284, "support": 679}, "street_music": {"precision": 0.47804878048780486, "recall": 0.49, "f1-score": 0.4839506172839506, "support": 800}, "accuracy": 0.503305785123967, "macro avg": {"precision": 0.5175191299799744, "recall": 0.4642941203065492, "f1-score": 0.4811084665096093, "support": 6050}, "weighted avg": {"precision": 0.5174987494886073, "recall": 0.503305785123967, "f1-score": 0.5046589252956026, "support": 6050}}, "finalAcc": 0.7613641619682312, "finalVal": 0.4385061264038086, "finalAccData": [0.17914994060993195, 0.22400665283203125, 0.26074114441871643, 0.29581430554389954, 0.34007108211517334, 0.3769901692867279, 0.40149521827697754, 0.4279385209083557, 0.4451982080936432, 0.4697032570838928, 0.4890396296977997, 0.5094374418258667, 0.5237897634506226, 0.5422031283378601, 0.5491716265678406, 0.5637085437774658, 0.5763994455337524, 0.5844293832778931, 0.6020120978355408, 0.6035811305046082, 0.6122109889984131, 0.618948757648468, 0.633254885673523, 0.6342701315879822, 0.6446074843406677, 0.6469149589538574, 0.6555447578430176, 0.659652054309845, 0.6683741807937622, 0.6708661913871765, 0.6824495792388916, 0.6823111176490784, 0.6955558657646179, 0.6950943470001221, 0.7046010494232178, 0.709031343460083, 0.7130463123321533, 0.7189995050430298, 0.7214453816413879, 0.7251834273338318, 0.7265217304229736, 0.7375974655151367, 0.7387973666191101, 0.7386127710342407, 0.747427225112915, 0.753149688243866, 0.7567954063415527, 0.7609026432037354, 0.7602565884590149, 0.7613641619682312], "finalValData": [0.2607855796813965, 0.34095299243927, 0.3412749469280243, 0.34256279468536377, 0.3734706938266754, 0.37862202525138855, 0.3702511191368103, 0.37958788871765137, 0.39085641503334045, 0.37508049607276917, 0.3789439797401428, 0.3882807493209839, 0.3847392201423645, 0.40534448623657227, 0.393432080745697, 0.38667094707489014, 0.3963296711444855, 0.3892466127872467, 0.4072762429714203, 0.42112040519714355, 0.4182227849960327, 0.39665165543556213, 0.42112040519714355, 0.41468125581741333, 0.39761751890182495, 0.4117836356163025, 0.4259497821331024, 0.4172569215297699, 0.42659369111061096, 0.43238893151283264, 0.4304571747779846, 0.4327108860015869, 0.4426915645599365, 0.42240825295448303, 0.4249838888645172, 0.418544739484787, 0.4349645972251892, 0.43238893151283264, 0.428525447845459, 0.42884740233421326, 0.4430135190486908, 0.442047655582428, 0.43560850620269775, 0.4227302074432373, 0.4343206584453583, 0.4381841719150543, 0.4465550482273102, 0.4227302074432373, 0.42788150906562805, 0.4385061264038086]}