{"parameters": [[64, 0.3, 30, 16]], "report": {"air_conditioner": {"precision": 0.3212052302444571, "recall": 0.7080200501253133, "f1-score": 0.4419241298396559, "support": 798}, "car_horn": {"precision": 0.0, "recall": 0.0, "f1-score": 0.0, "support": 160}, "children_playing": {"precision": 0.37521514629948366, "recall": 0.5498108448928121, "f1-score": 0.44603580562659845, "support": 793}, "dog_bark": {"precision": 0.7061503416856492, "recall": 0.543859649122807, "f1-score": 0.6144697720515362, "support": 570}, "drilling": {"precision": 0.7381818181818182, "recall": 0.31278890600924497, "f1-score": 0.4393939393939394, "support": 649}, "engine_idling": {"precision": 0.6642857142857143, "recall": 0.36662286465177396, "f1-score": 0.47248094834885684, "support": 761}, "gun_shot": {"precision": 0.96, "recall": 0.2891566265060241, "f1-score": 0.44444444444444436, "support": 83}, "jackhammer": {"precision": 0.47348951911220716, "recall": 0.5072655217965654, "f1-score": 0.4897959183673469, "support": 757}, "siren": {"precision": 0.5816485225505443, "recall": 0.5508100147275405, "f1-score": 0.5658093797276853, "support": 679}, "street_music": {"precision": 0.40310077519379844, "recall": 0.26, "f1-score": 0.3161094224924012, "support": 800}, "accuracy": 0.46, "macro avg": {"precision": 0.5223277067553672, "recall": 0.4088334477832081, "f1-score": 0.4230463760292465, "support": 6050}, "weighted avg": {"precision": 0.5118191803334902, "recall": 0.46, "f1-score": 0.45389599897941313, "support": 6050}}, "finalAcc": 0.4655037224292755, "finalVal": 0.39439794421195984, "finalAccData": [0.13101665675640106, 0.15081453323364258, 0.1493377685546875, 0.15021459758281708, 0.15819834172725677, 0.15967510640621185, 0.1705200970172882, 0.1749965399503708, 0.18371868133544922, 0.1894872933626175, 0.19964003562927246, 0.20190133154392242, 0.20928515493869781, 0.2174535095691681, 0.21362315118312836, 0.2362360954284668, 0.26235637068748474, 0.27744704484939575, 0.3040749430656433, 0.32618024945259094, 0.34256312251091003, 0.3665143847465515, 0.3939729630947113, 0.419954776763916, 0.430245965719223, 0.434353232383728, 0.4437214434146881, 0.4547048807144165, 0.45595088601112366, 0.4655037224292755], "finalValData": [0.15904700756072998, 0.15164197981357574, 0.14971023797988892, 0.15582743287086487, 0.14810045063495636, 0.1564713418483734, 0.16645203530788422, 0.16838377714157104, 0.18061815202236176, 0.17868641018867493, 0.1967160403728485, 0.19220863282680511, 0.19768190383911133, 0.19446232914924622, 0.20508693158626556, 0.21893109381198883, 0.23760463297367096, 0.2698003947734833, 0.2775273621082306, 0.3007082939147949, 0.3142305314540863, 0.3242112100124359, 0.3670315444469452, 0.362524151802063, 0.36155828833580017, 0.36316806077957153, 0.3647778630256653, 0.36992916464805603, 0.35962653160095215, 0.39439794421195984]}