{"parameters": [[128, 0.4, 30, 32]], "report": {"air_conditioner": {"precision": 0.1936121172209417, "recall": 0.7368421052631579, "f1-score": 0.30664928292046933, "support": 798}, "car_horn": {"precision": 0.0, "recall": 0.0, "f1-score": 0.0, "support": 160}, "children_playing": {"precision": 0.21875, "recall": 0.19419924337957126, "f1-score": 0.20574482297929192, "support": 793}, "dog_bark": {"precision": 0.7816091954022989, "recall": 0.47719298245614034, "f1-score": 0.5925925925925926, "support": 570}, "drilling": {"precision": 0.8167330677290837, "recall": 0.31587057010785824, "f1-score": 0.45555555555555555, "support": 649}, "engine_idling": {"precision": 0.5502392344497608, "recall": 0.15111695137976347, "f1-score": 0.23711340206185566, "support": 761}, "gun_shot": {"precision": 0.8611111111111112, "recall": 0.37349397590361444, "f1-score": 0.5210084033613446, "support": 83}, "jackhammer": {"precision": 0.3953488372093023, "recall": 0.3368560105680317, "f1-score": 0.36376604850213984, "support": 757}, "siren": {"precision": 0.2857142857142857, "recall": 0.0029455081001472753, "f1-score": 0.0058309037900874635, "support": 679}, "street_music": {"precision": 0.23370233702337023, "recall": 0.2375, "f1-score": 0.23558586484810912, "support": 800}, "accuracy": 0.299504132231405, "macro avg": {"precision": 0.4336820185860154, "recall": 0.28260173471582845, "f1-score": 0.2923846876611446, "support": 6050}, "weighted avg": {"precision": 0.4089245356863513, "recall": 0.299504132231405, "f1-score": 0.2864100622219152, "support": 6050}}, "finalAcc": 0.31838110089302063, "finalVal": 0.267546683549881, "finalAccData": [0.12455581873655319, 0.1452305167913437, 0.14841479063034058, 0.15256819128990173, 0.15427570044994354, 0.15930591523647308, 0.16876643896102905, 0.1737966686487198, 0.17891919612884521, 0.1868106573820114, 0.1997784823179245, 0.20176288485527039, 0.21048502624034882, 0.21362315118312836, 0.2239605039358139, 0.2339286506175995, 0.24228160083293915, 0.24828095734119415, 0.25497254729270935, 0.26106420159339905, 0.2636023759841919, 0.271586149930954, 0.2767086625099182, 0.2857076823711395, 0.2929992079734802, 0.30222898721694946, 0.3069361746311188, 0.30781301856040955, 0.3142277002334595, 0.31838110089302063], "finalValData": [0.15840308368206024, 0.15582743287086487, 0.1867353469133377, 0.19059884548187256, 0.1902768760919571, 0.19414037466049194, 0.18834513425827026, 0.17868641018867493, 0.18898905813694, 0.1857694834470749, 0.20412105321884155, 0.22215068340301514, 0.22408242523670197, 0.21893109381198883, 0.2215067595243454, 0.2012234330177307, 0.217965230345726, 0.216999351978302, 0.21989697217941284, 0.22279459238052368, 0.21635544300079346, 0.245975524187088, 0.2617514431476593, 0.26336124539375305, 0.27559563517570496, 0.25981971621513367, 0.2617514431476593, 0.2585318684577942, 0.24243399500846863, 0.267546683549881]}