{"parameters": [[512, 0.3, 30, 16]], "report": {"air_conditioner": {"precision": 0.4821192052980132, "recall": 0.45614035087719296, "f1-score": 0.46877012234385057, "support": 798}, "car_horn": {"precision": 0.03773584905660377, "recall": 0.0625, "f1-score": 0.047058823529411764, "support": 160}, "children_playing": {"precision": 0.3819173811379579, "recall": 0.617906683480454, "f1-score": 0.4720616570327553, "support": 793}, "dog_bark": {"precision": 0.716, "recall": 0.6280701754385964, "f1-score": 0.6691588785046728, "support": 570}, "drilling": {"precision": 0.5897920604914934, "recall": 0.48073959938366717, "f1-score": 0.529711375212224, "support": 649}, "engine_idling": {"precision": 0.5517241379310345, "recall": 0.5256241787122208, "f1-score": 0.53835800807537, "support": 761}, "gun_shot": {"precision": 0.8541666666666666, "recall": 0.4939759036144578, "f1-score": 0.6259541984732824, "support": 83}, "jackhammer": {"precision": 0.33677991137370755, "recall": 0.3011889035667107, "f1-score": 0.3179916317991632, "support": 757}, "siren": {"precision": 0.7253787878787878, "recall": 0.5640648011782032, "f1-score": 0.6346313173156586, "support": 679}, "street_music": {"precision": 0.46756756756756757, "recall": 0.4325, "f1-score": 0.4493506493506494, "support": 800}, "accuracy": 0.4846280991735537, "macro avg": {"precision": 0.5143181567401832, "recall": 0.45627105962515035, "f1-score": 0.47530466616370387, "support": 6050}, "weighted avg": {"precision": 0.5118695765968181, "recall": 0.4846280991735537, "f1-score": 0.4915562972745334, "support": 6050}}, "finalAcc": 0.8139277100563049, "finalVal": 0.41886672377586365, "finalAccData": [0.20651622116565704, 0.23420554399490356, 0.2708939015865326, 0.30333656072616577, 0.3502238094806671, 0.39992615580558777, 0.4551202058792114, 0.4917624294757843, 0.5252665281295776, 0.5566939115524292, 0.5852138996124268, 0.6091651916503906, 0.6401310563087463, 0.6551755666732788, 0.6790807247161865, 0.6910794377326965, 0.7076468467712402, 0.7152614593505859, 0.7275831699371338, 0.7436429858207703, 0.7518113255500793, 0.758918285369873, 0.7684710621833801, 0.7758087515830994, 0.7855000495910645, 0.7922377586364746, 0.7969911098480225, 0.8038211464881897, 0.8076976537704468, 0.8139277100563049], "finalValData": [0.23567289113998413, 0.2192530632019043, 0.24082420766353607, 0.23857051134109497, 0.2437218278646469, 0.31165486574172974, 0.3367675542831421, 0.3522215187549591, 0.3960077166557312, 0.4014810025691986, 0.3847392201423645, 0.41661301255226135, 0.4172569215297699, 0.4217643141746521, 0.40985190868377686, 0.4249838888645172, 0.4417257010936737, 0.4343206584453583, 0.4407598078250885, 0.43786218762397766, 0.4327108860015869, 0.42530587315559387, 0.42530587315559387, 0.4272376000881195, 0.4375402331352234, 0.44011589884757996, 0.4372182786464691, 0.4449452757835388, 0.43206697702407837, 0.41886672377586365]}