{"parameters": [[512, 0.4, 30, 16]], "report": {"air_conditioner": {"precision": 0.5213414634146342, "recall": 0.42857142857142855, "f1-score": 0.4704264099037139, "support": 798}, "car_horn": {"precision": 0.07211538461538461, "recall": 0.09375, "f1-score": 0.08152173913043478, "support": 160}, "children_playing": {"precision": 0.41116751269035534, "recall": 0.6128625472887768, "f1-score": 0.49215189873417725, "support": 793}, "dog_bark": {"precision": 0.7210216110019646, "recall": 0.643859649122807, "f1-score": 0.680259499536608, "support": 570}, "drilling": {"precision": 0.7028824833702882, "recall": 0.4884437596302003, "f1-score": 0.5763636363636364, "support": 649}, "engine_idling": {"precision": 0.5050962627406569, "recall": 0.5860709592641261, "f1-score": 0.5425790754257908, "support": 761}, "gun_shot": {"precision": 0.9285714285714286, "recall": 0.46987951807228917, "f1-score": 0.624, "support": 83}, "jackhammer": {"precision": 0.416793893129771, "recall": 0.3606340819022457, "f1-score": 0.38668555240793195, "support": 757}, "siren": {"precision": 0.5525114155251142, "recall": 0.5346097201767305, "f1-score": 0.5434131736526946, "support": 679}, "street_music": {"precision": 0.44609665427509293, "recall": 0.45, "f1-score": 0.44803982576228996, "support": 800}, "accuracy": 0.4971900826446281, "macro avg": {"precision": 0.527759810933469, "recall": 0.4668681664028604, "f1-score": 0.4845440810917278, "support": 6050}, "weighted avg": {"precision": 0.5173178633162249, "recall": 0.4971900826446281, "f1-score": 0.5000583750228008, "support": 6050}}, "finalAcc": 0.7195071578025818, "finalVal": 0.4282034635543823, "finalAccData": [0.17702709138393402, 0.2470349371433258, 0.302967369556427, 0.3494392931461334, 0.38931190967559814, 0.4185241460800171, 0.4478287100791931, 0.47053393721580505, 0.48968571424484253, 0.5153906345367432, 0.5291891694068909, 0.5458489060401917, 0.5629239678382874, 0.5766302347183228, 0.5915824174880981, 0.6026120185852051, 0.6133185625076294, 0.6248557567596436, 0.6326549649238586, 0.6393004059791565, 0.6512991189956665, 0.6611749529838562, 0.6706815958023071, 0.6780192852020264, 0.6867414116859436, 0.6944944262504578, 0.7024320363998413, 0.7044625878334045, 0.7159998416900635, 0.7195071578025818], "finalValData": [0.3209916353225708, 0.3480360507965088, 0.3502897620201111, 0.39858338236808777, 0.35640695691108704, 0.3847392201423645, 0.3911783695220947, 0.39311009645462036, 0.38667094707489014, 0.39890533685684204, 0.3802317976951599, 0.3737926483154297, 0.41307148337364197, 0.4159691035747528, 0.40566644072532654, 0.3869929313659668, 0.4001931846141815, 0.40566644072532654, 0.4047005772590637, 0.4085640609264374, 0.4095299541950226, 0.44236961007118225, 0.4217643141746521, 0.42015454173088074, 0.4207984507083893, 0.435930460691452, 0.4327108860015869, 0.4240180253982544, 0.42208629846572876, 0.4282034635543823]}