{"parameters": [[64, 0.4, 50, 32]], "report": {"air_conditioner": {"precision": 0.32100840336134456, "recall": 0.47869674185463656, "f1-score": 0.3843058350100604, "support": 798}, "car_horn": {"precision": 0.0, "recall": 0.0, "f1-score": 0.0, "support": 160}, "children_playing": {"precision": 0.25857519788918204, "recall": 0.3707440100882724, "f1-score": 0.30466321243523314, "support": 793}, "dog_bark": {"precision": 0.5845213849287169, "recall": 0.5035087719298246, "f1-score": 0.5409990574929312, "support": 570}, "drilling": {"precision": 0.7790262172284644, "recall": 0.3204930662557781, "f1-score": 0.4541484716157205, "support": 649}, "engine_idling": {"precision": 0.8252032520325203, "recall": 0.266754270696452, "f1-score": 0.40317775571002973, "support": 761}, "gun_shot": {"precision": 0.9428571428571428, "recall": 0.39759036144578314, "f1-score": 0.559322033898305, "support": 83}, "jackhammer": {"precision": 0.41847826086956524, "recall": 0.3051519154557464, "f1-score": 0.3529411764705882, "support": 757}, "siren": {"precision": 0.22641509433962265, "recall": 0.47717231222385864, "f1-score": 0.3071090047393365, "support": 679}, "street_music": {"precision": 0.18830242510699002, "recall": 0.165, "f1-score": 0.1758827448367755, "support": 800}, "accuracy": 0.3461157024793388, "macro avg": {"precision": 0.4544387378613549, "recall": 0.3285111449950352, "f1-score": 0.348254929220898, "support": 6050}, "weighted avg": {"precision": 0.4342781309873494, "recall": 0.3461157024793388, "f1-score": 0.35058470846831385, "support": 6050}}, "finalAcc": 0.3370252549648285, "finalVal": 0.2743077874183655, "finalAccData": [0.11560293287038803, 0.13609303534030914, 0.13803128898143768, 0.1377543956041336, 0.1361391842365265, 0.13600073754787445, 0.13720060884952545, 0.1372467577457428, 0.13872352242469788, 0.14056947827339172, 0.14472287893295288, 0.14799945056438446, 0.15146061778068542, 0.15450644493103027, 0.15676772594451904, 0.16022889316082, 0.16235174238681793, 0.1640131026506424, 0.16405925154685974, 0.16927407681941986, 0.17098158597946167, 0.17088928818702698, 0.17024320363998413, 0.17596566677093506, 0.17882689833641052, 0.1767963469028473, 0.17984217405319214, 0.18145738542079926, 0.1850108504295349, 0.18556463718414307, 0.18814897537231445, 0.19207161664962769, 0.1930868923664093, 0.19802482426166534, 0.20194748044013977, 0.20753149688243866, 0.20942360162734985, 0.21302321553230286, 0.21219253540039062, 0.21348470449447632, 0.21962250769138336, 0.21883797645568848, 0.2252526581287384, 0.22552955150604248, 0.2447274923324585, 0.25764918327331543, 0.2588951885700226, 0.27453967928886414, 0.2923069894313812, 0.3370252549648285], "finalValData": [0.11043142527341843, 0.14359304308891296, 0.1310366988182068, 0.1342562735080719, 0.1329684555530548, 0.1310366988182068, 0.13393431901931763, 0.13393431901931763, 0.14359304308891296, 0.14938828349113464, 0.1542176455259323, 0.14810045063495636, 0.15679329633712769, 0.15614938735961914, 0.1622665822505951, 0.14616870880126953, 0.16194462776184082, 0.1577591747045517, 0.1632324606180191, 0.16162265837192535, 0.16516420245170593, 0.1645202785730362, 0.15743722021579742, 0.1757887899875641, 0.16645203530788422, 0.16291049122810364, 0.1699935644865036, 0.18094012141227722, 0.17836445569992065, 0.1912427544593811, 0.19156470894813538, 0.19092079997062683, 0.19414037466049194, 0.1947842836380005, 0.14294913411140442, 0.1564713418483734, 0.15067611634731293, 0.1500321924686432, 0.14391499757766724, 0.15614938735961914, 0.15711526572704315, 0.137475848197937, 0.13135865330696106, 0.15067611634731293, 0.1912427544593811, 0.1812620759010315, 0.1844816505908966, 0.21957501769065857, 0.2585318684577942, 0.2743077874183655]}