{"parameters": [[256, 0.4, 50, 16]], "report": {"air_conditioner": {"precision": 0.3905146316851665, "recall": 0.4849624060150376, "f1-score": 0.4326439351593068, "support": 798}, "car_horn": {"precision": 0.06761565836298933, "recall": 0.11875, "f1-score": 0.08616780045351474, "support": 160}, "children_playing": {"precision": 0.4499532273152479, "recall": 0.6065573770491803, "f1-score": 0.5166487647690656, "support": 793}, "dog_bark": {"precision": 0.7478632478632479, "recall": 0.6140350877192983, "f1-score": 0.674373795761079, "support": 570}, "drilling": {"precision": 0.7610208816705336, "recall": 0.5053929121725732, "f1-score": 0.6074074074074074, "support": 649}, "engine_idling": {"precision": 0.5192069392812887, "recall": 0.5505913272010512, "f1-score": 0.5344387755102041, "support": 761}, "gun_shot": {"precision": 0.972972972972973, "recall": 0.43373493975903615, "f1-score": 0.6, "support": 83}, "jackhammer": {"precision": 0.41045751633986927, "recall": 0.4147952443857332, "f1-score": 0.4126149802890933, "support": 757}, "siren": {"precision": 0.6901960784313725, "recall": 0.5184094256259205, "f1-score": 0.592094196804037, "support": 679}, "street_music": {"precision": 0.4992764109985528, "recall": 0.43125, "f1-score": 0.4627766599597586, "support": 800}, "accuracy": 0.5009917355371901, "macro avg": {"precision": 0.5509077564921241, "recall": 0.4678478719927831, "f1-score": 0.4919166316113467, "support": 6050}, "weighted avg": {"precision": 0.5378678574616369, "recall": 0.5009917355371901, "f1-score": 0.510487667045064, "support": 6050}}, "finalAcc": 0.7106927037239075, "finalVal": 0.45911139249801636, "finalAccData": [0.1585213840007782, 0.18662606179714203, 0.19742488861083984, 0.22151461243629456, 0.24708108603954315, 0.26678666472435, 0.2862614691257477, 0.30592089891433716, 0.3220268487930298, 0.3417324423789978, 0.35566937923431396, 0.369375616312027, 0.40089529752731323, 0.42060086131095886, 0.4282154142856598, 0.44445982575416565, 0.4629193842411041, 0.4830864369869232, 0.5039919018745422, 0.5074992179870605, 0.5212515592575073, 0.5317735075950623, 0.5490793585777283, 0.5636162161827087, 0.5687387585639954, 0.5794453024864197, 0.5928284525871277, 0.6034888625144958, 0.6109649538993835, 0.6181641817092896, 0.6271632313728333, 0.6331625580787659, 0.6416078209877014, 0.6471918225288391, 0.6502838134765625, 0.662005603313446, 0.6662974953651428, 0.662928581237793, 0.673035204410553, 0.6752042174339294, 0.672527551651001, 0.6801882982254028, 0.6869722008705139, 0.6908025145530701, 0.6891411542892456, 0.6935714483261108, 0.6981402039527893, 0.7010475993156433, 0.7078314423561096, 0.7106927037239075], "finalValData": [0.20057952404022217, 0.1934964656829834, 0.2205408811569214, 0.2260141670703888, 0.24855118989944458, 0.28010302782058716, 0.22215068340301514, 0.22569221258163452, 0.2427559494972229, 0.24790728092193604, 0.30231809616088867, 0.30360591411590576, 0.339021235704422, 0.34932389855384827, 0.34063103795051575, 0.3815196454524994, 0.3515775799751282, 0.3679974377155304, 0.3580167293548584, 0.35866066813468933, 0.35189953446388245, 0.383451372385025, 0.37314873933792114, 0.3924661874771118, 0.41210559010505676, 0.38989052176475525, 0.3902125060558319, 0.40212491154670715, 0.38538312911987305, 0.3773341774940491, 0.40309080481529236, 0.4343206584453583, 0.40534448623657227, 0.4362524151802063, 0.41113972663879395, 0.4249838888645172, 0.4272376000881195, 0.43657436966896057, 0.4520283341407776, 0.4114616811275482, 0.4752092659473419, 0.4655505418777466, 0.4723116457462311, 0.46812620759010315, 0.45106247067451477, 0.4272376000881195, 0.45363810658454895, 0.442047655582428, 0.45685768127441406, 0.45911139249801636]}