{"parameters": [[128, 0.3, 40, 32]], "report": {"air_conditioner": {"precision": 0.2640926640926641, "recall": 0.42857142857142855, "f1-score": 0.3268036311514573, "support": 798}, "car_horn": {"precision": 0.2727272727272727, "recall": 0.01875, "f1-score": 0.03508771929824561, "support": 160}, "children_playing": {"precision": 0.40332640332640335, "recall": 0.489281210592686, "f1-score": 0.44216524216524217, "support": 793}, "dog_bark": {"precision": 0.7930232558139535, "recall": 0.5982456140350877, "f1-score": 0.682, "support": 570}, "drilling": {"precision": 0.7516556291390728, "recall": 0.349768875192604, "f1-score": 0.4773922187171399, "support": 649}, "engine_idling": {"precision": 0.37142857142857144, "recall": 0.290407358738502, "f1-score": 0.32595870206489674, "support": 761}, "gun_shot": {"precision": 0.9696969696969697, "recall": 0.3855421686746988, "f1-score": 0.5517241379310345, "support": 83}, "jackhammer": {"precision": 0.37344398340248963, "recall": 0.47556142668428003, "f1-score": 0.41836141778036023, "support": 757}, "siren": {"precision": 0.5081395348837209, "recall": 0.6435935198821797, "f1-score": 0.5679012345679012, "support": 679}, "street_music": {"precision": 0.41638795986622074, "recall": 0.31125, "f1-score": 0.3562231759656653, "support": 800}, "accuracy": 0.4297520661157025, "macro avg": {"precision": 0.5123922244377339, "recall": 0.39909716023714664, "f1-score": 0.4183617479641943, "support": 6050}, "weighted avg": {"precision": 0.46909819924000956, "recall": 0.4297520661157025, "f1-score": 0.4292130029346405, "support": 6050}}, "finalAcc": 0.5763071775436401, "finalVal": 0.3725048303604126, "finalAccData": [0.1469380259513855, 0.16378235816955566, 0.1615210622549057, 0.19174857437610626, 0.24731183052062988, 0.26115649938583374, 0.29410678148269653, 0.32128846645355225, 0.3314412236213684, 0.3454243242740631, 0.3630993664264679, 0.378466933965683, 0.3874659538269043, 0.39669573307037354, 0.40878674387931824, 0.412063330411911, 0.415847510099411, 0.423554390668869, 0.42927685379981995, 0.4361991882324219, 0.4409063756465912, 0.44395220279693604, 0.4549817740917206, 0.4619041085243225, 0.4646730422973633, 0.4679957628250122, 0.4807789921760559, 0.48650145530700684, 0.48982417583465576, 0.4971618354320526, 0.5016382932662964, 0.5096681714057922, 0.5169597268104553, 0.5256357192993164, 0.532558023929596, 0.5427107810974121, 0.5480640530586243, 0.560847282409668, 0.5655083060264587, 0.5763071775436401], "finalValData": [0.1925305873155594, 0.18383772671222687, 0.21603348851203918, 0.2215067595243454, 0.2224726378917694, 0.26014167070388794, 0.2652929723262787, 0.2817128002643585, 0.30457180738449097, 0.32163554430007935, 0.333547979593277, 0.33708950877189636, 0.3290405571460724, 0.34513843059539795, 0.33966517448425293, 0.32163554430007935, 0.3309723138809204, 0.3480360507965088, 0.35093367099761963, 0.3480360507965088, 0.3325820863246918, 0.34191885590553284, 0.34707018733024597, 0.3531873822212219, 0.3638119697570801, 0.35383129119873047, 0.3525434732437134, 0.3679974377155304, 0.3689633011817932, 0.36413392424583435, 0.3554410934448242, 0.38763684034347534, 0.36960721015930176, 0.3689633011817932, 0.3828074634075165, 0.37540245056152344, 0.3622021973133087, 0.3963296711444855, 0.37089502811431885, 0.3725048303604126]}