{"parameters": [[64, 0.4, 30, 16]], "report": {"air_conditioner": {"precision": 0.16636280765724704, "recall": 0.4573934837092732, "f1-score": 0.24398395721925134, "support": 798}, "car_horn": {"precision": 0.0, "recall": 0.0, "f1-score": 0.0, "support": 160}, "children_playing": {"precision": 0.31802721088435376, "recall": 0.47162673392181587, "f1-score": 0.37988826815642457, "support": 793}, "dog_bark": {"precision": 0.6013513513513513, "recall": 0.46842105263157896, "f1-score": 0.5266272189349113, "support": 570}, "drilling": {"precision": 0.751219512195122, "recall": 0.23728813559322035, "f1-score": 0.36065573770491804, "support": 649}, "engine_idling": {"precision": 0.6460176991150443, "recall": 0.19185282522996058, "f1-score": 0.29584599797365757, "support": 761}, "gun_shot": {"precision": 0.0, "recall": 0.0, "f1-score": 0.0, "support": 83}, "jackhammer": {"precision": 0.44537815126050423, "recall": 0.35006605019815057, "f1-score": 0.39201183431952663, "support": 757}, "siren": {"precision": 0.0, "recall": 0.0, "f1-score": 0.0, "support": 679}, "street_music": {"precision": 0.18925619834710744, "recall": 0.28625, "f1-score": 0.22786069651741292, "support": 800}, "accuracy": 0.2975206611570248, "macro avg": {"precision": 0.31176129308107303, "recall": 0.24628982812839992, "f1-score": 0.2426873710826102, "support": 6050}, "weighted avg": {"precision": 0.36288273068349036, "recall": 0.2975206611570248, "f1-score": 0.28667338897920064, "support": 6050}}, "finalAcc": 0.28455397486686707, "finalVal": 0.24436573684215546, "finalAccData": [0.11703354865312576, 0.13849277794361115, 0.14052332937717438, 0.1390465646982193, 0.140338733792305, 0.14186164736747742, 0.1444459855556488, 0.14656883478164673, 0.15496793389320374, 0.153537318110466, 0.1584290862083435, 0.15589089691638947, 0.16004429757595062, 0.1635054647922516, 0.16913563013076782, 0.16973556578159332, 0.17356592416763306, 0.17785777151584625, 0.18053440749645233, 0.18422631919384003, 0.18487240374088287, 0.18833357095718384, 0.19156397879123688, 0.20222437381744385, 0.2130693644285202, 0.22659097611904144, 0.2516036629676819, 0.2729244530200958, 0.2824772596359253, 0.28455397486686707], "finalValData": [0.10463618487119675, 0.13683193922042847, 0.13329041004180908, 0.1432710886001587, 0.14906632900238037, 0.14391499757766724, 0.14713457226753235, 0.16065679490566254, 0.16741789877414703, 0.16709594428539276, 0.16194462776184082, 0.16870573163032532, 0.1645202785730362, 0.16967160999774933, 0.16516420245170593, 0.17095942795276642, 0.16870573163032532, 0.17192530632019043, 0.18512555956840515, 0.1777205467224121, 0.16065679490566254, 0.17095942795276642, 0.18254990875720978, 0.2237604707479477, 0.23696072399616241, 0.24211204051971436, 0.25981971621513367, 0.2504829466342926, 0.2537025213241577, 0.24436573684215546]}