{"parameters": [[128, 0.5, 40, 16]], "report": {"air_conditioner": {"precision": 0.23413566739606126, "recall": 0.2681704260651629, "f1-score": 0.25, "support": 798}, "car_horn": {"precision": 0.13793103448275862, "recall": 0.025, "f1-score": 0.04232804232804233, "support": 160}, "children_playing": {"precision": 0.3507718696397942, "recall": 0.5157629255989912, "f1-score": 0.41755997958141905, "support": 793}, "dog_bark": {"precision": 0.8048780487804879, "recall": 0.5210526315789473, "f1-score": 0.6325878594249201, "support": 570}, "drilling": {"precision": 0.7668918918918919, "recall": 0.349768875192604, "f1-score": 0.4804232804232804, "support": 649}, "engine_idling": {"precision": 0.5468956406869221, "recall": 0.5440210249671484, "f1-score": 0.5454545454545454, "support": 761}, "gun_shot": {"precision": 0.8928571428571429, "recall": 0.30120481927710846, "f1-score": 0.45045045045045046, "support": 83}, "jackhammer": {"precision": 0.4217252396166134, "recall": 0.3487450462351387, "f1-score": 0.3817787418655098, "support": 757}, "siren": {"precision": 0.28089128966914245, "recall": 0.6126656848306333, "f1-score": 0.3851851851851852, "support": 679}, "street_music": {"precision": 0.4192708333333333, "recall": 0.20125, "f1-score": 0.2719594594594595, "support": 800}, "accuracy": 0.4018181818181818, "macro avg": {"precision": 0.4856248658354148, "recall": 0.3687641433745734, "f1-score": 0.3857727544172812, "support": 6050}, "weighted avg": {"precision": 0.4593797075252979, "recall": 0.4018181818181818, "f1-score": 0.4017124713762415, "support": 6050}}, "finalAcc": 0.46674972772598267, "finalVal": 0.3380553722381592, "finalAccData": [0.1014813780784607, 0.1316627413034439, 0.13337025046348572, 0.13230882585048676, 0.13807743787765503, 0.13660067319869995, 0.14061562716960907, 0.14167705178260803, 0.14619964361190796, 0.14901472628116608, 0.14832249283790588, 0.15616779029369354, 0.15759840607643127, 0.15524481236934662, 0.15824449062347412, 0.15547555685043335, 0.16009044647216797, 0.16313627362251282, 0.16862799227237701, 0.1827957034111023, 0.205177903175354, 0.2378513067960739, 0.2577876150608063, 0.27167844772338867, 0.2911532521247864, 0.3009829819202423, 0.31141260266304016, 0.3247496485710144, 0.3442244827747345, 0.3639300465583801, 0.39240390062332153, 0.40790992975234985, 0.42000091075897217, 0.4273386001586914, 0.4379066824913025, 0.4424292743206024, 0.4541972279548645, 0.4552125036716461, 0.4655037224292755, 0.46674972772598267], "finalValData": [0.12009014934301376, 0.1477784961462021, 0.1532517671585083, 0.15357372164726257, 0.1587250530719757, 0.15969091653823853, 0.16291049122810364, 0.1677398532629013, 0.16934964060783386, 0.15904700756072998, 0.16580811142921448, 0.16065679490566254, 0.16387636959552765, 0.16838377714157104, 0.17128139734268188, 0.16709594428539276, 0.17095942795276642, 0.1645202785730362, 0.1757887899875641, 0.20540888607501984, 0.2514488101005554, 0.23889246582984924, 0.2395363748073578, 0.23792658746242523, 0.25338056683540344, 0.2572440505027771, 0.25466838479042053, 0.2826786935329437, 0.32163554430007935, 0.3019961416721344, 0.31487444043159485, 0.3151963949203491, 0.3055376708507538, 0.34288474917411804, 0.33386993408203125, 0.34513843059539795, 0.32807469367980957, 0.34095299243927, 0.34159690141677856, 0.3380553722381592]}