{"parameters": [[64, 0.3, 50, 16]], "report": {"air_conditioner": {"precision": 0.3333333333333333, "recall": 0.7481203007518797, "f1-score": 0.4611819235225956, "support": 798}, "car_horn": {"precision": 0.14705882352941177, "recall": 0.03125, "f1-score": 0.05154639175257732, "support": 160}, "children_playing": {"precision": 0.411340206185567, "recall": 0.5031525851197982, "f1-score": 0.45263754963131025, "support": 793}, "dog_bark": {"precision": 0.7161016949152542, "recall": 0.5929824561403508, "f1-score": 0.6487523992322456, "support": 570}, "drilling": {"precision": 0.8132911392405063, "recall": 0.39599383667180277, "f1-score": 0.5326424870466322, "support": 649}, "engine_idling": {"precision": 0.6654275092936803, "recall": 0.4704336399474376, "f1-score": 0.5511932255581217, "support": 761}, "gun_shot": {"precision": 0.9117647058823529, "recall": 0.37349397590361444, "f1-score": 0.5299145299145298, "support": 83}, "jackhammer": {"precision": 0.44912280701754387, "recall": 0.3381770145310436, "f1-score": 0.3858327053504145, "support": 757}, "siren": {"precision": 0.7205882352941176, "recall": 0.5051546391752577, "f1-score": 0.5939393939393939, "support": 679}, "street_music": {"precision": 0.303886925795053, "recall": 0.3225, "f1-score": 0.31291691934505766, "support": 800}, "accuracy": 0.46975206611570247, "macro avg": {"precision": 0.547191538048682, "recall": 0.4281258448241185, "f1-score": 0.45205575252928787, "support": 6050}, "weighted avg": {"precision": 0.5299450963987437, "recall": 0.46975206611570247, "f1-score": 0.4726976378030598, "support": 6050}}, "finalAcc": 0.5159906148910522, "finalVal": 0.36767545342445374, "finalAccData": [0.12598642706871033, 0.14836864173412323, 0.15058378875255585, 0.15796759724617004, 0.16170565783977509, 0.16613595187664032, 0.17656560242176056, 0.18671835958957672, 0.19322533905506134, 0.20245511829853058, 0.2082698792219162, 0.21653053164482117, 0.22252988815307617, 0.23402094841003418, 0.2548340857028961, 0.2694171369075775, 0.288568913936615, 0.29244542121887207, 0.31348931789398193, 0.31441229581832886, 0.32917994260787964, 0.33337947726249695, 0.3435322344303131, 0.36005353927612305, 0.38571229577064514, 0.40767917037010193, 0.42267754673957825, 0.4284461736679077, 0.4432138204574585, 0.44224467873573303, 0.4517051875591278, 0.4541049301624298, 0.4572892189025879, 0.4639807939529419, 0.466657429933548, 0.4751026928424835, 0.47002631425857544, 0.4807789921760559, 0.48050209879875183, 0.4833633303642273, 0.4897780120372772, 0.49111634492874146, 0.4969772398471832, 0.5000692009925842, 0.5006691813468933, 0.5056993961334229, 0.5110065340995789, 0.5136831402778625, 0.517236590385437, 0.5159906148910522], "finalValData": [0.16419832408428192, 0.17256921529769897, 0.1757887899875641, 0.17514488101005554, 0.17643271386623383, 0.17836445569992065, 0.1925305873155594, 0.1902768760919571, 0.17707662284374237, 0.18866708874702454, 0.1857694834470749, 0.19864778220653534, 0.2070186734199524, 0.20734062790870667, 0.2884739339351654, 0.3077913820743561, 0.29716676473617554, 0.30392786860466003, 0.32839664816856384, 0.31487444043159485, 0.31938183307647705, 0.31809401512145996, 0.29716676473617554, 0.3222794532775879, 0.3557630479335785, 0.3715389668941498, 0.3515775799751282, 0.376046359539032, 0.4092079699039459, 0.36864134669303894, 0.37186092138290405, 0.38441726565361023, 0.3670315444469452, 0.38634899258613586, 0.4092079699039459, 0.391500324010849, 0.3789439797401428, 0.3847392201423645, 0.3515775799751282, 0.36992916464805603, 0.3860270380973816, 0.383451372385025, 0.38763684034347534, 0.39085641503334045, 0.37508049607276917, 0.3837733566761017, 0.37089502811431885, 0.3773341774940491, 0.4018029570579529, 0.36767545342445374]}