{"parameters": [[64, 0.5, 30, 16]], "report": {"air_conditioner": {"precision": 0.18831942789034564, "recall": 0.7919799498746867, "f1-score": 0.3042850264805007, "support": 798}, "car_horn": {"precision": 0.0, "recall": 0.0, "f1-score": 0.0, "support": 160}, "children_playing": {"precision": 0.0915032679738562, "recall": 0.07061790668348046, "f1-score": 0.07971530249110322, "support": 793}, "dog_bark": {"precision": 0.65, "recall": 0.4105263157894737, "f1-score": 0.5032258064516129, "support": 570}, "drilling": {"precision": 0.8106060606060606, "recall": 0.16486902927580893, "f1-score": 0.2740076824583867, "support": 649}, "engine_idling": {"precision": 0.21631205673758866, "recall": 0.08015768725361366, "f1-score": 0.11697027804410355, "support": 761}, "gun_shot": {"precision": 0.0, "recall": 0.0, "f1-score": 0.0, "support": 83}, "jackhammer": {"precision": 0.4206241519674355, "recall": 0.4095112285336856, "f1-score": 0.4149933065595716, "support": 757}, "siren": {"precision": 0.5274336283185841, "recall": 0.43888070692194403, "f1-score": 0.4790996784565916, "support": 679}, "street_music": {"precision": 0.16666666666666666, "recall": 0.00125, "f1-score": 0.0024813895781637717, "support": 800}, "accuracy": 0.28082644628099174, "macro avg": {"precision": 0.30714652601605374, "recall": 0.2367792824332693, "f1-score": 0.2174778470520034, "support": 6050}, "weighted avg": {"precision": 0.34610100057378557, "recall": 0.28082644628099174, "f1-score": 0.24812586604818376, "support": 6050}}, "finalAcc": 0.27453967928886414, "finalVal": 0.26883450150489807, "finalAccData": [0.13756980001926422, 0.13932345807552338, 0.13480086624622345, 0.13410863280296326, 0.13632377982139587, 0.13807743787765503, 0.13563154637813568, 0.1414463073015213, 0.1389542669057846, 0.14629194140434265, 0.14389219880104065, 0.1458304524421692, 0.14712262153625488, 0.14998385310173035, 0.15238359570503235, 0.1534450203180313, 0.15626008808612823, 0.1546448916196823, 0.15358346700668335, 0.15455259382724762, 0.15879827737808228, 0.17135077714920044, 0.19313304126262665, 0.2069777101278305, 0.21200793981552124, 0.22349901497364044, 0.24048179388046265, 0.25644931197166443, 0.26826342940330505, 0.27453967928886414], "finalValData": [0.14713457226753235, 0.14455892145633698, 0.14745654165744781, 0.14294913411140442, 0.13811977207660675, 0.137475848197937, 0.1577591747045517, 0.14488087594509125, 0.16033484041690826, 0.1622665822505951, 0.16162265837192535, 0.15808112919330597, 0.16033484041690826, 0.16162265837192535, 0.15840308368206024, 0.1667739897966385, 0.15936896204948425, 0.1622665822505951, 0.16194462776184082, 0.16838377714157104, 0.16580811142921448, 0.22762395441532135, 0.274951696395874, 0.2672247290611267, 0.2817128002643585, 0.25981971621513367, 0.2765614986419678, 0.2910495698451996, 0.27817127108573914, 0.26883450150489807]}