{"parameters": [[256, 0.4, 40, 16]], "report": {"air_conditioner": {"precision": 0.4407826982492276, "recall": 0.5363408521303258, "f1-score": 0.4838892029395138, "support": 798}, "car_horn": {"precision": 0.07936507936507936, "recall": 0.03125, "f1-score": 0.04484304932735426, "support": 160}, "children_playing": {"precision": 0.3918032786885246, "recall": 0.6027742749054225, "f1-score": 0.4749130650769995, "support": 793}, "dog_bark": {"precision": 0.7213822894168467, "recall": 0.5859649122807018, "f1-score": 0.6466602129719264, "support": 570}, "drilling": {"precision": 0.7487684729064039, "recall": 0.46841294298921415, "f1-score": 0.576303317535545, "support": 649}, "engine_idling": {"precision": 0.5027203482045702, "recall": 0.607095926412615, "f1-score": 0.55, "support": 761}, "gun_shot": {"precision": 0.9534883720930233, "recall": 0.4939759036144578, "f1-score": 0.6507936507936507, "support": 83}, "jackhammer": {"precision": 0.44461305007587254, "recall": 0.3870541611624835, "f1-score": 0.4138418079096045, "support": 757}, "siren": {"precision": 0.5416098226466576, "recall": 0.5846833578792342, "f1-score": 0.5623229461756374, "support": 679}, "street_music": {"precision": 0.5357766143106457, "recall": 0.38375, "f1-score": 0.44719592134013103, "support": 800}, "accuracy": 0.5039669421487604, "macro avg": {"precision": 0.5360310025956851, "recall": 0.46813023313744545, "f1-score": 0.48507631740703633, "support": 6050}, "weighted avg": {"precision": 0.5234607949728242, "recall": 0.5039669421487604, "f1-score": 0.5021421233136434, "support": 6050}}, "finalAcc": 0.6813881397247314, "finalVal": 0.4349645972251892, "finalAccData": [0.15178366005420685, 0.17938068509101868, 0.19890165328979492, 0.2203608900308609, 0.2579260766506195, 0.2819696366786957, 0.299875408411026, 0.30753612518310547, 0.33268725872039795, 0.34994691610336304, 0.3691910207271576, 0.38432782888412476, 0.40191057324409485, 0.42747703194618225, 0.43998339772224426, 0.4586736857891083, 0.47916379570961, 0.4967465102672577, 0.5093913078308105, 0.5275739431381226, 0.5376805663108826, 0.5494946837425232, 0.5620933175086975, 0.5760764479637146, 0.5881212949752808, 0.5942590832710266, 0.6049194931983948, 0.6173796653747559, 0.6229175329208374, 0.6271170973777771, 0.640454113483429, 0.6449766755104065, 0.6543910503387451, 0.6547141075134277, 0.6574369072914124, 0.6648668646812439, 0.6709585189819336, 0.6741427779197693, 0.6792191863059998, 0.6813881397247314], "finalValData": [0.17804250121116638, 0.22504828870296478, 0.23857051134109497, 0.24983902275562286, 0.26464906334877014, 0.2907276153564453, 0.2842884659767151, 0.3032839596271515, 0.31133291125297546, 0.3264649212360382, 0.3547971546649933, 0.3177720606327057, 0.3110109567642212, 0.34610432386398315, 0.3599484860897064, 0.3322601318359375, 0.32292336225509644, 0.34964585304260254, 0.37508049607276917, 0.36767545342445374, 0.36735349893569946, 0.36542177200317383, 0.3924661874771118, 0.391500324010849, 0.418544739484787, 0.4001931846141815, 0.42530587315559387, 0.4195106327533722, 0.4259497821331024, 0.4230521619319916, 0.4207984507083893, 0.4137153923511505, 0.4430135190486908, 0.4407598078250885, 0.4397939443588257, 0.4349645972251892, 0.42659369111061096, 0.4282034635543823, 0.44333547353744507, 0.4349645972251892]}