{"parameters": [[256, 0.3, 50, 32]], "report": {"air_conditioner": {"precision": 0.42021276595744683, "recall": 0.4949874686716792, "f1-score": 0.45454545454545453, "support": 798}, "car_horn": {"precision": 0.051643192488262914, "recall": 0.06875, "f1-score": 0.05898123324396783, "support": 160}, "children_playing": {"precision": 0.40244897959183673, "recall": 0.6216897856242118, "f1-score": 0.4886025768087215, "support": 793}, "dog_bark": {"precision": 0.6832740213523132, "recall": 0.6736842105263158, "f1-score": 0.6784452296819788, "support": 570}, "drilling": {"precision": 0.701098901098901, "recall": 0.4915254237288136, "f1-score": 0.5778985507246377, "support": 649}, "engine_idling": {"precision": 0.40819423368740515, "recall": 0.35348226018396844, "f1-score": 0.3788732394366197, "support": 761}, "gun_shot": {"precision": 0.8571428571428571, "recall": 0.3614457831325301, "f1-score": 0.5084745762711865, "support": 83}, "jackhammer": {"precision": 0.3860182370820669, "recall": 0.33553500660501984, "f1-score": 0.3590106007067138, "support": 757}, "siren": {"precision": 0.6125211505922166, "recall": 0.5331369661266568, "f1-score": 0.5700787401574804, "support": 679}, "street_music": {"precision": 0.47331460674157305, "recall": 0.42125, "f1-score": 0.44576719576719576, "support": 800}, "accuracy": 0.47173553719008265, "macro avg": {"precision": 0.49958689457348787, "recall": 0.43554869045991956, "f1-score": 0.4520677397343956, "support": 6050}, "weighted avg": {"precision": 0.4918615105666061, "recall": 0.47173553719008265, "f1-score": 0.4739487974796836, "support": 6050}}, "finalAcc": 0.7339978814125061, "finalVal": 0.43882808089256287, "finalAccData": [0.16848954558372498, 0.21399234235286713, 0.2523420453071594, 0.2887996733188629, 0.3153352737426758, 0.34459367394447327, 0.37292906641960144, 0.39651113748550415, 0.4231390357017517, 0.4349070191383362, 0.45267432928085327, 0.46674972772598267, 0.4783792495727539, 0.4934699237346649, 0.5031611919403076, 0.5146522521972656, 0.5269278883934021, 0.5429877042770386, 0.5484793782234192, 0.5582168102264404, 0.563339352607727, 0.5710461735725403, 0.5806451439857483, 0.5930591821670532, 0.5956897139549255, 0.6031658053398132, 0.6094881892204285, 0.6163644194602966, 0.620840847492218, 0.635146975517273, 0.6421154737472534, 0.6476994752883911, 0.6437307000160217, 0.6530988812446594, 0.659605860710144, 0.6689741015434265, 0.6738197207450867, 0.6768655776977539, 0.6840648055076599, 0.6900179982185364, 0.6988785862922668, 0.6980940699577332, 0.7017859816551208, 0.7090774774551392, 0.713323175907135, 0.7177534699440002, 0.7253680229187012, 0.7257372140884399, 0.7264755964279175, 0.7339978814125061], "finalValData": [0.26110753417015076, 0.2585318684577942, 0.24758531153202057, 0.2775273621082306, 0.2878299951553345, 0.311976820230484, 0.3403090834617615, 0.36864134669303894, 0.35093367099761963, 0.37089502811431885, 0.3737926483154297, 0.3715389668941498, 0.39214423298835754, 0.3802317976951599, 0.36767545342445374, 0.3869929313659668, 0.3725048303604126, 0.3869929313659668, 0.37990984320640564, 0.38441726565361023, 0.3963296711444855, 0.39858338236808777, 0.38763684034347534, 0.4047005772590637, 0.4240180253982544, 0.4195106327533722, 0.4082421064376831, 0.3815196454524994, 0.4117836356163025, 0.41339343786239624, 0.4304571747779846, 0.41307148337364197, 0.43657436966896057, 0.4169349670410156, 0.42788150906562805, 0.4394719898700714, 0.41983258724212646, 0.4304571747779846, 0.420476496219635, 0.44784289598464966, 0.4410817623138428, 0.43689632415771484, 0.4452672302722931, 0.43689632415771484, 0.4471989572048187, 0.4298132658004761, 0.44140374660491943, 0.4488087594509125, 0.4417257010936737, 0.43882808089256287]}