{"parameters": [[256, 0.5, 30, 16]], "report": {"air_conditioner": {"precision": 0.33496332518337407, "recall": 0.6867167919799498, "f1-score": 0.45028759244042726, "support": 798}, "car_horn": {"precision": 0.030612244897959183, "recall": 0.01875, "f1-score": 0.023255813953488372, "support": 160}, "children_playing": {"precision": 0.4075993091537133, "recall": 0.5952080706179067, "f1-score": 0.48385443362378266, "support": 793}, "dog_bark": {"precision": 0.7635933806146572, "recall": 0.5666666666666667, "f1-score": 0.6505538771399798, "support": 570}, "drilling": {"precision": 0.7555555555555555, "recall": 0.31432973805855163, "f1-score": 0.44396082698585415, "support": 649}, "engine_idling": {"precision": 0.7866323907455013, "recall": 0.4021024967148489, "f1-score": 0.5321739130434782, "support": 761}, "gun_shot": {"precision": 0.9655172413793104, "recall": 0.3373493975903614, "f1-score": 0.5, "support": 83}, "jackhammer": {"precision": 0.41260744985673353, "recall": 0.380449141347424, "f1-score": 0.39587628865979374, "support": 757}, "siren": {"precision": 0.49866310160427807, "recall": 0.5493372606774669, "f1-score": 0.5227750525578136, "support": 679}, "street_music": {"precision": 0.41430948419301167, "recall": 0.31125, "f1-score": 0.3554603854389722, "support": 800}, "accuracy": 0.4618181818181818, "macro avg": {"precision": 0.5370053483184094, "recall": 0.41621595636531766, "f1-score": 0.435819818384359, "support": 6050}, "weighted avg": {"precision": 0.5259797653920465, "recall": 0.4618181818181818, "f1-score": 0.4613534791614497, "support": 6050}}, "finalAcc": 0.5314965844154358, "finalVal": 0.3963296711444855, "finalAccData": [0.14786100387573242, 0.1574138104915619, 0.15506023168563843, 0.155429407954216, 0.1597212553024292, 0.15967510640621185, 0.16733582317829132, 0.17638100683689117, 0.18127278983592987, 0.18796437978744507, 0.19073329865932465, 0.20443952083587646, 0.2149614691734314, 0.22133001685142517, 0.23139046132564545, 0.2451428323984146, 0.25575706362724304, 0.2917993366718292, 0.34625500440597534, 0.36596059799194336, 0.3804051876068115, 0.40500253438949585, 0.43236881494522095, 0.4528127610683441, 0.470257043838501, 0.4787946045398712, 0.4932391941547394, 0.506760835647583, 0.5169135928153992, 0.5314965844154358], "finalValData": [0.20540888607501984, 0.18383772671222687, 0.18029619753360748, 0.17739857733249664, 0.18287186324596405, 0.17836445569992065, 0.17707662284374237, 0.17353509366512299, 0.17482292652130127, 0.17836445569992065, 0.18029619753360748, 0.2002575695514679, 0.19703799486160278, 0.20669671893119812, 0.2092723697423935, 0.22215068340301514, 0.27108821272850037, 0.254024475812912, 0.3174501061439514, 0.35383129119873047, 0.3512556254863739, 0.37508049607276917, 0.3399871289730072, 0.3531873822212219, 0.3692852556705475, 0.35383129119873047, 0.3924661874771118, 0.37314873933792114, 0.3522215187549591, 0.3963296711444855]}