{"parameters": [[256, 0.5, 40, 32]], "report": {"air_conditioner": {"precision": 0.2961233068659505, "recall": 0.7944862155388471, "f1-score": 0.43143926505614155, "support": 798}, "car_horn": {"precision": 0.0, "recall": 0.0, "f1-score": 0.0, "support": 160}, "children_playing": {"precision": 0.37487335359675783, "recall": 0.4665825977301387, "f1-score": 0.4157303370786517, "support": 793}, "dog_bark": {"precision": 0.752913752913753, "recall": 0.5666666666666667, "f1-score": 0.6466466466466467, "support": 570}, "drilling": {"precision": 0.8276923076923077, "recall": 0.41448382126348227, "f1-score": 0.5523613963039015, "support": 649}, "engine_idling": {"precision": 0.8129032258064516, "recall": 0.3311432325886991, "f1-score": 0.4705882352941177, "support": 761}, "gun_shot": {"precision": 0.8717948717948718, "recall": 0.40963855421686746, "f1-score": 0.5573770491803278, "support": 83}, "jackhammer": {"precision": 0.5470383275261324, "recall": 0.4147952443857332, "f1-score": 0.4718256949661908, "support": 757}, "siren": {"precision": 0.7005253940455342, "recall": 0.5891016200294551, "f1-score": 0.64, "support": 679}, "street_music": {"precision": 0.25667655786350146, "recall": 0.21625, "f1-score": 0.23473541383989147, "support": 800}, "accuracy": 0.45768595041322313, "macro avg": {"precision": 0.544054109810526, "recall": 0.420314795241989, "f1-score": 0.4420704038365869, "support": 6050}, "weighted avg": {"precision": 0.5431402391929073, "recall": 0.45768595041322313, "f1-score": 0.460319694200017, "support": 6050}}, "finalAcc": 0.48151737451553345, "finalVal": 0.3499678075313568, "finalAccData": [0.11864876002073288, 0.13023212552070618, 0.14670728147029877, 0.14970695972442627, 0.1510452777147293, 0.15745995938777924, 0.15875212848186493, 0.156629279255867, 0.1653052717447281, 0.16719737648963928, 0.17642715573310852, 0.18316489458084106, 0.20014767348766327, 0.2032857984304428, 0.21759195625782013, 0.22257603704929352, 0.23152890801429749, 0.23217499256134033, 0.23942036926746368, 0.25866445899009705, 0.2790622413158417, 0.288568913936615, 0.2929530739784241, 0.2956758439540863, 0.30873599648475647, 0.31099727749824524, 0.3263187110424042, 0.32659560441970825, 0.33776363730430603, 0.3542849123477936, 0.37112927436828613, 0.378466933965683, 0.38820433616638184, 0.39992615580558777, 0.4270155429840088, 0.4406294822692871, 0.4542895257472992, 0.45991969108581543, 0.47454890608787537, 0.48151737451553345], "finalValData": [0.14166130125522614, 0.19993561506271362, 0.1799742430448532, 0.17063747346401215, 0.16516420245170593, 0.17128139734268188, 0.17385704815387726, 0.17707662284374237, 0.1654861569404602, 0.16291049122810364, 0.1722472608089447, 0.174500972032547, 0.2137797772884369, 0.19961364567279816, 0.2102382481098175, 0.21893109381198883, 0.22118480503559113, 0.23663876950740814, 0.23406310379505157, 0.25788795948028564, 0.2765614986419678, 0.283000648021698, 0.28332260251045227, 0.29137152433395386, 0.29813265800476074, 0.29040566086769104, 0.2652929723262787, 0.28461042046546936, 0.28235673904418945, 0.3399871289730072, 0.3499678075313568, 0.3345138430595398, 0.35286542773246765, 0.3531873822212219, 0.3580167293548584, 0.3386992812156677, 0.339021235704422, 0.3638119697570801, 0.35061171650886536, 0.3499678075313568]}