{"parameters": [[512, 0.5, 40, 32]], "report": {"air_conditioner": {"precision": 0.3703457446808511, "recall": 0.6979949874686717, "f1-score": 0.48392701998262383, "support": 798}, "car_horn": {"precision": 0.034482758620689655, "recall": 0.0375, "f1-score": 0.035928143712574856, "support": 160}, "children_playing": {"precision": 0.4188679245283019, "recall": 0.5598991172761665, "f1-score": 0.47922288181327577, "support": 793}, "dog_bark": {"precision": 0.8469387755102041, "recall": 0.5824561403508772, "f1-score": 0.6902286902286902, "support": 570}, "drilling": {"precision": 0.7341463414634146, "recall": 0.4637904468412943, "f1-score": 0.5684608120868744, "support": 649}, "engine_idling": {"precision": 0.673394495412844, "recall": 0.48226018396846254, "f1-score": 0.5620214395099541, "support": 761}, "gun_shot": {"precision": 0.9736842105263158, "recall": 0.4457831325301205, "f1-score": 0.6115702479338843, "support": 83}, "jackhammer": {"precision": 0.38552437223042835, "recall": 0.34478203434610305, "f1-score": 0.3640167364016736, "support": 757}, "siren": {"precision": 0.5508021390374331, "recall": 0.6067746686303387, "f1-score": 0.5774351786965661, "support": 679}, "street_music": {"precision": 0.50199203187251, "recall": 0.315, "f1-score": 0.38709677419354843, "support": 800}, "accuracy": 0.49074380165289255, "macro avg": {"precision": 0.5490178793882994, "recall": 0.45362407114120346, "f1-score": 0.47599079245596654, "support": 6050}, "weighted avg": {"precision": 0.5377075562978286, "recall": 0.49074380165289255, "f1-score": 0.4942285375015322, "support": 6050}}, "finalAcc": 0.6251788139343262, "finalVal": 0.45911139249801636, "finalAccData": [0.15427570044994354, 0.1938714236021042, 0.20693156123161316, 0.21043887734413147, 0.2269601672887802, 0.2496192753314972, 0.2702939808368683, 0.28104665875434875, 0.2988601326942444, 0.31768885254859924, 0.3309336006641388, 0.3392404019832611, 0.3546079695224762, 0.3636069893836975, 0.38142046332359314, 0.3931422829627991, 0.40578708052635193, 0.4081406593322754, 0.42286214232444763, 0.43107664585113525, 0.44505977630615234, 0.4518897831439972, 0.4676727056503296, 0.46813419461250305, 0.48064056038856506, 0.4869629442691803, 0.503853440284729, 0.5117910504341125, 0.5266970992088318, 0.5305274724960327, 0.5457104444503784, 0.5532788634300232, 0.5576630234718323, 0.5701693892478943, 0.5752918720245361, 0.5837832689285278, 0.5949974656105042, 0.6020120978355408, 0.6181641817092896, 0.6251788139343262], "finalValData": [0.2730199694633484, 0.2562781572341919, 0.2504829466342926, 0.23406310379505157, 0.24919509887695312, 0.2617514431476593, 0.2562781572341919, 0.26142948865890503, 0.2752736508846283, 0.3007082939147949, 0.2772054076194763, 0.26915648579597473, 0.26786863803863525, 0.2762395441532135, 0.33161622285842896, 0.3219574987888336, 0.298454612493515, 0.31487444043159485, 0.28686413168907166, 0.33161622285842896, 0.32710883021354675, 0.32356730103492737, 0.3213135898113251, 0.3377334177494049, 0.33741146326065063, 0.36767545342445374, 0.34256279468536377, 0.37508049607276917, 0.3576947748661041, 0.36091434955596924, 0.36735349893569946, 0.38184159994125366, 0.39085641503334045, 0.3963296711444855, 0.3737926483154297, 0.3937540352344513, 0.39568576216697693, 0.41113972663879395, 0.4191886782646179, 0.45911139249801636]}