{"parameters": [[512, 0.4, 40, 16]], "report": {"air_conditioner": {"precision": 0.46859903381642515, "recall": 0.48621553884711777, "f1-score": 0.4772447724477245, "support": 798}, "car_horn": {"precision": 0.03773584905660377, "recall": 0.075, "f1-score": 0.050209205020920494, "support": 160}, "children_playing": {"precision": 0.41807348560079444, "recall": 0.5308953341740227, "f1-score": 0.46777777777777774, "support": 793}, "dog_bark": {"precision": 0.7063492063492064, "recall": 0.624561403508772, "f1-score": 0.6629422718808194, "support": 570}, "drilling": {"precision": 0.6108007448789572, "recall": 0.5053929121725732, "f1-score": 0.5531197301854974, "support": 649}, "engine_idling": {"precision": 0.5882352941176471, "recall": 0.6176084099868594, "f1-score": 0.6025641025641025, "support": 761}, "gun_shot": {"precision": 0.95, "recall": 0.4578313253012048, "f1-score": 0.6178861788617885, "support": 83}, "jackhammer": {"precision": 0.2662420382165605, "recall": 0.2760898282694848, "f1-score": 0.2710765239948119, "support": 757}, "siren": {"precision": 0.7213114754098361, "recall": 0.5184094256259205, "f1-score": 0.6032562125107113, "support": 679}, "street_music": {"precision": 0.43010752688172044, "recall": 0.4, "f1-score": 0.4145077720207254, "support": 800}, "accuracy": 0.4783471074380165, "macro avg": {"precision": 0.5197454654327751, "recall": 0.44920041778859554, "f1-score": 0.47205845472648794, "support": 6050}, "weighted avg": {"precision": 0.5078412504171249, "recall": 0.4783471074380165, "f1-score": 0.48808798815357035, "support": 6050}}, "finalAcc": 0.7690710425376892, "finalVal": 0.442047655582428, "finalAccData": [0.1913793832063675, 0.2436199188232422, 0.29779869318008423, 0.3529927432537079, 0.3845585882663727, 0.42037010192871094, 0.4543818235397339, 0.48470163345336914, 0.5054224729537964, 0.5295122265815735, 0.5430799722671509, 0.559416651725769, 0.5702616572380066, 0.5852138996124268, 0.5953205227851868, 0.6039503216743469, 0.6161336302757263, 0.6276708841323853, 0.6398541927337646, 0.64913010597229, 0.658221423625946, 0.6647284030914307, 0.6703585982322693, 0.680234432220459, 0.6908486485481262, 0.6963403820991516, 0.7076930403709412, 0.7145692110061646, 0.7219991683959961, 0.7278600931167603, 0.7323365211486816, 0.7414739727973938, 0.7415201663970947, 0.7499653697013855, 0.7520421147346497, 0.7556878328323364, 0.7606719136238098, 0.7633023858070374, 0.7674096822738647, 0.7690710425376892], "finalValData": [0.27141016721725464, 0.31712815165519714, 0.3522215187549591, 0.38860270380973816, 0.40792015194892883, 0.4047005772590637, 0.405022531747818, 0.3815196454524994, 0.40115904808044434, 0.3911783695220947, 0.4037347137928009, 0.40534448623657227, 0.41983258724212646, 0.3963296711444855, 0.40985190868377686, 0.4059883952140808, 0.4159691035747528, 0.43238893151283264, 0.4484868049621582, 0.4272376000881195, 0.42884740233421326, 0.4343206584453583, 0.4417257010936737, 0.4571796655654907, 0.4304571747779846, 0.4565357267856598, 0.4452672302722931, 0.4207984507083893, 0.45041853189468384, 0.4410817623138428, 0.43689632415771484, 0.42884740233421326, 0.45911139249801636, 0.4372182786464691, 0.43464261293411255, 0.44365742802619934, 0.43206697702407837, 0.45685768127441406, 0.42433997988700867, 0.442047655582428]}