{"parameters": [[64, 0.4, 30, 32]], "report": {"air_conditioner": {"precision": 0.13276890513757938, "recall": 0.8646616541353384, "f1-score": 0.23019182652210177, "support": 798}, "car_horn": {"precision": 0.0, "recall": 0.0, "f1-score": 0.0, "support": 160}, "children_playing": {"precision": 0.0, "recall": 0.0, "f1-score": 0.0, "support": 793}, "dog_bark": {"precision": 0.0, "recall": 0.0, "f1-score": 0.0, "support": 570}, "drilling": {"precision": 0.47304347826086957, "recall": 0.41910631741140214, "f1-score": 0.4444444444444445, "support": 649}, "engine_idling": {"precision": 0.25, "recall": 0.002628120893561104, "f1-score": 0.005201560468140441, "support": 761}, "gun_shot": {"precision": 0.918918918918919, "recall": 0.40963855421686746, "f1-score": 0.5666666666666667, "support": 83}, "jackhammer": {"precision": 0.3047619047619048, "recall": 0.04227212681638045, "f1-score": 0.07424593967517402, "support": 757}, "siren": {"precision": 0.0, "recall": 0.0, "f1-score": 0.0, "support": 679}, "street_music": {"precision": 0.10666666666666667, "recall": 0.01, "f1-score": 0.018285714285714287, "support": 800}, "accuracy": 0.17157024793388428, "macro avg": {"precision": 0.21861598737459395, "recall": 0.17483067734735494, "f1-score": 0.13390361520622415, "support": 6050}, "weighted avg": {"precision": 0.16454763127263775, "recall": 0.17157024793388428, "f1-score": 0.09817553563989223, "support": 6050}}, "finalAcc": 0.17647330462932587, "finalVal": 0.19639407098293304, "finalAccData": [0.08519082516431808, 0.12838616967201233, 0.1305551677942276, 0.12977063655853271, 0.1300475299358368, 0.12972448766231537, 0.1304628700017929, 0.1298629343509674, 0.13018597662448883, 0.12990908324718475, 0.1306474655866623, 0.13037057220935822, 0.12967833876609802, 0.1311551034450531, 0.13143199682235718, 0.12953989207744598, 0.12949374318122864, 0.1317550390958786, 0.1310628056526184, 0.1347547173500061, 0.13378559052944183, 0.1349393129348755, 0.13918501138687134, 0.1458304524421692, 0.14781485497951508, 0.155429407954216, 0.15889057517051697, 0.16378235816955566, 0.17208915948867798, 0.17647330462932587], "finalValData": [0.06439150124788284, 0.13232453167438507, 0.1310366988182068, 0.13007083535194397, 0.12878300249576569, 0.12942691147327423, 0.12910495698451996, 0.1297488659620285, 0.12910495698451996, 0.12910495698451996, 0.12878300249576569, 0.12910495698451996, 0.1297488659620285, 0.1297488659620285, 0.1297488659620285, 0.1297488659620285, 0.13007083535194397, 0.13007083535194397, 0.13135865330696106, 0.13940760493278503, 0.1442369669675827, 0.1555054783821106, 0.16419832408428192, 0.16419832408428192, 0.1667739897966385, 0.1677398532629013, 0.1699935644865036, 0.1732131391763687, 0.19092079997062683, 0.19639407098293304]}