{"parameters": [[128, 0.4, 40, 16]], "report": {"air_conditioner": {"precision": 0.3667752442996743, "recall": 0.7055137844611529, "f1-score": 0.48264037719674246, "support": 798}, "car_horn": {"precision": 0.03767123287671233, "recall": 0.06875, "f1-score": 0.048672566371681415, "support": 160}, "children_playing": {"precision": 0.3891941391941392, "recall": 0.5359394703656999, "f1-score": 0.4509283819628648, "support": 793}, "dog_bark": {"precision": 0.7097457627118644, "recall": 0.5877192982456141, "f1-score": 0.6429942418426103, "support": 570}, "drilling": {"precision": 0.8299120234604106, "recall": 0.43605546995377503, "f1-score": 0.5717171717171717, "support": 649}, "engine_idling": {"precision": 0.6744186046511628, "recall": 0.38107752956636004, "f1-score": 0.48698572628043657, "support": 761}, "gun_shot": {"precision": 0.9459459459459459, "recall": 0.42168674698795183, "f1-score": 0.5833333333333334, "support": 83}, "jackhammer": {"precision": 0.4319775596072931, "recall": 0.40686922060766184, "f1-score": 0.41904761904761906, "support": 757}, "siren": {"precision": 0.5398981324278438, "recall": 0.4683357879234168, "f1-score": 0.5015772870662459, "support": 679}, "street_music": {"precision": 0.4644808743169399, "recall": 0.31875, "f1-score": 0.3780578206078577, "support": 800}, "accuracy": 0.46661157024793387, "macro avg": {"precision": 0.5390019519491986, "recall": 0.4330697308111632, "f1-score": 0.4565954525426562, "support": 6050}, "weighted avg": {"precision": 0.5301556360680599, "recall": 0.46661157024793387, "f1-score": 0.47393736978564416, "support": 6050}}, "finalAcc": 0.5822603702545166, "finalVal": 0.37540245056152344, "finalAccData": [0.13789284229278564, 0.15196825563907623, 0.15755225718021393, 0.16267478466033936, 0.17176611721515656, 0.17896534502506256, 0.18487240374088287, 0.18722599744796753, 0.19276385009288788, 0.1965942084789276, 0.20794683694839478, 0.21533066034317017, 0.22082237899303436, 0.23475933074951172, 0.24708108603954315, 0.2647099494934082, 0.2970603108406067, 0.3105357885360718, 0.32041165232658386, 0.3390558063983917, 0.3710831105709076, 0.39729568362236023, 0.41086345911026, 0.4298306405544281, 0.4508283734321594, 0.4629655182361603, 0.47621026635169983, 0.48133277893066406, 0.496654212474823, 0.5109142065048218, 0.5170519948005676, 0.5260971784591675, 0.5370344519615173, 0.5468180179595947, 0.5477409958839417, 0.5525404810905457, 0.5626471042633057, 0.5686464309692383, 0.5775532126426697, 0.5822603702545166], "finalValData": [0.20444300770759583, 0.16806182265281677, 0.16613006591796875, 0.17482292652130127, 0.17836445569992065, 0.18029619753360748, 0.17933033406734467, 0.18029619753360748, 0.18190598487854004, 0.19381842017173767, 0.20057952404022217, 0.20991629362106323, 0.21056020259857178, 0.20862846076488495, 0.2205408811569214, 0.26786863803863525, 0.3145524859428406, 0.2887958884239197, 0.28557631373405457, 0.3029620051383972, 0.3444945216178894, 0.3200257420539856, 0.36091434955596924, 0.349001944065094, 0.36155828833580017, 0.3464262783527374, 0.35511913895606995, 0.35511913895606995, 0.36831939220428467, 0.35383129119873047, 0.38538312911987305, 0.3721828758716583, 0.3705730736255646, 0.3879587948322296, 0.3737926483154297, 0.36509981751441956, 0.3802317976951599, 0.3937540352344513, 0.38409531116485596, 0.37540245056152344]}