{"parameters": [[512, 0.3, 50, 16]], "report": {"air_conditioner": {"precision": 0.6282608695652174, "recall": 0.36215538847117795, "f1-score": 0.4594594594594595, "support": 798}, "car_horn": {"precision": 0.03496503496503497, "recall": 0.0625, "f1-score": 0.04484304932735426, "support": 160}, "children_playing": {"precision": 0.4231697506033789, "recall": 0.6633039092055486, "f1-score": 0.5166994106090373, "support": 793}, "dog_bark": {"precision": 0.6467576791808873, "recall": 0.6649122807017543, "f1-score": 0.6557093425605537, "support": 570}, "drilling": {"precision": 0.548621190130624, "recall": 0.5824345146379045, "f1-score": 0.5650224215246636, "support": 649}, "engine_idling": {"precision": 0.563011456628478, "recall": 0.4520367936925099, "f1-score": 0.5014577259475219, "support": 761}, "gun_shot": {"precision": 0.8333333333333334, "recall": 0.5421686746987951, "f1-score": 0.656934306569343, "support": 83}, "jackhammer": {"precision": 0.3071297989031079, "recall": 0.22192866578599735, "f1-score": 0.25766871165644173, "support": 757}, "siren": {"precision": 0.5682210708117443, "recall": 0.4845360824742268, "f1-score": 0.5230524642289348, "support": 679}, "street_music": {"precision": 0.4793969849246231, "recall": 0.59625, "f1-score": 0.5314763231197771, "support": 800}, "accuracy": 0.48677685950413224, "macro avg": {"precision": 0.503286716904643, "recall": 0.4632226309667914, "f1-score": 0.4712323215003087, "support": 6050}, "weighted avg": {"precision": 0.506889679209136, "recall": 0.48677685950413224, "f1-score": 0.48521385443066584, "support": 6050}}, "finalAcc": 0.8493700623512268, "finalVal": 0.449452668428421, "finalAccData": [0.23148275911808014, 0.32608795166015625, 0.3814665973186493, 0.4375374913215637, 0.4799944758415222, 0.5280815958976746, 0.5499561429023743, 0.5768609642982483, 0.6006737947463989, 0.6148876547813416, 0.6347777843475342, 0.64913010597229, 0.6636669635772705, 0.6779731512069702, 0.6928330659866333, 0.6984632611274719, 0.708016037940979, 0.718630313873291, 0.7295214533805847, 0.7345055341720581, 0.7429969310760498, 0.7506114840507507, 0.7606719136238098, 0.7656559944152832, 0.7720707058906555, 0.7759933471679688, 0.7848539352416992, 0.7894226908683777, 0.7922838926315308, 0.7976832985877991, 0.7986524701118469, 0.8027135729789734, 0.8064054846763611, 0.8065900802612305, 0.8151737451553345, 0.8152198791503906, 0.818819522857666, 0.8198809623718262, 0.8289260864257812, 0.8298952579498291, 0.8315566182136536, 0.8319719433784485, 0.8387558460235596, 0.8369098901748657, 0.8424477577209473, 0.846093475818634, 0.8449859023094177, 0.8464165329933167, 0.8502930402755737, 0.8493700623512268], "finalValData": [0.32807469367980957, 0.3055376708507538, 0.35061171650886536, 0.42112040519714355, 0.42884740233421326, 0.47005796432495117, 0.43882808089256287, 0.44591113924980164, 0.45267224311828613, 0.43915003538131714, 0.42112040519714355, 0.45911139249801636, 0.4294913113117218, 0.4307791292667389, 0.4230521619319916, 0.45106247067451477, 0.44816485047340393, 0.42112040519714355, 0.44687700271606445, 0.43915003538131714, 0.43657436966896057, 0.41983258724212646, 0.42112040519714355, 0.435930460691452, 0.4327108860015869, 0.4381841719150543, 0.4317450225353241, 0.4410817623138428, 0.4298132658004761, 0.4381841719150543, 0.4529941976070404, 0.43142303824424744, 0.43464261293411255, 0.42788150906562805, 0.442047655582428, 0.4616870582103729, 0.42691564559936523, 0.43110108375549316, 0.43367674946784973, 0.43206697702407837, 0.4275595545768738, 0.433998703956604, 0.41886672377586365, 0.4217643141746521, 0.428525447845459, 0.4439793825149536, 0.4372182786464691, 0.4298132658004761, 0.42015454173088074, 0.449452668428421]}