{"parameters": [[512, 0.5, 50, 32]], "report": {"air_conditioner": {"precision": 0.36262975778546713, "recall": 0.656641604010025, "f1-score": 0.46723138653588947, "support": 798}, "car_horn": {"precision": 0.07301587301587302, "recall": 0.14375, "f1-score": 0.0968421052631579, "support": 160}, "children_playing": {"precision": 0.42786069651741293, "recall": 0.5422446406052963, "f1-score": 0.4783092324805339, "support": 793}, "dog_bark": {"precision": 0.8028846153846154, "recall": 0.5859649122807018, "f1-score": 0.6774847870182557, "support": 570}, "drilling": {"precision": 0.6901709401709402, "recall": 0.49768875192604006, "f1-score": 0.5783348254252463, "support": 649}, "engine_idling": {"precision": 0.5143638850889193, "recall": 0.4940867279894875, "f1-score": 0.5040214477211795, "support": 761}, "gun_shot": {"precision": 0.9047619047619048, "recall": 0.4578313253012048, "f1-score": 0.608, "support": 83}, "jackhammer": {"precision": 0.41681901279707495, "recall": 0.3011889035667107, "f1-score": 0.3496932515337423, "support": 757}, "siren": {"precision": 0.6973947895791583, "recall": 0.5125184094256259, "f1-score": 0.5908319185059422, "support": 679}, "street_music": {"precision": 0.4845360824742268, "recall": 0.3525, "f1-score": 0.40810419681620835, "support": 800}, "accuracy": 0.4803305785123967, "macro avg": {"precision": 0.5374437557575593, "recall": 0.45444152751050926, "f1-score": 0.4758853151300156, "support": 6050}, "weighted avg": {"precision": 0.52713022563847, "recall": 0.4803305785123967, "f1-score": 0.48852075672753076, "support": 6050}}, "finalAcc": 0.6762656569480896, "finalVal": 0.4249838888645172, "finalAccData": [0.15889057517051697, 0.21560755372047424, 0.2211454212665558, 0.22109927237033844, 0.22940605878829956, 0.24948082864284515, 0.2636946737766266, 0.275877982378006, 0.29664498567581177, 0.3162582516670227, 0.32368820905685425, 0.33476394414901733, 0.3481932580471039, 0.3568231165409088, 0.365268349647522, 0.3738059103488922, 0.38880428671836853, 0.3957727551460266, 0.4130786061286926, 0.41930869221687317, 0.42918455600738525, 0.4397065043449402, 0.4503207206726074, 0.45922747254371643, 0.4734874665737152, 0.49190086126327515, 0.4979463815689087, 0.5104527473449707, 0.5194978713989258, 0.5295122265815735, 0.540772557258606, 0.5514329075813293, 0.5662466883659363, 0.5748765468597412, 0.5888134837150574, 0.5942129492759705, 0.6028889417648315, 0.6093035936355591, 0.6162720918655396, 0.6236559152603149, 0.628455400466919, 0.6357930898666382, 0.6350547075271606, 0.6478840708732605, 0.6530066132545471, 0.6551294326782227, 0.663943886756897, 0.6660667061805725, 0.6688818335533142, 0.6762656569480896], "finalValData": [0.283000648021698, 0.2652929723262787, 0.27688345313072205, 0.2762395441532135, 0.23245331645011902, 0.2640051543712616, 0.2569220960140228, 0.2559562027454376, 0.24790728092193604, 0.2681905925273895, 0.27334192395210266, 0.28493237495422363, 0.2797810733318329, 0.29942047595977783, 0.31165486574172974, 0.3042498528957367, 0.3222794532775879, 0.3242112100124359, 0.3380553722381592, 0.333547979593277, 0.35061171650886536, 0.34063103795051575, 0.3258209824562073, 0.34739214181900024, 0.354475200176239, 0.3525434732437134, 0.3580167293548584, 0.3477140963077545, 0.36155828833580017, 0.3969736099243164, 0.3847392201423645, 0.3789439797401428, 0.36767545342445374, 0.3960077166557312, 0.41210559010505676, 0.3882807493209839, 0.4014810025691986, 0.3979394733905792, 0.4230521619319916, 0.4317450225353241, 0.41757887601852417, 0.4262717366218567, 0.4259497821331024, 0.4114616811275482, 0.4282034635543823, 0.4349645972251892, 0.4307791292667389, 0.4227302074432373, 0.43367674946784973, 0.4249838888645172]}