{"parameters": [[512, 0.3, 50, 32]], "report": {"air_conditioner": {"precision": 0.5781990521327014, "recall": 0.45864661654135336, "f1-score": 0.5115303983228512, "support": 798}, "car_horn": {"precision": 0.06477732793522267, "recall": 0.1, "f1-score": 0.07862407862407862, "support": 160}, "children_playing": {"precision": 0.35186355022109916, "recall": 0.7023959646910467, "f1-score": 0.46885521885521886, "support": 793}, "dog_bark": {"precision": 0.6881918819188192, "recall": 0.6543859649122807, "f1-score": 0.670863309352518, "support": 570}, "drilling": {"precision": 0.6265560165975104, "recall": 0.46533127889060094, "f1-score": 0.5340406719717065, "support": 649}, "engine_idling": {"precision": 0.5180180180180181, "recall": 0.30223390275952694, "f1-score": 0.38174273858921165, "support": 761}, "gun_shot": {"precision": 0.9024390243902439, "recall": 0.4457831325301205, "f1-score": 0.596774193548387, "support": 83}, "jackhammer": {"precision": 0.389196675900277, "recall": 0.3712021136063408, "f1-score": 0.37998647734956054, "support": 757}, "siren": {"precision": 0.6492146596858639, "recall": 0.5478645066273933, "f1-score": 0.5942492012779553, "support": 679}, "street_music": {"precision": 0.48659003831417624, "recall": 0.47625, "f1-score": 0.4813644977890082, "support": 800}, "accuracy": 0.4818181818181818, "macro avg": {"precision": 0.5255046245113932, "recall": 0.45240934805586636, "f1-score": 0.4698030785680496, "support": 6050}, "weighted avg": {"precision": 0.5195907533608312, "recall": 0.4818181818181818, "f1-score": 0.48559385666408444, "support": 6050}}, "finalAcc": 0.8499699831008911, "finalVal": 0.4275595545768738, "finalAccData": [0.19991692900657654, 0.24865014851093292, 0.29530665278434753, 0.3355023264884949, 0.38174349069595337, 0.41520142555236816, 0.4511052668094635, 0.4851631224155426, 0.5041303038597107, 0.5332041382789612, 0.5560939311981201, 0.5819835066795349, 0.5994738936424255, 0.6223637461662292, 0.639438807964325, 0.6568369269371033, 0.6722506880760193, 0.678849995136261, 0.6897410750389099, 0.6998938322067261, 0.7146153450012207, 0.722414493560791, 0.7322903871536255, 0.737828254699707, 0.747427225112915, 0.7558262944221497, 0.760810375213623, 0.768932580947876, 0.7740551233291626, 0.7795467972755432, 0.7812081575393677, 0.7918224334716797, 0.7966219186782837, 0.7998984456062317, 0.8059900999069214, 0.8065438866615295, 0.8150352835655212, 0.8174812197685242, 0.8196040391921997, 0.826526403427124, 0.8269878625869751, 0.8309566378593445, 0.8335409760475159, 0.8324334025382996, 0.8421708345413208, 0.8431861400604248, 0.8467857241630554, 0.8473856449127197, 0.852323591709137, 0.8499699831008911], "finalValData": [0.2765614986419678, 0.25981971621513367, 0.2897617518901825, 0.298454612493515, 0.35640695691108704, 0.3721828758716583, 0.35962653160095215, 0.39536380767822266, 0.40888601541519165, 0.41661301255226135, 0.41564714908599854, 0.44365742802619934, 0.43464261293411255, 0.41339343786239624, 0.4137153923511505, 0.41983258724212646, 0.4207984507083893, 0.44333547353744507, 0.4172569215297699, 0.44011589884757996, 0.42659369111061096, 0.44333547353744507, 0.4394719898700714, 0.4304571747779846, 0.4282034635543823, 0.43915003538131714, 0.4426915645599365, 0.4352865517139435, 0.4517063796520233, 0.4275595545768738, 0.43110108375549316, 0.4249838888645172, 0.420476496219635, 0.4349645972251892, 0.4262717366218567, 0.4381841719150543, 0.4304571747779846, 0.43110108375549316, 0.42884740233421326, 0.44333547353744507, 0.4462330937385559, 0.4375402331352234, 0.44365742802619934, 0.43560850620269775, 0.4533161520957947, 0.4542820453643799, 0.4484868049621582, 0.44236961007118225, 0.433998703956604, 0.4275595545768738]}