{"parameters": [[64, 0.4, 50, 16]], "report": {"air_conditioner": {"precision": 0.2695951765719208, "recall": 0.39223057644110276, "f1-score": 0.31955079122001023, "support": 798}, "car_horn": {"precision": 0.6, "recall": 0.01875, "f1-score": 0.03636363636363636, "support": 160}, "children_playing": {"precision": 0.33541666666666664, "recall": 0.4060529634300126, "f1-score": 0.3673702224757559, "support": 793}, "dog_bark": {"precision": 0.7736318407960199, "recall": 0.5456140350877193, "f1-score": 0.6399176954732511, "support": 570}, "drilling": {"precision": 0.8135593220338984, "recall": 0.4437596302003082, "f1-score": 0.5742771684945165, "support": 649}, "engine_idling": {"precision": 0.5227882037533512, "recall": 0.5124835742444153, "f1-score": 0.5175846051758461, "support": 761}, "gun_shot": {"precision": 0.8947368421052632, "recall": 0.40963855421686746, "f1-score": 0.5619834710743802, "support": 83}, "jackhammer": {"precision": 0.38493723849372385, "recall": 0.36459709379128136, "f1-score": 0.37449118046132973, "support": 757}, "siren": {"precision": 0.37222222222222223, "recall": 0.5920471281296024, "f1-score": 0.45707788516202386, "support": 679}, "street_music": {"precision": 0.2606473594548552, "recall": 0.19125, "f1-score": 0.220620043258832, "support": 800}, "accuracy": 0.411900826446281, "macro avg": {"precision": 0.5227534872097921, "recall": 0.38764235555413096, "f1-score": 0.4069236699159582, "support": 6050}, "weighted avg": {"precision": 0.45799202706914877, "recall": 0.411900826446281, "f1-score": 0.4133010782292591, "support": 6050}}, "finalAcc": 0.47214916348457336, "finalVal": 0.3502897620201111, "finalAccData": [0.12570953369140625, 0.13277031481266022, 0.13221652805805206, 0.13401633501052856, 0.13503161072731018, 0.13780054450035095, 0.13983109593391418, 0.1421385407447815, 0.14592275023460388, 0.14656883478164673, 0.148737832903862, 0.15446029603481293, 0.1562139391899109, 0.16069038212299347, 0.16022889316082, 0.16447459161281586, 0.1687202900648117, 0.18454936146736145, 0.2137615978717804, 0.22511421144008636, 0.24251234531402588, 0.2576030194759369, 0.2601873576641083, 0.2732936441898346, 0.27855461835861206, 0.2941990792751312, 0.3001523017883301, 0.30822834372520447, 0.31930407881736755, 0.31828880310058594, 0.3220730125904083, 0.3397480249404907, 0.3708062171936035, 0.3768978714942932, 0.3912501633167267, 0.402464359998703, 0.40938669443130493, 0.417047381401062, 0.42276984453201294, 0.42540034651756287, 0.43555310368537903, 0.44104480743408203, 0.4409063756465912, 0.4463980793952942, 0.4546125829219818, 0.4524897336959839, 0.4589967131614685, 0.4648114740848541, 0.46402695775032043, 0.47214916348457336], "finalValData": [0.1532517671585083, 0.13811977207660675, 0.13232453167438507, 0.13457824289798737, 0.14262717962265015, 0.14971023797988892, 0.15357372164726257, 0.14906632900238037, 0.15711526572704315, 0.15486155450344086, 0.16419832408428192, 0.16838377714157104, 0.16967160999774933, 0.1690276861190796, 0.1677398532629013, 0.14166130125522614, 0.20895041525363922, 0.19317449629306793, 0.20508693158626556, 0.21603348851203918, 0.2205408811569214, 0.23438505828380585, 0.202511265873909, 0.21571151912212372, 0.2292337417602539, 0.2865421772003174, 0.2414681315422058, 0.24790728092193604, 0.28815194964408875, 0.2604636251926422, 0.283000648021698, 0.29491308331489563, 0.296522855758667, 0.28332260251045227, 0.2987765669822693, 0.3055376708507538, 0.3209916353225708, 0.3129426836967468, 0.32614293694496155, 0.3296844959259033, 0.3300064504146576, 0.3277527391910553, 0.3213135898113251, 0.34867995977401733, 0.36413392424583435, 0.3444945216178894, 0.35737282037734985, 0.3444945216178894, 0.34256279468536377, 0.3502897620201111]}