{"parameters": [[128, 0.3, 50, 16]], "report": {"air_conditioner": {"precision": 0.31738623103850644, "recall": 0.3408521303258145, "f1-score": 0.32870090634441085, "support": 798}, "car_horn": {"precision": 0.076, "recall": 0.11875, "f1-score": 0.0926829268292683, "support": 160}, "children_playing": {"precision": 0.4091666666666667, "recall": 0.6191677175283733, "f1-score": 0.49272453587556453, "support": 793}, "dog_bark": {"precision": 0.7462365591397849, "recall": 0.6087719298245614, "f1-score": 0.6705314009661836, "support": 570}, "drilling": {"precision": 0.6687370600414079, "recall": 0.49768875192604006, "f1-score": 0.5706713780918727, "support": 649}, "engine_idling": {"precision": 0.4117647058823529, "recall": 0.4231274638633377, "f1-score": 0.41736876215165264, "support": 761}, "gun_shot": {"precision": 0.8, "recall": 0.5301204819277109, "f1-score": 0.6376811594202898, "support": 83}, "jackhammer": {"precision": 0.40887480190174325, "recall": 0.34081902245706736, "f1-score": 0.37175792507204614, "support": 757}, "siren": {"precision": 0.4565499351491569, "recall": 0.5184094256259205, "f1-score": 0.48551724137931035, "support": 679}, "street_music": {"precision": 0.512589928057554, "recall": 0.35625, "f1-score": 0.42035398230088494, "support": 800}, "accuracy": 0.4484297520661157, "macro avg": {"precision": 0.48073058878771724, "recall": 0.4353956923478826, "f1-score": 0.44879902184314835, "support": 6050}, "weighted avg": {"precision": 0.4724973693124557, "recall": 0.4484297520661157, "f1-score": 0.4526193516831877, "support": 6050}}, "finalAcc": 0.6822649836540222, "finalVal": 0.4282034635543823, "finalAccData": [0.13789284229278564, 0.17015090584754944, 0.20199362933635712, 0.22802159190177917, 0.24689649045467377, 0.2665097713470459, 0.28732290863990784, 0.30661314725875854, 0.3330102860927582, 0.3452397286891937, 0.3664220869541168, 0.37403663992881775, 0.3824818730354309, 0.39941853284835815, 0.41178643703460693, 0.4234159290790558, 0.4331071972846985, 0.4439060389995575, 0.4583044946193695, 0.4688725769519806, 0.4910701811313629, 0.5015459656715393, 0.5152983665466309, 0.5237435698509216, 0.535926878452301, 0.5433568954467773, 0.5555863380432129, 0.5644469261169434, 0.5698924660682678, 0.5821681022644043, 0.5981817245483398, 0.5972587466239929, 0.6018736362457275, 0.6084729433059692, 0.6129493713378906, 0.6194102168083191, 0.6247634887695312, 0.6306705474853516, 0.6397618651390076, 0.6449766755104065, 0.6484378576278687, 0.6527296900749207, 0.657252311706543, 0.6602981090545654, 0.6648207306861877, 0.6710046529769897, 0.6710046529769897, 0.674004316329956, 0.6770963072776794, 0.6822649836540222], "finalValData": [0.17643271386623383, 0.2514488101005554, 0.26142948865890503, 0.2910495698451996, 0.28332260251045227, 0.30618157982826233, 0.32034772634506226, 0.3145524859428406, 0.3422408103942871, 0.33065035939216614, 0.3309723138809204, 0.3593045771121979, 0.3386992812156677, 0.3547971546649933, 0.36542177200317383, 0.3638119697570801, 0.3599484860897064, 0.37282678484916687, 0.3905344605445862, 0.3905344605445862, 0.3766902685165405, 0.38667094707489014, 0.38667094707489014, 0.3757244050502777, 0.37765616178512573, 0.3879587948322296, 0.37186092138290405, 0.3744365870952606, 0.4082421064376831, 0.3828074634075165, 0.3892466127872467, 0.4095299541950226, 0.3747585415840149, 0.3947198987007141, 0.41017386317253113, 0.4059883952140808, 0.41339343786239624, 0.41339343786239624, 0.3995492458343506, 0.41790083050727844, 0.4214423596858978, 0.42659369111061096, 0.4282034635543823, 0.43335479497909546, 0.42466193437576294, 0.42788150906562805, 0.418544739484787, 0.4214423596858978, 0.4085640609264374, 0.4282034635543823]}