{"parameters": [[64, 0.5, 50, 16]], "report": {"air_conditioner": {"precision": 0.28654353562005275, "recall": 0.6804511278195489, "f1-score": 0.4032677311548459, "support": 798}, "car_horn": {"precision": 0.0, "recall": 0.0, "f1-score": 0.0, "support": 160}, "children_playing": {"precision": 0.28429752066115704, "recall": 0.21689785624211855, "f1-score": 0.246065808297568, "support": 793}, "dog_bark": {"precision": 0.5315533980582524, "recall": 0.38421052631578945, "f1-score": 0.4460285132382892, "support": 570}, "drilling": {"precision": 0.8471074380165289, "recall": 0.31587057010785824, "f1-score": 0.46015712682379345, "support": 649}, "engine_idling": {"precision": 0.8648648648648649, "recall": 0.2102496714848883, "f1-score": 0.3382663847780127, "support": 761}, "gun_shot": {"precision": 0.0, "recall": 0.0, "f1-score": 0.0, "support": 83}, "jackhammer": {"precision": 0.4270986745213549, "recall": 0.38309114927344784, "f1-score": 0.403899721448468, "support": 757}, "siren": {"precision": 0.3355263157894737, "recall": 0.6759941089837997, "f1-score": 0.44846116267708847, "support": 679}, "street_music": {"precision": 0.35993975903614456, "recall": 0.29875, "f1-score": 0.3265027322404372, "support": 800}, "accuracy": 0.3780165289256198, "macro avg": {"precision": 0.39369315065678284, "recall": 0.3165515010227451, "f1-score": 0.3072649180658503, "support": 6050}, "weighted avg": {"precision": 0.4634905576693929, "recall": 0.3780165289256198, "f1-score": 0.3634208572725051, "support": 6050}}, "finalAcc": 0.3720983862876892, "finalVal": 0.3042498528957367, "finalAccData": [0.12787853181362152, 0.13517005741596222, 0.1354469507932663, 0.13337025046348572, 0.13498546183109283, 0.1354469507932663, 0.13798514008522034, 0.13812358677387238, 0.14070792496204376, 0.1438460499048233, 0.14449213445186615, 0.14172320067882538, 0.1457381546497345, 0.1555217057466507, 0.15178366005420685, 0.15012229979038239, 0.15838293731212616, 0.1556140035390854, 0.15289123356342316, 0.15939821302890778, 0.15990585088729858, 0.16313627362251282, 0.17167381942272186, 0.1834879368543625, 0.19294844567775726, 0.20513175427913666, 0.21090036630630493, 0.21994554996490479, 0.23111356794834137, 0.2362360954284668, 0.24205085635185242, 0.2502191960811615, 0.26387926936149597, 0.26826342940330505, 0.2712169587612152, 0.27564725279808044, 0.28981494903564453, 0.29041486978530884, 0.3025520443916321, 0.313766211271286, 0.326457142829895, 0.3408094644546509, 0.35243895649909973, 0.3551155924797058, 0.35926899313926697, 0.36494532227516174, 0.3630070686340332, 0.3704831898212433, 0.3744981288909912, 0.3720983862876892], "finalValData": [0.1464906632900238, 0.13618803024291992, 0.1352221518754959, 0.13361236453056335, 0.13618803024291992, 0.15164197981357574, 0.15453960001468658, 0.15840308368206024, 0.1587250530719757, 0.1632324606180191, 0.15582743287086487, 0.15582743287086487, 0.16355441510677338, 0.15904700756072998, 0.16419832408428192, 0.16580811142921448, 0.1654861569404602, 0.16613006591796875, 0.16484224796295166, 0.17160335183143616, 0.16645203530788422, 0.16967160999774933, 0.16838377714157104, 0.2057308405637741, 0.2147456556558609, 0.19703799486160278, 0.2002575695514679, 0.2305215746164322, 0.1989697366952896, 0.18061815202236176, 0.18931101262569427, 0.18319381773471832, 0.19639407098293304, 0.23889246582984924, 0.23985834419727325, 0.254024475812912, 0.2826786935329437, 0.27141016721725464, 0.29459112882614136, 0.27881520986557007, 0.31487444043159485, 0.2929813265800476, 0.28106889128685, 0.2842884659767151, 0.31938183307647705, 0.28557631373405457, 0.2884739339351654, 0.2884739339351654, 0.3032839596271515, 0.3042498528957367]}