{"parameters": [[512, 0.4, 30, 32]], "report": {"air_conditioner": {"precision": 0.4261682242990654, "recall": 0.5714285714285714, "f1-score": 0.4882226980728051, "support": 798}, "car_horn": {"precision": 0.0546875, "recall": 0.0875, "f1-score": 0.0673076923076923, "support": 160}, "children_playing": {"precision": 0.42058823529411765, "recall": 0.5409836065573771, "f1-score": 0.47324875896304475, "support": 793}, "dog_bark": {"precision": 0.7586206896551724, "recall": 0.5789473684210527, "f1-score": 0.6567164179104478, "support": 570}, "drilling": {"precision": 0.674468085106383, "recall": 0.4884437596302003, "f1-score": 0.5665773011617515, "support": 649}, "engine_idling": {"precision": 0.4934640522875817, "recall": 0.3968462549277267, "f1-score": 0.4399126001456664, "support": 761}, "gun_shot": {"precision": 0.9444444444444444, "recall": 0.40963855421686746, "f1-score": 0.5714285714285714, "support": 83}, "jackhammer": {"precision": 0.45588235294117646, "recall": 0.3276089828269485, "f1-score": 0.3812451960030745, "support": 757}, "siren": {"precision": 0.56973293768546, "recall": 0.5655375552282769, "f1-score": 0.5676274944567627, "support": 679}, "street_music": {"precision": 0.45016077170418006, "recall": 0.525, "f1-score": 0.4847085978072706, "support": 800}, "accuracy": 0.4849586776859504, "macro avg": {"precision": 0.5248217293417581, "recall": 0.44919346532370213, "f1-score": 0.46969953282570875, "support": 6050}, "weighted avg": {"precision": 0.5121483553428695, "recall": 0.4849586776859504, "f1-score": 0.4895346870822587, "support": 6050}}, "finalAcc": 0.6683741807937622, "finalVal": 0.43915003538131714, "finalAccData": [0.16913563013076782, 0.21943791210651398, 0.25598782300949097, 0.30112141370773315, 0.34076330065727234, 0.37214455008506775, 0.39803406596183777, 0.41557061672210693, 0.45156675577163696, 0.46554985642433167, 0.48442474007606506, 0.5016844272613525, 0.5128062963485718, 0.5340809226036072, 0.5395726561546326, 0.5576168894767761, 0.5641700029373169, 0.5770916938781738, 0.586229145526886, 0.5954127907752991, 0.6050117611885071, 0.6076884269714355, 0.6187179684638977, 0.6291014552116394, 0.6422077417373657, 0.6442844867706299, 0.6517144441604614, 0.654852569103241, 0.6622825264930725, 0.6683741807937622], "finalValData": [0.26110753417015076, 0.3097231090068817, 0.283000648021698, 0.3589826226234436, 0.35608500242233276, 0.3692852556705475, 0.39858338236808777, 0.38892465829849243, 0.37089502811431885, 0.406954288482666, 0.37990984320640564, 0.3811976909637451, 0.39536380767822266, 0.40663233399391174, 0.40985190868377686, 0.4153251647949219, 0.40341275930404663, 0.3992272913455963, 0.41468125581741333, 0.40985190868377686, 0.40792015194892883, 0.4024468660354614, 0.4162910580635071, 0.4207984507083893, 0.4169349670410156, 0.4127495288848877, 0.4282034635543823, 0.4162910580635071, 0.41983258724212646, 0.43915003538131714]}