{"parameters": [[64, 0.5, 50, 32]], "report": {"air_conditioner": {"precision": 0.17501508750754374, "recall": 0.7268170426065163, "f1-score": 0.2821011673151751, "support": 798}, "car_horn": {"precision": 0.0, "recall": 0.0, "f1-score": 0.0, "support": 160}, "children_playing": {"precision": 0.23809523809523808, "recall": 0.38461538461538464, "f1-score": 0.2941176470588235, "support": 793}, "dog_bark": {"precision": 0.6046511627906976, "recall": 0.0456140350877193, "f1-score": 0.08482871125611746, "support": 570}, "drilling": {"precision": 0.803030303030303, "recall": 0.24499229583975346, "f1-score": 0.37544273907910275, "support": 649}, "engine_idling": {"precision": 0.16826923076923078, "recall": 0.045992115637319315, "f1-score": 0.07223942208462332, "support": 761}, "gun_shot": {"precision": 0.0, "recall": 0.0, "f1-score": 0.0, "support": 83}, "jackhammer": {"precision": 0.40829986613119146, "recall": 0.40290620871862615, "f1-score": 0.4055851063829788, "support": 757}, "siren": {"precision": 0.0, "recall": 0.0, "f1-score": 0.0, "support": 679}, "street_music": {"precision": 0.21621621621621623, "recall": 0.07, "f1-score": 0.10576015108593012, "support": 800}, "accuracy": 0.24231404958677685, "macro avg": {"precision": 0.2613577104540421, "recall": 0.1920937082505319, "f1-score": 0.1620074944262751, "support": 6050}, "weighted avg": {"precision": 0.2982476445202607, "recall": 0.24231404958677685, "f1-score": 0.19784743393727913, "support": 6050}}, "finalAcc": 0.21819189190864563, "finalVal": 0.2569220960140228, "finalAccData": [0.11744888871908188, 0.1337394416332245, 0.13272416591644287, 0.1306474655866623, 0.13143199682235718, 0.13147814571857452, 0.13157044351100922, 0.1318473368883133, 0.13157044351100922, 0.1322626769542694, 0.1322626769542694, 0.12787853181362152, 0.13129355013370514, 0.13332410156726837, 0.13180118799209595, 0.13636992871761322, 0.14020028710365295, 0.14107711613178253, 0.1384466290473938, 0.14287692308425903, 0.14361530542373657, 0.14379990100860596, 0.14236928522586823, 0.1474456638097763, 0.14841479063034058, 0.1492454707622528, 0.15266048908233643, 0.15219900012016296, 0.1524297446012497, 0.15210670232772827, 0.14966081082820892, 0.15109142661094666, 0.15381421148777008, 0.15446029603481293, 0.1530296802520752, 0.15635238587856293, 0.15699847042560577, 0.1562139391899109, 0.15709076821804047, 0.15944436192512512, 0.16295167803764343, 0.16364391148090363, 0.1635054647922516, 0.16595135629177094, 0.16747426986694336, 0.16793575882911682, 0.1718122661113739, 0.18542619049549103, 0.20033226907253265, 0.21819189190864563], "finalValData": [0.1352221518754959, 0.12878300249576569, 0.12878300249576569, 0.13007083535194397, 0.13168062269687653, 0.13168062269687653, 0.13135865330696106, 0.13039278984069824, 0.13071474432945251, 0.13039278984069824, 0.12363167852163315, 0.12685126066207886, 0.13007083535194397, 0.14230521023273468, 0.1432710886001587, 0.1509980708360672, 0.15067611634731293, 0.15196393430233002, 0.15679329633712769, 0.15743722021579742, 0.16194462776184082, 0.16162265837192535, 0.15936896204948425, 0.1609787493944168, 0.1600128710269928, 0.1600128710269928, 0.16162265837192535, 0.15936896204948425, 0.15936896204948425, 0.1600128710269928, 0.16162265837192535, 0.16033484041690826, 0.15904700756072998, 0.1600128710269928, 0.16194462776184082, 0.16419832408428192, 0.1622665822505951, 0.16065679490566254, 0.16194462776184082, 0.1609787493944168, 0.16387636959552765, 0.16484224796295166, 0.16516420245170593, 0.1667739897966385, 0.16934964060783386, 0.17289118468761444, 0.17063747346401215, 0.1690276861190796, 0.24468770623207092, 0.2569220960140228]}