{"parameters": [[256, 0.3, 40, 32]], "report": {"air_conditioner": {"precision": 0.3555992141453831, "recall": 0.45363408521303256, "f1-score": 0.3986784140969163, "support": 798}, "car_horn": {"precision": 0.11904761904761904, "recall": 0.09375, "f1-score": 0.10489510489510488, "support": 160}, "children_playing": {"precision": 0.41492265696087355, "recall": 0.575031525851198, "f1-score": 0.48202959830866815, "support": 793}, "dog_bark": {"precision": 0.7192982456140351, "recall": 0.6473684210526316, "f1-score": 0.6814404432132964, "support": 570}, "drilling": {"precision": 0.6749049429657795, "recall": 0.5469953775038521, "f1-score": 0.6042553191489363, "support": 649}, "engine_idling": {"precision": 0.530239099859353, "recall": 0.49540078843626806, "f1-score": 0.5122282608695653, "support": 761}, "gun_shot": {"precision": 0.8837209302325582, "recall": 0.4578313253012048, "f1-score": 0.6031746031746031, "support": 83}, "jackhammer": {"precision": 0.43829787234042555, "recall": 0.5442536327608983, "f1-score": 0.4855627578078964, "support": 757}, "siren": {"precision": 0.596964586846543, "recall": 0.5213549337260678, "f1-score": 0.5566037735849056, "support": 679}, "street_music": {"precision": 0.5509355509355509, "recall": 0.33125, "f1-score": 0.41373926619828255, "support": 800}, "accuracy": 0.49636363636363634, "macro avg": {"precision": 0.528393071894812, "recall": 0.4666870089845153, "f1-score": 0.4842607541298175, "support": 6050}, "weighted avg": {"precision": 0.5181161063920022, "recall": 0.49636363636363634, "f1-score": 0.4982027105651494, "support": 6050}}, "finalAcc": 0.6896488070487976, "finalVal": 0.4304571747779846, "finalAccData": [0.16885873675346375, 0.23771286010742188, 0.2774931788444519, 0.3066592812538147, 0.3472241461277008, 0.3689141273498535, 0.39212700724601746, 0.40892520546913147, 0.4284000098705292, 0.4468134343624115, 0.46255019307136536, 0.4760718047618866, 0.4896395802497864, 0.5015921592712402, 0.5093913078308105, 0.5230975151062012, 0.5269278883934021, 0.5372652411460876, 0.5429415106773376, 0.5562323927879333, 0.5670773983001709, 0.5726152658462524, 0.5782454013824463, 0.5939821600914001, 0.6004430055618286, 0.6071346402168274, 0.6154414415359497, 0.6243481636047363, 0.6314550638198853, 0.6381005048751831, 0.6410540342330933, 0.6461304426193237, 0.6591905355453491, 0.6631593704223633, 0.668328046798706, 0.6674512028694153, 0.6771424412727356, 0.6844801306724548, 0.6880335807800293, 0.6896488070487976], "finalValData": [0.259497731924057, 0.30811333656311035, 0.3287186026573181, 0.35061171650886536, 0.35286542773246765, 0.3660656809806824, 0.34964585304260254, 0.3644558787345886, 0.37958788871765137, 0.36316806077957153, 0.36542177200317383, 0.3905344605445862, 0.38667094707489014, 0.3847392201423645, 0.3979394733905792, 0.3982614278793335, 0.4027688205242157, 0.3882807493209839, 0.39665165543556213, 0.41339343786239624, 0.39761751890182495, 0.4037347137928009, 0.3960077166557312, 0.40631037950515747, 0.4108177721500397, 0.41983258724212646, 0.4172569215297699, 0.42691564559936523, 0.4307791292667389, 0.42884740233421326, 0.4259497821331024, 0.4249838888645172, 0.41435930132865906, 0.43142303824424744, 0.4272376000881195, 0.42208629846572876, 0.4227302074432373, 0.44236961007118225, 0.43915003538131714, 0.4304571747779846]}