{"parameters": [[256, 0.3, 40, 16]], "report": {"air_conditioner": {"precision": 0.4574468085106383, "recall": 0.4849624060150376, "f1-score": 0.4708029197080292, "support": 798}, "car_horn": {"precision": 0.1282051282051282, "recall": 0.125, "f1-score": 0.12658227848101264, "support": 160}, "children_playing": {"precision": 0.4132973944294699, "recall": 0.5800756620428752, "f1-score": 0.4826862539349423, "support": 793}, "dog_bark": {"precision": 0.6744186046511628, "recall": 0.6614035087719298, "f1-score": 0.6678476527900797, "support": 570}, "drilling": {"precision": 0.680373831775701, "recall": 0.5608628659476117, "f1-score": 0.6148648648648648, "support": 649}, "engine_idling": {"precision": 0.4856828193832599, "recall": 0.5795006570302234, "f1-score": 0.5284601557819053, "support": 761}, "gun_shot": {"precision": 0.918918918918919, "recall": 0.40963855421686746, "f1-score": 0.5666666666666667, "support": 83}, "jackhammer": {"precision": 0.3917808219178082, "recall": 0.37780713342140027, "f1-score": 0.3846671149966376, "support": 757}, "siren": {"precision": 0.549645390070922, "recall": 0.4565537555228277, "f1-score": 0.49879324215607407, "support": 679}, "street_music": {"precision": 0.5481727574750831, "recall": 0.4125, "f1-score": 0.47075606276747506, "support": 800}, "accuracy": 0.49735537190082646, "macro avg": {"precision": 0.5247942475338092, "recall": 0.46483045429687725, "f1-score": 0.4812127212147687, "support": 6050}, "weighted avg": {"precision": 0.5113193112084969, "recall": 0.49735537190082646, "f1-score": 0.498200749225751, "support": 6050}}, "finalAcc": 0.7493654489517212, "finalVal": 0.4330328404903412, "finalAccData": [0.18011906743049622, 0.23388250172138214, 0.2912917137145996, 0.34288614988327026, 0.38363561034202576, 0.4203239679336548, 0.45142829418182373, 0.4732567369937897, 0.4904702603816986, 0.512944757938385, 0.5226359963417053, 0.5466796159744263, 0.5521251559257507, 0.5699847936630249, 0.5781069993972778, 0.5913055539131165, 0.6039041876792908, 0.6132262945175171, 0.6245327591896057, 0.6268863081932068, 0.6366698741912842, 0.6427615284919739, 0.654852569103241, 0.662928581237793, 0.6741427779197693, 0.6806036233901978, 0.6881259083747864, 0.6867414116859436, 0.7025243639945984, 0.7010014057159424, 0.7121694684028625, 0.7169228196144104, 0.7257833480834961, 0.7287830710411072, 0.732521116733551, 0.7409663796424866, 0.7356592416763306, 0.746411919593811, 0.7465965151786804, 0.7493654489517212], "finalValData": [0.2572440505027771, 0.3422408103942871, 0.3245331645011902, 0.33966517448425293, 0.37089502811431885, 0.3515775799751282, 0.37508049607276917, 0.38441726565361023, 0.36316806077957153, 0.38312941789627075, 0.4207984507083893, 0.3995492458343506, 0.4327108860015869, 0.3963296711444855, 0.4040566682815552, 0.40115904808044434, 0.3905344605445862, 0.3950418531894684, 0.41210559010505676, 0.4282034635543823, 0.41113972663879395, 0.4024468660354614, 0.41113972663879395, 0.405022531747818, 0.4162910580635071, 0.41757887601852417, 0.4040566682815552, 0.4307791292667389, 0.4259497821331024, 0.44333547353744507, 0.43335479497909546, 0.4282034635543823, 0.42884740233421326, 0.4362524151802063, 0.4191886782646179, 0.43238893151283264, 0.45911139249801636, 0.42916935682296753, 0.4542820453643799, 0.4330328404903412]}