{"parameters": [[128, 0.4, 50, 16]], "report": {"air_conditioner": {"precision": 0.29507174048658763, "recall": 0.5927318295739349, "f1-score": 0.3940024989587672, "support": 798}, "car_horn": {"precision": 0.04065040650406504, "recall": 0.03125, "f1-score": 0.0353356890459364, "support": 160}, "children_playing": {"precision": 0.4052132701421801, "recall": 0.4312736443883985, "f1-score": 0.4178375076359193, "support": 793}, "dog_bark": {"precision": 0.7539503386004515, "recall": 0.5859649122807018, "f1-score": 0.6594274432379073, "support": 570}, "drilling": {"precision": 0.7075268817204301, "recall": 0.5069337442218799, "f1-score": 0.5906642728904848, "support": 649}, "engine_idling": {"precision": 0.48104956268221577, "recall": 0.4336399474375821, "f1-score": 0.4561161022805805, "support": 761}, "gun_shot": {"precision": 0.9411764705882353, "recall": 0.3855421686746988, "f1-score": 0.547008547008547, "support": 83}, "jackhammer": {"precision": 0.49032258064516127, "recall": 0.3011889035667107, "f1-score": 0.3731587561374795, "support": 757}, "siren": {"precision": 0.4602203182374541, "recall": 0.5537555228276878, "f1-score": 0.5026737967914439, "support": 679}, "street_music": {"precision": 0.44035087719298244, "recall": 0.31375, "f1-score": 0.3664233576642335, "support": 800}, "accuracy": 0.4462809917355372, "macro avg": {"precision": 0.5015532446799763, "recall": 0.4136030672971594, "f1-score": 0.43426479716512995, "support": 6050}, "weighted avg": {"precision": 0.48469139372834824, "recall": 0.4462809917355372, "f1-score": 0.4495981883486517, "support": 6050}}, "finalAcc": 0.6206562519073486, "finalVal": 0.3963296711444855, "finalAccData": [0.13909271359443665, 0.15570630133152008, 0.1543218493461609, 0.15856753289699554, 0.16327472031116486, 0.1707046926021576, 0.17951913177967072, 0.19562508165836334, 0.2032857984304428, 0.2119617909193039, 0.21708431839942932, 0.22479116916656494, 0.23637454211711884, 0.236928328871727, 0.24500438570976257, 0.25008076429367065, 0.2588028907775879, 0.26914024353027344, 0.2720014750957489, 0.2984909415245056, 0.31671974062919617, 0.34657806158065796, 0.3603304326534271, 0.38354331254959106, 0.4101712107658386, 0.42738473415374756, 0.4380451440811157, 0.45996585488319397, 0.47722554206848145, 0.493746817111969, 0.5012229681015015, 0.5102681517601013, 0.5197747945785522, 0.5242050886154175, 0.5343578457832336, 0.5460796356201172, 0.5487101674079895, 0.5595089793205261, 0.5720153450965881, 0.5725691318511963, 0.5846139788627625, 0.5900133848190308, 0.5940744876861572, 0.5954589247703552, 0.6021043658256531, 0.6005353331565857, 0.6054732799530029, 0.6123955845832825, 0.6142415404319763, 0.6206562519073486], "finalValData": [0.17514488101005554, 0.18609143793582916, 0.1822279393672943, 0.18190598487854004, 0.18319381773471832, 0.19639407098293304, 0.2057308405637741, 0.20444300770759583, 0.21410173177719116, 0.2224726378917694, 0.2147456556558609, 0.21184803545475006, 0.2192530632019043, 0.20218931138515472, 0.19510625302791595, 0.2002575695514679, 0.1989697366952896, 0.21216998994350433, 0.25756600499153137, 0.2807469367980957, 0.3345138430595398, 0.327430784702301, 0.3287186026573181, 0.3448164761066437, 0.3602704405784607, 0.32066968083381653, 0.3602704405784607, 0.3905344605445862, 0.35640695691108704, 0.349001944065094, 0.3647778630256653, 0.3802317976951599, 0.3554410934448242, 0.36735349893569946, 0.3535093367099762, 0.37540245056152344, 0.3927881419658661, 0.3969736099243164, 0.4104958176612854, 0.3879587948322296, 0.3982614278793335, 0.3960077166557312, 0.39890533685684204, 0.39439794421195984, 0.4169349670410156, 0.42208629846572876, 0.42112040519714355, 0.4150032103061676, 0.4343206584453583, 0.3963296711444855]}