{"parameters": [[128, 0.4, 40, 32]], "report": {"air_conditioner": {"precision": 0.3326326852338413, "recall": 0.793233082706767, "f1-score": 0.46871529063309886, "support": 798}, "car_horn": {"precision": 0.0, "recall": 0.0, "f1-score": 0.0, "support": 160}, "children_playing": {"precision": 0.33276157804459694, "recall": 0.489281210592686, "f1-score": 0.3961204696273609, "support": 793}, "dog_bark": {"precision": 0.8357142857142857, "recall": 0.4105263157894737, "f1-score": 0.5505882352941177, "support": 570}, "drilling": {"precision": 0.7795527156549521, "recall": 0.37596302003081666, "f1-score": 0.5072765072765073, "support": 649}, "engine_idling": {"precision": 0.6909090909090909, "recall": 0.24967148488830487, "f1-score": 0.36679536679536684, "support": 761}, "gun_shot": {"precision": 0.8974358974358975, "recall": 0.42168674698795183, "f1-score": 0.5737704918032787, "support": 83}, "jackhammer": {"precision": 0.41116751269035534, "recall": 0.32100396301188905, "f1-score": 0.3605341246290802, "support": 757}, "siren": {"precision": 0.5459119496855346, "recall": 0.6391752577319587, "f1-score": 0.5888738127544098, "support": 679}, "street_music": {"precision": 0.25768667642752563, "recall": 0.22, "f1-score": 0.2373567093728928, "support": 800}, "accuracy": 0.4259504132231405, "macro avg": {"precision": 0.508377239179608, "recall": 0.3920541081739848, "f1-score": 0.40500310081861135, "support": 6050}, "weighted avg": {"precision": 0.49586017012847483, "recall": 0.4259504132231405, "f1-score": 0.4166322851790957, "support": 6050}}, "finalAcc": 0.4506899118423462, "finalVal": 0.37314873933792114, "finalAccData": [0.11283399909734726, 0.13309335708618164, 0.15718306601047516, 0.15838293731212616, 0.15889057517051697, 0.15925976634025574, 0.16124416887760162, 0.1616133600473404, 0.16013659536838531, 0.1620287001132965, 0.16373620927333832, 0.16973556578159332, 0.17495039105415344, 0.1820111721754074, 0.18897965550422668, 0.19396372139453888, 0.20660851895809174, 0.21237713098526, 0.21514606475830078, 0.22529880702495575, 0.2332364171743393, 0.23900502920150757, 0.2430199831724167, 0.24675804376602173, 0.25515714287757874, 0.2651253044605255, 0.29221469163894653, 0.3086436986923218, 0.31911948323249817, 0.3267340362071991, 0.334856241941452, 0.34607040882110596, 0.3602842688560486, 0.3785592317581177, 0.3931422829627991, 0.40920209884643555, 0.42327749729156494, 0.43167659640312195, 0.44136786460876465, 0.4506899118423462], "finalValData": [0.10206052660942078, 0.16162265837192535, 0.16645203530788422, 0.16645203530788422, 0.17095942795276642, 0.1654861569404602, 0.1690276861190796, 0.1690276861190796, 0.17160335183143616, 0.17353509366512299, 0.1699935644865036, 0.17546683549880981, 0.17739857733249664, 0.18770122528076172, 0.19735994935035706, 0.20412105321884155, 0.22955569624900818, 0.21088215708732605, 0.2070186734199524, 0.24243399500846863, 0.2359948456287384, 0.24436573684215546, 0.24307791888713837, 0.245975524187088, 0.2537025213241577, 0.2508049011230469, 0.28493237495422363, 0.2987765669822693, 0.3245331645011902, 0.33837732672691345, 0.3386992812156677, 0.32517707347869873, 0.3757244050502777, 0.383451372385025, 0.36864134669303894, 0.3435286581516266, 0.3454603850841522, 0.36413392424583435, 0.34063103795051575, 0.37314873933792114]}