{"parameters": [[256, 0.4, 30, 16]], "report": {"air_conditioner": {"precision": 0.385502471169687, "recall": 0.5864661654135338, "f1-score": 0.4652087475149106, "support": 798}, "car_horn": {"precision": 0.3333333333333333, "recall": 0.05, "f1-score": 0.08695652173913045, "support": 160}, "children_playing": {"precision": 0.3836424957841484, "recall": 0.5737704918032787, "f1-score": 0.4598281960586154, "support": 793}, "dog_bark": {"precision": 0.7563805104408353, "recall": 0.5719298245614035, "f1-score": 0.6513486513486513, "support": 570}, "drilling": {"precision": 0.7692307692307693, "recall": 0.4776579352850539, "f1-score": 0.5893536121673003, "support": 649}, "engine_idling": {"precision": 0.4250281848928974, "recall": 0.49540078843626806, "f1-score": 0.4575242718446601, "support": 761}, "gun_shot": {"precision": 0.9428571428571428, "recall": 0.39759036144578314, "f1-score": 0.559322033898305, "support": 83}, "jackhammer": {"precision": 0.38402061855670105, "recall": 0.39365918097754293, "f1-score": 0.38878016960208744, "support": 757}, "siren": {"precision": 0.5892857142857143, "recall": 0.5346097201767305, "f1-score": 0.5606177606177607, "support": 679}, "street_music": {"precision": 0.5753138075313807, "recall": 0.34375, "f1-score": 0.4303599374021909, "support": 800}, "accuracy": 0.4814876033057851, "macro avg": {"precision": 0.5544595048082609, "recall": 0.44248344680995944, "f1-score": 0.4649299902193612, "support": 6050}, "weighted avg": {"precision": 0.5203873901650883, "recall": 0.4814876033057851, "f1-score": 0.48221591842847755, "support": 6050}}, "finalAcc": 0.6085652112960815, "finalVal": 0.42015454173088074, "finalAccData": [0.15478333830833435, 0.18574923276901245, 0.19876320660114288, 0.22479116916656494, 0.2515113651752472, 0.27306291460990906, 0.2943836748600006, 0.3170427680015564, 0.3348101079463959, 0.3521159291267395, 0.37325212359428406, 0.3879736065864563, 0.4071715474128723, 0.4136323928833008, 0.4305228590965271, 0.4417370557785034, 0.45895057916641235, 0.4678111672401428, 0.48520928621292114, 0.5002076625823975, 0.5111911296844482, 0.5283123254776001, 0.5405879616737366, 0.5505099296569824, 0.56324702501297, 0.5650468468666077, 0.5787069201469421, 0.5925053954124451, 0.60113525390625, 0.6085652112960815], "finalValData": [0.2137797772884369, 0.22665807604789734, 0.2224726378917694, 0.23792658746242523, 0.26142948865890503, 0.24179008603096008, 0.26336124539375305, 0.2871860861778259, 0.310045063495636, 0.3122987747192383, 0.298454612493515, 0.3380553722381592, 0.33966517448425293, 0.33515775203704834, 0.3448164761066437, 0.3499678075313568, 0.327430784702301, 0.3322601318359375, 0.3535093367099762, 0.3715389668941498, 0.3828074634075165, 0.3737926483154297, 0.3879587948322296, 0.3811976909637451, 0.3712170124053955, 0.389568567276001, 0.3815196454524994, 0.3950418531894684, 0.42691564559936523, 0.42015454173088074]}