{"parameters": [[128, 0.3, 40, 16]], "report": {"air_conditioner": {"precision": 0.3873762376237624, "recall": 0.39223057644110276, "f1-score": 0.38978829389788294, "support": 798}, "car_horn": {"precision": 0.16352201257861634, "recall": 0.1625, "f1-score": 0.16300940438871475, "support": 160}, "children_playing": {"precision": 0.41190667739340303, "recall": 0.6456494325346784, "f1-score": 0.5029469548133596, "support": 793}, "dog_bark": {"precision": 0.8092783505154639, "recall": 0.5508771929824562, "f1-score": 0.6555323590814196, "support": 570}, "drilling": {"precision": 0.7097560975609756, "recall": 0.44838212634822805, "f1-score": 0.5495750708215297, "support": 649}, "engine_idling": {"precision": 0.464818763326226, "recall": 0.5729303547963206, "f1-score": 0.5132430841671571, "support": 761}, "gun_shot": {"precision": 0.9666666666666667, "recall": 0.3493975903614458, "f1-score": 0.5132743362831859, "support": 83}, "jackhammer": {"precision": 0.41626794258373206, "recall": 0.34478203434610305, "f1-score": 0.3771676300578035, "support": 757}, "siren": {"precision": 0.49129353233830847, "recall": 0.5817378497790869, "f1-score": 0.5327039784221174, "support": 679}, "street_music": {"precision": 0.4712286158631415, "recall": 0.37875, "f1-score": 0.41995841995842, "support": 800}, "accuracy": 0.47603305785123967, "macro avg": {"precision": 0.5292114896450296, "recall": 0.44272371575894215, "f1-score": 0.46171995318915904, "support": 6050}, "weighted avg": {"precision": 0.5030576145171733, "recall": 0.47603305785123967, "f1-score": 0.47647364533406666, "support": 6050}}, "finalAcc": 0.6506530046463013, "finalVal": 0.4072762429714203, "finalAccData": [0.16456688940525055, 0.18076515197753906, 0.18547233939170837, 0.20411647856235504, 0.23208269476890564, 0.2624025046825409, 0.29830634593963623, 0.32299599051475525, 0.3387327492237091, 0.35336193442344666, 0.36323779821395874, 0.37782084941864014, 0.3852508068084717, 0.40421801805496216, 0.4188472032546997, 0.4337994456291199, 0.4455212652683258, 0.46753427386283875, 0.47884073853492737, 0.49360838532447815, 0.5159906148910522, 0.5293737649917603, 0.538326621055603, 0.5491254925727844, 0.5575706958770752, 0.5657852292060852, 0.5768609642982483, 0.5788915157318115, 0.5860907435417175, 0.5931976437568665, 0.5967510938644409, 0.605427086353302, 0.6137338876724243, 0.6212100386619568, 0.630347490310669, 0.6312704682350159, 0.6393004059791565, 0.6414693593978882, 0.6435461044311523, 0.6506530046463013], "finalValData": [0.17353509366512299, 0.18512555956840515, 0.17192530632019043, 0.21667739748954773, 0.24468770623207092, 0.25016099214553833, 0.2372826784849167, 0.2530585825443268, 0.26883450150489807, 0.30360591411590576, 0.2929813265800476, 0.3145524859428406, 0.30940115451812744, 0.29909852147102356, 0.3300064504146576, 0.3345138430595398, 0.3499678075313568, 0.34867995977401733, 0.3477140963077545, 0.34932389855384827, 0.37282678484916687, 0.37089502811431885, 0.3824855089187622, 0.37765616178512573, 0.39568576216697693, 0.39311009645462036, 0.38731488585472107, 0.38409531116485596, 0.3828074634075165, 0.3902125060558319, 0.38312941789627075, 0.39761751890182495, 0.40534448623657227, 0.3972955644130707, 0.389568567276001, 0.3937540352344513, 0.4027688205242157, 0.3911783695220947, 0.3979394733905792, 0.4072762429714203]}