{"parameters": [[512, 0.5, 30, 32]], "report": {"air_conditioner": {"precision": 0.3357182168409466, "recall": 0.7644110275689223, "f1-score": 0.46653919694072654, "support": 798}, "car_horn": {"precision": 0.041379310344827586, "recall": 0.0375, "f1-score": 0.039344262295081964, "support": 160}, "children_playing": {"precision": 0.37043330501274424, "recall": 0.5498108448928121, "f1-score": 0.44263959390862945, "support": 793}, "dog_bark": {"precision": 0.8647798742138365, "recall": 0.4824561403508772, "f1-score": 0.6193693693693694, "support": 570}, "drilling": {"precision": 0.803763440860215, "recall": 0.46070878274268107, "f1-score": 0.5857002938295789, "support": 649}, "engine_idling": {"precision": 0.625250501002004, "recall": 0.4099868593955322, "f1-score": 0.4952380952380952, "support": 761}, "gun_shot": {"precision": 0.9444444444444444, "recall": 0.40963855421686746, "f1-score": 0.5714285714285714, "support": 83}, "jackhammer": {"precision": 0.49478079331941544, "recall": 0.3130779392338177, "f1-score": 0.38349514563106796, "support": 757}, "siren": {"precision": 0.5823353293413174, "recall": 0.572901325478645, "f1-score": 0.5775798069784707, "support": 679}, "street_music": {"precision": 0.38961038961038963, "recall": 0.2625, "f1-score": 0.31366691560866317, "support": 800}, "accuracy": 0.4641322314049587, "macro avg": {"precision": 0.5452495604990141, "recall": 0.4262991473880155, "f1-score": 0.44950012512282544, "support": 6050}, "weighted avg": {"precision": 0.5320152099164955, "recall": 0.4641322314049587, "f1-score": 0.46619626428168365, "support": 6050}}, "finalAcc": 0.5381420254707336, "finalVal": 0.3515775799751282, "finalAccData": [0.16313627362251282, 0.20323964953422546, 0.20919285714626312, 0.21560755372047424, 0.23526696860790253, 0.24380451440811157, 0.25718769431114197, 0.2764779031276703, 0.29023027420043945, 0.30273663997650146, 0.31381234526634216, 0.325257271528244, 0.33836355805397034, 0.3611149489879608, 0.3731136620044708, 0.38234344124794006, 0.39881858229637146, 0.41409385204315186, 0.42360052466392517, 0.43486085534095764, 0.43606072664260864, 0.44736722111701965, 0.46222713589668274, 0.4757949113845825, 0.4902856647968292, 0.49600812792778015, 0.5090221166610718, 0.5150676369667053, 0.5269278883934021, 0.5381420254707336], "finalValData": [0.26432710886001587, 0.22891178727149963, 0.24243399500846863, 0.24855118989944458, 0.24983902275562286, 0.2514488101005554, 0.23792658746242523, 0.26464906334877014, 0.2974887192249298, 0.28106889128685, 0.2871860861778259, 0.30907920002937317, 0.3042498528957367, 0.298454612493515, 0.30457180738449097, 0.3267868757247925, 0.33966517448425293, 0.33837732672691345, 0.3245331645011902, 0.33741146326065063, 0.3312942683696747, 0.34288474917411804, 0.33612364530563354, 0.34835800528526306, 0.3567289113998413, 0.3612363040447235, 0.35383129119873047, 0.3593045771121979, 0.38184159994125366, 0.3515775799751282]}