{"parameters": [[256, 0.5, 50, 16]], "report": {"air_conditioner": {"precision": 0.4239226033421284, "recall": 0.6040100250626567, "f1-score": 0.49819121447028425, "support": 798}, "car_horn": {"precision": 0.058823529411764705, "recall": 0.0875, "f1-score": 0.07035175879396986, "support": 160}, "children_playing": {"precision": 0.42453748782862705, "recall": 0.5498108448928121, "f1-score": 0.47912087912087914, "support": 793}, "dog_bark": {"precision": 0.7914438502673797, "recall": 0.519298245614035, "f1-score": 0.6271186440677966, "support": 570}, "drilling": {"precision": 0.7678571428571429, "recall": 0.5300462249614792, "f1-score": 0.627164995442115, "support": 649}, "engine_idling": {"precision": 0.6322930800542741, "recall": 0.6123521681997371, "f1-score": 0.6221628838451267, "support": 761}, "gun_shot": {"precision": 0.9736842105263158, "recall": 0.4457831325301205, "f1-score": 0.6115702479338843, "support": 83}, "jackhammer": {"precision": 0.4030037546933667, "recall": 0.42536327608982827, "f1-score": 0.4138817480719794, "support": 757}, "siren": {"precision": 0.6547842401500938, "recall": 0.5139911634756995, "f1-score": 0.5759075907590759, "support": 679}, "street_music": {"precision": 0.45897079276773295, "recall": 0.4125, "f1-score": 0.43449637919684, "support": 800}, "accuracy": 0.5084297520661157, "macro avg": {"precision": 0.5589320691898826, "recall": 0.4700655080826368, "f1-score": 0.4959966341701952, "support": 6050}, "weighted avg": {"precision": 0.5475474891506876, "recall": 0.5084297520661157, "f1-score": 0.5172589360026087, "support": 6050}}, "finalAcc": 0.6460842490196228, "finalVal": 0.4317450225353241, "finalAccData": [0.13600073754787445, 0.15519866347312927, 0.15496793389320374, 0.15441414713859558, 0.15819834172725677, 0.16447459161281586, 0.16825880110263824, 0.17965757846832275, 0.19470210373401642, 0.2089621126651764, 0.21583829820156097, 0.22317597270011902, 0.23166735470294952, 0.24468134343624115, 0.2604181170463562, 0.2764779031276703, 0.3141354024410248, 0.3439937233924866, 0.36942175030708313, 0.39471134543418884, 0.4075407385826111, 0.4261387288570404, 0.44026029109954834, 0.4588121175765991, 0.4712723195552826, 0.4859476685523987, 0.49651575088500977, 0.5039457082748413, 0.5193132758140564, 0.5284046530723572, 0.5328349471092224, 0.5465872883796692, 0.5516636967658997, 0.5626009702682495, 0.5703539848327637, 0.5735382437705994, 0.5869213938713074, 0.5898749232292175, 0.5956897139549255, 0.6082883477210999, 0.6069038510322571, 0.6169643402099609, 0.6202870607376099, 0.6247173547744751, 0.6288707256317139, 0.632839560508728, 0.632239580154419, 0.639438807964325, 0.6383312344551086, 0.6460842490196228], "finalValData": [0.17546683549880981, 0.17256921529769897, 0.16645203530788422, 0.17417900264263153, 0.1767546683549881, 0.1822279393672943, 0.20895041525363922, 0.2092723697423935, 0.23309722542762756, 0.2582099139690399, 0.24629749357700348, 0.2414681315422058, 0.24211204051971436, 0.27366387844085693, 0.2820347845554352, 0.3032839596271515, 0.3110109567642212, 0.35737282037734985, 0.3403090834617615, 0.3570508658885956, 0.3467482328414917, 0.3219574987888336, 0.34288474917411804, 0.3567289113998413, 0.3570508658885956, 0.3725048303604126, 0.37508049607276917, 0.35640695691108704, 0.36059239506721497, 0.3644558787345886, 0.3679974377155304, 0.3589826226234436, 0.3444945216178894, 0.4082421064376831, 0.3924661874771118, 0.3979394733905792, 0.41661301255226135, 0.4117836356163025, 0.3963296711444855, 0.4343206584453583, 0.43464261293411255, 0.4249838888645172, 0.4140373468399048, 0.42208629846572876, 0.42884740233421326, 0.44558918476104736, 0.4259497821331024, 0.44558918476104736, 0.433998703956604, 0.4317450225353241]}