{"parameters": [[512, 0.3, 40, 32]], "report": {"air_conditioner": {"precision": 0.46634615384615385, "recall": 0.36466165413533835, "f1-score": 0.4092827004219409, "support": 798}, "car_horn": {"precision": 0.057432432432432436, "recall": 0.10625, "f1-score": 0.07456140350877193, "support": 160}, "children_playing": {"precision": 0.4582893347412883, "recall": 0.5472887767969735, "f1-score": 0.49885057471264366, "support": 793}, "dog_bark": {"precision": 0.6030075187969924, "recall": 0.7035087719298245, "f1-score": 0.6493927125506072, "support": 570}, "drilling": {"precision": 0.6019417475728155, "recall": 0.4776579352850539, "f1-score": 0.5326460481099656, "support": 649}, "engine_idling": {"precision": 0.5470494417862839, "recall": 0.4507227332457293, "f1-score": 0.4942363112391931, "support": 761}, "gun_shot": {"precision": 0.8333333333333334, "recall": 0.3614457831325301, "f1-score": 0.504201680672269, "support": 83}, "jackhammer": {"precision": 0.32450331125827814, "recall": 0.3236459709379128, "f1-score": 0.32407407407407407, "support": 757}, "siren": {"precision": 0.6211849192100538, "recall": 0.5095729013254786, "f1-score": 0.5598705501618123, "support": 679}, "street_music": {"precision": 0.45428015564202334, "recall": 0.58375, "f1-score": 0.5109409190371992, "support": 800}, "accuracy": 0.4766942148760331, "macro avg": {"precision": 0.4967368348619655, "recall": 0.4428504526788841, "f1-score": 0.4558056974488477, "support": 6050}, "weighted avg": {"precision": 0.4951174091641479, "recall": 0.4766942148760331, "f1-score": 0.4796956267495836, "support": 6050}}, "finalAcc": 0.8157275319099426, "finalVal": 0.40792015194892883, "finalAccData": [0.21002353727817535, 0.2802159786224365, 0.33508700132369995, 0.3965573012828827, 0.43864506483078003, 0.47034934163093567, 0.5019151568412781, 0.5270201563835144, 0.5454335808753967, 0.5706769824028015, 0.5923669934272766, 0.6081960201263428, 0.6162259578704834, 0.6410540342330933, 0.6469610929489136, 0.6604827046394348, 0.6723429560661316, 0.6835571527481079, 0.6968019008636475, 0.7051548361778259, 0.7125847935676575, 0.716230571269989, 0.7298906445503235, 0.7343670725822449, 0.7429969310760498, 0.7520882487297058, 0.7595643401145935, 0.7635331749916077, 0.7681941986083984, 0.7759010791778564, 0.7803313732147217, 0.7793622016906738, 0.7868383526802063, 0.7911763191223145, 0.7971757054328918, 0.7977294921875, 0.8035442233085632, 0.8087590336799622, 0.8136047124862671, 0.8157275319099426], "finalValData": [0.2765614986419678, 0.3570508658885956, 0.35737282037734985, 0.4104958176612854, 0.3950418531894684, 0.43238893151283264, 0.4095299541950226, 0.45041853189468384, 0.45106247067451477, 0.42788150906562805, 0.42240825295448303, 0.4539600908756256, 0.4227302074432373, 0.42884740233421326, 0.4343206584453583, 0.42691564559936523, 0.4230521619319916, 0.4230521619319916, 0.42337411642074585, 0.41468125581741333, 0.4262717366218567, 0.42015454173088074, 0.4092079699039459, 0.42691564559936523, 0.4240180253982544, 0.42691564559936523, 0.4343206584453583, 0.4249838888645172, 0.4343206584453583, 0.4417257010936737, 0.44591113924980164, 0.42788150906562805, 0.4304571747779846, 0.4236960709095001, 0.4307791292667389, 0.42659369111061096, 0.4452672302722931, 0.4372182786464691, 0.4272376000881195, 0.40792015194892883]}