{"parameters": [[128, 0.5, 50, 32]], "report": {"air_conditioner": {"precision": 0.004032258064516129, "recall": 0.002506265664160401, "f1-score": 0.0030911901081916533, "support": 798}, "car_horn": {"precision": 0.0, "recall": 0.0, "f1-score": 0.0, "support": 160}, "children_playing": {"precision": 0.3532219570405728, "recall": 0.37326607818411095, "f1-score": 0.36296750459840593, "support": 793}, "dog_bark": {"precision": 0.7633136094674556, "recall": 0.45263157894736844, "f1-score": 0.5682819383259913, "support": 570}, "drilling": {"precision": 0.7659574468085106, "recall": 0.33281972265023113, "f1-score": 0.46401718582169715, "support": 649}, "engine_idling": {"precision": 0.25545454545454543, "recall": 0.7385019710906702, "f1-score": 0.3796014859844647, "support": 761}, "gun_shot": {"precision": 0.9230769230769231, "recall": 0.14457831325301204, "f1-score": 0.25, "support": 83}, "jackhammer": {"precision": 0.4147465437788018, "recall": 0.35667107001321, "f1-score": 0.38352272727272724, "support": 757}, "siren": {"precision": 0.6229281767955801, "recall": 0.6642120765832106, "f1-score": 0.6429080541696364, "support": 679}, "street_music": {"precision": 0.36706349206349204, "recall": 0.23125, "f1-score": 0.2837423312883436, "support": 800}, "accuracy": 0.3722314049586777, "macro avg": {"precision": 0.44697949525503977, "recall": 0.32964370763859735, "f1-score": 0.3338132417569458, "support": 6050}, "weighted avg": {"precision": 0.41605228880754885, "recall": 0.3722314049586777, "f1-score": 0.36014045098982805, "support": 6050}}, "finalAcc": 0.4264156222343445, "finalVal": 0.3457823693752289, "finalAccData": [0.12760163843631744, 0.14430753886699677, 0.13941575586795807, 0.13872352242469788, 0.14061562716960907, 0.13761594891548157, 0.14176934957504272, 0.13909271359443665, 0.14421524107456207, 0.14652268588542938, 0.14841479063034058, 0.1512298732995987, 0.151137575507164, 0.14938391745090485, 0.1609211266040802, 0.1560293436050415, 0.15441414713859558, 0.1597212553024292, 0.15736766159534454, 0.16189025342464447, 0.1647053360939026, 0.16558216512203217, 0.16553601622581482, 0.16636669635772705, 0.17065854370594025, 0.16895103454589844, 0.17878074944019318, 0.19184087216854095, 0.2083621770143509, 0.21883797645568848, 0.23651298880577087, 0.2502191960811615, 0.2471272349357605, 0.2623102068901062, 0.2666020691394806, 0.2776777744293213, 0.2927684783935547, 0.31090497970581055, 0.316165953874588, 0.32857999205589294, 0.3270109295845032, 0.3505007028579712, 0.3579306900501251, 0.36822187900543213, 0.38594305515289307, 0.39641883969306946, 0.40191057324409485, 0.40800222754478455, 0.41737043857574463, 0.4264156222343445], "finalValData": [0.15808112919330597, 0.15711526572704315, 0.15292981266975403, 0.14262717962265015, 0.14230521023273468, 0.1487443596124649, 0.1464906632900238, 0.1509980708360672, 0.15518350899219513, 0.1609787493944168, 0.16806182265281677, 0.1632324606180191, 0.16806182265281677, 0.16709594428539276, 0.16806182265281677, 0.16870573163032532, 0.16355441510677338, 0.16355441510677338, 0.1690276861190796, 0.1645202785730362, 0.16934964060783386, 0.17192530632019043, 0.1699935644865036, 0.16967160999774933, 0.17128139734268188, 0.18866708874702454, 0.22408242523670197, 0.22858983278274536, 0.22086285054683685, 0.24211204051971436, 0.2327752709388733, 0.23213136196136475, 0.2237604707479477, 0.23663876950740814, 0.23792658746242523, 0.22665807604789734, 0.2720540761947632, 0.3000643849372864, 0.30457180738449097, 0.296522855758667, 0.2871860861778259, 0.33612364530563354, 0.3377334177494049, 0.3386992812156677, 0.35093367099761963, 0.3322601318359375, 0.34385061264038086, 0.35061171650886536, 0.35737282037734985, 0.3457823693752289]}