{"parameters": [[512, 0.4, 50, 16]], "report": {"air_conditioner": {"precision": 0.529505582137161, "recall": 0.41604010025062654, "f1-score": 0.4659649122807017, "support": 798}, "car_horn": {"precision": 0.06134969325153374, "recall": 0.0625, "f1-score": 0.06191950464396284, "support": 160}, "children_playing": {"precision": 0.3818815331010453, "recall": 0.691046658259773, "f1-score": 0.4919210053859964, "support": 793}, "dog_bark": {"precision": 0.7255717255717256, "recall": 0.612280701754386, "f1-score": 0.6641294005708848, "support": 570}, "drilling": {"precision": 0.5739750445632799, "recall": 0.49614791987673346, "f1-score": 0.5322314049586777, "support": 649}, "engine_idling": {"precision": 0.5064377682403434, "recall": 0.31011826544021026, "f1-score": 0.38467807660961695, "support": 761}, "gun_shot": {"precision": 0.9534883720930233, "recall": 0.4939759036144578, "f1-score": 0.6507936507936507, "support": 83}, "jackhammer": {"precision": 0.32684283727399166, "recall": 0.3104359313077939, "f1-score": 0.31842818428184283, "support": 757}, "siren": {"precision": 0.4803921568627451, "recall": 0.5773195876288659, "f1-score": 0.5244147157190635, "support": 679}, "street_music": {"precision": 0.5155615696887687, "recall": 0.47625, "f1-score": 0.4951267056530215, "support": 800}, "accuracy": 0.4704132231404959, "macro avg": {"precision": 0.5055006282783617, "recall": 0.44461150681328465, "f1-score": 0.4589607560897419, "support": 6050}, "weighted avg": {"precision": 0.4912187410420055, "recall": 0.4704132231404959, "f1-score": 0.46872684288768973, "support": 6050}}, "finalAcc": 0.7947297692298889, "finalVal": 0.449452668428421, "finalAccData": [0.20273201167583466, 0.2571415305137634, 0.3209192752838135, 0.3578845262527466, 0.4010798931121826, 0.4307074546813965, 0.4477364122867584, 0.48202502727508545, 0.501961350440979, 0.5165905356407166, 0.5369883179664612, 0.547048807144165, 0.55946284532547, 0.5783377289772034, 0.5929207801818848, 0.6039503216743469, 0.6138262152671814, 0.6332087516784668, 0.6421154737472534, 0.6516221165657043, 0.6619133353233337, 0.6717430353164673, 0.682126522064209, 0.6881720423698425, 0.698417067527771, 0.7034011483192444, 0.7082468271255493, 0.7136923670768738, 0.7189071774482727, 0.7253680229187012, 0.7285061478614807, 0.7353823184967041, 0.7447966933250427, 0.746919572353363, 0.7448428869247437, 0.7582721710205078, 0.7573953866958618, 0.757026195526123, 0.7620564103126526, 0.7690710425376892, 0.7648253440856934, 0.7720245718955994, 0.7725321650505066, 0.7777008414268494, 0.7782546281814575, 0.7857769131660461, 0.7860999703407288, 0.7837463617324829, 0.7903456687927246, 0.7947297692298889], "finalValData": [0.3187379240989685, 0.3399871289730072, 0.36091434955596924, 0.38634899258613586, 0.3828074634075165, 0.3757244050502777, 0.3882807493209839, 0.38763684034347534, 0.37636831402778625, 0.3937540352344513, 0.3982614278793335, 0.38989052176475525, 0.3744365870952606, 0.418544739484787, 0.4182227849960327, 0.41757887601852417, 0.4236960709095001, 0.39858338236808777, 0.4259497821331024, 0.42466193437576294, 0.4307791292667389, 0.4259497821331024, 0.4108177721500397, 0.4191886782646179, 0.41886672377586365, 0.4307791292667389, 0.42884740233421326, 0.42466193437576294, 0.43689632415771484, 0.43367674946784973, 0.4327108860015869, 0.4169349670410156, 0.4217643141746521, 0.4236960709095001, 0.4182227849960327, 0.4330328404903412, 0.42240825295448303, 0.42691564559936523, 0.45106247067451477, 0.43560850620269775, 0.4410817623138428, 0.4410817623138428, 0.41339343786239624, 0.4275595545768738, 0.4372182786464691, 0.4497746229171753, 0.4294913113117218, 0.43560850620269775, 0.442047655582428, 0.449452668428421]}