{"parameters": [[128, 0.4, 50, 32]], "report": {"air_conditioner": {"precision": 0.26296296296296295, "recall": 0.4448621553884712, "f1-score": 0.33054003724394787, "support": 798}, "car_horn": {"precision": 0.018072289156626505, "recall": 0.01875, "f1-score": 0.018404907975460124, "support": 160}, "children_playing": {"precision": 0.4187568157033806, "recall": 0.4842370744010088, "f1-score": 0.4491228070175438, "support": 793}, "dog_bark": {"precision": 0.8297872340425532, "recall": 0.5473684210526316, "f1-score": 0.6596194503171247, "support": 570}, "drilling": {"precision": 0.7296416938110749, "recall": 0.34514637904468415, "f1-score": 0.4686192468619247, "support": 649}, "engine_idling": {"precision": 0.41149943630214203, "recall": 0.47963206307490147, "f1-score": 0.44296116504854366, "support": 761}, "gun_shot": {"precision": 0.8181818181818182, "recall": 0.5421686746987951, "f1-score": 0.6521739130434783, "support": 83}, "jackhammer": {"precision": 0.41519434628975266, "recall": 0.3104359313077939, "f1-score": 0.35525321239606955, "support": 757}, "siren": {"precision": 0.5609103078982597, "recall": 0.6170839469808542, "f1-score": 0.5876577840112203, "support": 679}, "street_music": {"precision": 0.36082474226804123, "recall": 0.30625, "f1-score": 0.33130493576741044, "support": 800}, "accuracy": 0.42760330578512395, "macro avg": {"precision": 0.4825831646616612, "recall": 0.409593464594914, "f1-score": 0.42956574596827235, "support": 6050}, "weighted avg": {"precision": 0.4721002517691972, "recall": 0.42760330578512395, "f1-score": 0.4342481398316907, "support": 6050}}, "finalAcc": 0.5238358974456787, "finalVal": 0.3725048303604126, "finalAccData": [0.12354054301977158, 0.1504453420639038, 0.14947621524333954, 0.15016844868659973, 0.15289123356342316, 0.1560293436050415, 0.1549217849969864, 0.1500300019979477, 0.16465918719768524, 0.16618210077285767, 0.1688125878572464, 0.17596566677093506, 0.18104204535484314, 0.18717984855175018, 0.19087174534797668, 0.18990261852741241, 0.1941944658756256, 0.19636346399784088, 0.19913239777088165, 0.20402418076992035, 0.21145415306091309, 0.21819189190864563, 0.22880612313747406, 0.2344362884759903, 0.23942036926746368, 0.2463427037000656, 0.2541418671607971, 0.2645253539085388, 0.27993908524513245, 0.29064562916755676, 0.30033689737319946, 0.3220268487930298, 0.33587151765823364, 0.34039410948753357, 0.35105448961257935, 0.36656051874160767, 0.38940420746803284, 0.43056902289390564, 0.4474133551120758, 0.45262816548347473, 0.45922747254371643, 0.46845725178718567, 0.4766717553138733, 0.48050209879875183, 0.48880890011787415, 0.4956389367580414, 0.5044072270393372, 0.5088836550712585, 0.5127140283584595, 0.5238358974456787], "finalValData": [0.19092079997062683, 0.19381842017173767, 0.17192530632019043, 0.174500972032547, 0.17514488101005554, 0.17417900264263153, 0.17128139734268188, 0.1732131391763687, 0.17804250121116638, 0.18834513425827026, 0.1967160403728485, 0.20218931138515472, 0.20508693158626556, 0.20637476444244385, 0.21410173177719116, 0.22343850135803223, 0.2205408811569214, 0.21828718483448029, 0.22118480503559113, 0.21667739748954773, 0.21957501769065857, 0.22569221258163452, 0.20154540240764618, 0.20186735689640045, 0.1989697366952896, 0.19735994935035706, 0.22279459238052368, 0.2553122937679291, 0.21989697217941284, 0.22343850135803223, 0.2726980149745941, 0.25885382294654846, 0.27366387844085693, 0.2685125470161438, 0.27591758966445923, 0.26464906334877014, 0.3364455997943878, 0.3345138430595398, 0.3300064504146576, 0.34707018733024597, 0.3531873822212219, 0.3525434732437134, 0.3670315444469452, 0.3721828758716583, 0.36091434955596924, 0.36542177200317383, 0.34385061264038086, 0.33837732672691345, 0.37411460280418396, 0.3725048303604126]}