{"parameters": [[64, 0.4, 40, 32]], "report": {"air_conditioner": {"precision": 0.2365819209039548, "recall": 0.8395989974937343, "f1-score": 0.3691460055096419, "support": 798}, "car_horn": {"precision": 0.0, "recall": 0.0, "f1-score": 0.0, "support": 160}, "children_playing": {"precision": 0.31752178121974833, "recall": 0.4136191677175284, "f1-score": 0.35925520262869665, "support": 793}, "dog_bark": {"precision": 0.6872964169381107, "recall": 0.3701754385964912, "f1-score": 0.4811858608893957, "support": 570}, "drilling": {"precision": 0.7414772727272727, "recall": 0.40215716486902925, "f1-score": 0.5214785214785215, "support": 649}, "engine_idling": {"precision": 0.9504950495049505, "recall": 0.12614980289093297, "f1-score": 0.22273781902552203, "support": 761}, "gun_shot": {"precision": 0.0, "recall": 0.0, "f1-score": 0.0, "support": 83}, "jackhammer": {"precision": 0.5949612403100775, "recall": 0.40554821664464996, "f1-score": 0.48232521602513745, "support": 757}, "siren": {"precision": 0.5507246376811594, "recall": 0.3917525773195876, "f1-score": 0.45783132530120485, "support": 679}, "street_music": {"precision": 0.10093896713615023, "recall": 0.05375, "f1-score": 0.07014681892332789, "support": 800}, "accuracy": 0.3606611570247934, "macro avg": {"precision": 0.41799972864214235, "recall": 0.3002751365531954, "f1-score": 0.2964106769781448, "support": 6050}, "weighted avg": {"precision": 0.4862761069959939, "recall": 0.3606611570247934, "f1-score": 0.34608131951328897, "support": 6050}}, "finalAcc": 0.2760164141654968, "finalVal": 0.32485511898994446, "finalAccData": [0.11680280417203903, 0.12672480940818787, 0.15925976634025574, 0.15141446888446808, 0.14929161965847015, 0.1468457281589508, 0.14610734581947327, 0.14795330166816711, 0.14915317296981812, 0.15146061778068542, 0.15879827737808228, 0.16488993167877197, 0.16996631026268005, 0.1778116226196289, 0.18404172360897064, 0.19216391444206238, 0.1972864419221878, 0.2040703296661377, 0.2070700079202652, 0.208777517080307, 0.21113111078739166, 0.206377774477005, 0.21288476884365082, 0.2214684635400772, 0.22391435503959656, 0.2210531234741211, 0.22299137711524963, 0.2210531234741211, 0.2223452925682068, 0.22672942280769348, 0.2278369963169098, 0.23208269476890564, 0.23522081971168518, 0.2410355806350708, 0.23928192257881165, 0.24809636175632477, 0.25026535987854004, 0.24878859519958496, 0.2596335709095001, 0.2760164141654968], "finalValData": [0.11783644556999207, 0.12202189117670059, 0.17256921529769897, 0.1500321924686432, 0.14584675431251526, 0.15969091653823853, 0.15389569103717804, 0.15969091653823853, 0.1622665822505951, 0.16870573163032532, 0.1677398532629013, 0.16645203530788422, 0.19446232914924622, 0.19961364567279816, 0.22537025809288025, 0.23341919481754303, 0.24694140255451202, 0.2372826784849167, 0.2517707645893097, 0.2553122937679291, 0.24887314438819885, 0.2495170682668686, 0.24533161520957947, 0.259497731924057, 0.25209271907806396, 0.2627173066139221, 0.2437218278646469, 0.2617514431476593, 0.2559562027454376, 0.25885382294654846, 0.25981971621513367, 0.2649710178375244, 0.2630392909049988, 0.27559563517570496, 0.25756600499153137, 0.2743077874183655, 0.2559562027454376, 0.2659369111061096, 0.2717321217060089, 0.32485511898994446]}