{"parameters": [[64, 0.5, 30, 32]], "report": {"air_conditioner": {"precision": 0.0, "recall": 0.0, "f1-score": 0.0, "support": 798}, "car_horn": {"precision": 0.0, "recall": 0.0, "f1-score": 0.0, "support": 160}, "children_playing": {"precision": 0.0, "recall": 0.0, "f1-score": 0.0, "support": 793}, "dog_bark": {"precision": 0.0, "recall": 0.0, "f1-score": 0.0, "support": 570}, "drilling": {"precision": 0.7863247863247863, "recall": 0.2835130970724191, "f1-score": 0.4167610419026048, "support": 649}, "engine_idling": {"precision": 0.1307878369039392, "recall": 0.9947437582128777, "f1-score": 0.2311803328752481, "support": 761}, "gun_shot": {"precision": 0.0, "recall": 0.0, "f1-score": 0.0, "support": 83}, "jackhammer": {"precision": 0.0, "recall": 0.0, "f1-score": 0.0, "support": 757}, "siren": {"precision": 0.0, "recall": 0.0, "f1-score": 0.0, "support": 679}, "street_music": {"precision": 0.0, "recall": 0.0, "f1-score": 0.0, "support": 800}, "accuracy": 0.15553719008264463, "macro avg": {"precision": 0.09171126232287255, "recall": 0.1278256855285297, "f1-score": 0.0647941374777853, "support": 6050}, "weighted avg": {"precision": 0.10080236862953455, "recall": 0.15553719008264463, "f1-score": 0.07378614041534783, "support": 6050}}, "finalAcc": 0.1641054004430771, "finalVal": 0.1609787493944168, "finalAccData": [0.12183303385972977, 0.13567769527435303, 0.13480086624622345, 0.13327795267105103, 0.12953989207744598, 0.13152429461479187, 0.13069361448287964, 0.1298629343509674, 0.1335548460483551, 0.13129355013370514, 0.1322626769542694, 0.1354469507932663, 0.13678526878356934, 0.13747750222682953, 0.1364622265100479, 0.13987724483013153, 0.143938347697258, 0.14776870608329773, 0.14592275023460388, 0.14550741016864777, 0.1468457281589508, 0.15007615089416504, 0.15501408278942108, 0.15030689537525177, 0.159029021859169, 0.15829063951969147, 0.15667542815208435, 0.1585213840007782, 0.1604134887456894, 0.1641054004430771], "finalValData": [0.17289118468761444, 0.14455892145633698, 0.13844172656536102, 0.13168062269687653, 0.13393431901931763, 0.13168062269687653, 0.1329684555530548, 0.14005151391029358, 0.1397295594215393, 0.14069542288780212, 0.14391499757766724, 0.1500321924686432, 0.1609787493944168, 0.1609787493944168, 0.16065679490566254, 0.1609787493944168, 0.15936896204948425, 0.15840308368206024, 0.1677398532629013, 0.16419832408428192, 0.15711526572704315, 0.1577591747045517, 0.1577591747045517, 0.16162265837192535, 0.1577591747045517, 0.15969091653823853, 0.1600128710269928, 0.16194462776184082, 0.16033484041690826, 0.1609787493944168]}