{"parameters": [[64, 0.5, 40, 16]], "report": {"air_conditioner": {"precision": 0.1049708414329353, "recall": 0.47368421052631576, "f1-score": 0.17185724028188223, "support": 798}, "car_horn": {"precision": 0.0, "recall": 0.0, "f1-score": 0.0, "support": 160}, "children_playing": {"precision": 0.11904761904761904, "recall": 0.006305170239596469, "f1-score": 0.011976047904191616, "support": 793}, "dog_bark": {"precision": 0.0, "recall": 0.0, "f1-score": 0.0, "support": 570}, "drilling": {"precision": 0.8351648351648352, "recall": 0.35130970724191063, "f1-score": 0.4945770065075922, "support": 649}, "engine_idling": {"precision": 0.8153846153846154, "recall": 0.1392904073587385, "f1-score": 0.23793490460157127, "support": 761}, "gun_shot": {"precision": 0.0, "recall": 0.0, "f1-score": 0.0, "support": 83}, "jackhammer": {"precision": 0.4707792207792208, "recall": 0.38309114927344784, "f1-score": 0.42243262927895125, "support": 757}, "siren": {"precision": 0.0, "recall": 0.0, "f1-score": 0.0, "support": 679}, "street_music": {"precision": 0.2154178674351585, "recall": 0.37375, "f1-score": 0.27330895795246796, "support": 800}, "accuracy": 0.2158677685950413, "macro avg": {"precision": 0.25607649992443837, "recall": 0.17274306446400092, "f1-score": 0.16120867865266564, "support": 6050}, "weighted avg": {"precision": 0.3089942690538697, "recall": 0.2158677685950413, "f1-score": 0.19621763472468254, "support": 6050}}, "finalAcc": 0.2344362884759903, "finalVal": 0.18898905813694, "finalAccData": [0.12940144538879395, 0.13032442331314087, 0.12907840311527252, 0.12893995642662048, 0.12907840311527252, 0.12893995642662048, 0.12843231856822968, 0.12783238291740417, 0.12598642706871033, 0.13050901889801025, 0.1336471438407898, 0.13221652805805206, 0.1337394416332245, 0.13729290664196014, 0.1376620978116989, 0.1384466290473938, 0.14546126127243042, 0.1438460499048233, 0.14666113257408142, 0.149937704205513, 0.1505376398563385, 0.15459874272346497, 0.15515252947807312, 0.15898287296295166, 0.1669204831123352, 0.17836540937423706, 0.18685680627822876, 0.19585582613945007, 0.20005537569522858, 0.20425492525100708, 0.20882366597652435, 0.21514606475830078, 0.2144538313150406, 0.22013014554977417, 0.21828418970108032, 0.2216530591249466, 0.22488346695899963, 0.23157505691051483, 0.23517467081546783, 0.2344362884759903], "finalValData": [0.1387636810541153, 0.12491951137781143, 0.12588538229465485, 0.12491951137781143, 0.12459754943847656, 0.1284610480070114, 0.1284610480070114, 0.13135865330696106, 0.1284610480070114, 0.15035414695739746, 0.1410173922777176, 0.15582743287086487, 0.16162265837192535, 0.1632324606180191, 0.15292981266975403, 0.16645203530788422, 0.16387636959552765, 0.1609787493944168, 0.1677398532629013, 0.1667739897966385, 0.16838377714157104, 0.1654861569404602, 0.17063747346401215, 0.18512555956840515, 0.21603348851203918, 0.22794590890407562, 0.1925305873155594, 0.1902768760919571, 0.18770122528076172, 0.1777205467224121, 0.18641339242458344, 0.18190598487854004, 0.18931101262569427, 0.1654861569404602, 0.1912427544593811, 0.1699935644865036, 0.16355441510677338, 0.17031551897525787, 0.17868641018867493, 0.18898905813694]}