{"parameters": [[128, 0.5, 30, 16]], "report": {"air_conditioner": {"precision": 0.2729705619982159, "recall": 0.38345864661654133, "f1-score": 0.3189161021365295, "support": 798}, "car_horn": {"precision": 0.0, "recall": 0.0, "f1-score": 0.0, "support": 160}, "children_playing": {"precision": 0.3055207026348808, "recall": 0.6141235813366961, "f1-score": 0.40804356933389196, "support": 793}, "dog_bark": {"precision": 0.6904761904761905, "recall": 0.356140350877193, "f1-score": 0.46990740740740744, "support": 570}, "drilling": {"precision": 0.7649006622516556, "recall": 0.3559322033898305, "f1-score": 0.48580441640378547, "support": 649}, "engine_idling": {"precision": 0.5056603773584906, "recall": 0.35216819973718794, "f1-score": 0.4151820294345469, "support": 761}, "gun_shot": {"precision": 0.9629629629629629, "recall": 0.3132530120481928, "f1-score": 0.4727272727272727, "support": 83}, "jackhammer": {"precision": 0.42170542635658914, "recall": 0.35931307793923384, "f1-score": 0.3880171184022825, "support": 757}, "siren": {"precision": 0.4638728323699422, "recall": 0.4727540500736377, "f1-score": 0.4682713347921225, "support": 679}, "street_music": {"precision": 0.26272189349112424, "recall": 0.2775, "f1-score": 0.26990881458966565, "support": 800}, "accuracy": 0.38611570247933885, "macro avg": {"precision": 0.46507916099000524, "recall": 0.34846431220185126, "f1-score": 0.36967780652275045, "support": 6050}, "weighted avg": {"precision": 0.4395391789845545, "recall": 0.38611570247933885, "f1-score": 0.3874396732425076, "support": 6050}}, "finalAcc": 0.35594627261161804, "finalVal": 0.3151963949203491, "finalAccData": [0.11772578209638596, 0.1304628700017929, 0.12594027817249298, 0.12787853181362152, 0.1304628700017929, 0.12861691415309906, 0.13101665675640106, 0.14176934957504272, 0.14176934957504272, 0.14726106822490692, 0.14998385310173035, 0.15298353135585785, 0.15616779029369354, 0.15667542815208435, 0.16013659536838531, 0.1669204831123352, 0.16945867240428925, 0.17725783586502075, 0.1857030838727951, 0.19405601918697357, 0.20822373032569885, 0.2172689139842987, 0.24080483615398407, 0.2693248391151428, 0.28321564197540283, 0.30162906646728516, 0.3021828532218933, 0.3175504207611084, 0.34136325120925903, 0.35594627261161804], "finalValData": [0.14391499757766724, 0.13007083535194397, 0.12942691147327423, 0.13329041004180908, 0.15711526572704315, 0.14938828349113464, 0.1645202785730362, 0.16838377714157104, 0.16709594428539276, 0.16741789877414703, 0.16516420245170593, 0.1645202785730362, 0.16484224796295166, 0.16645203530788422, 0.17256921529769897, 0.17707662284374237, 0.17611075937747955, 0.16258853673934937, 0.15711526572704315, 0.16967160999774933, 0.19285254180431366, 0.22955569624900818, 0.2726980149745941, 0.26915648579597473, 0.27334192395210266, 0.2604636251926422, 0.2784932255744934, 0.2707662582397461, 0.30264005064964294, 0.3151963949203491]}