{"parameters": [[64, 0.3, 30, 32]], "report": {"air_conditioner": {"precision": 0.33225806451612905, "recall": 0.2581453634085213, "f1-score": 0.29055007052186177, "support": 798}, "car_horn": {"precision": 0.0, "recall": 0.0, "f1-score": 0.0, "support": 160}, "children_playing": {"precision": 0.17842323651452283, "recall": 0.05422446406052964, "f1-score": 0.08317214700193423, "support": 793}, "dog_bark": {"precision": 0.6927966101694916, "recall": 0.5736842105263158, "f1-score": 0.6276391554702495, "support": 570}, "drilling": {"precision": 0.7425373134328358, "recall": 0.3066255778120185, "f1-score": 0.4340239912758997, "support": 649}, "engine_idling": {"precision": 0.6162280701754386, "recall": 0.3692509855453351, "f1-score": 0.4617912900575185, "support": 761}, "gun_shot": {"precision": 0.7727272727272727, "recall": 0.20481927710843373, "f1-score": 0.3238095238095238, "support": 83}, "jackhammer": {"precision": 0.5044843049327354, "recall": 0.29722589167767505, "f1-score": 0.37406483790523687, "support": 757}, "siren": {"precision": 0.0, "recall": 0.0, "f1-score": 0.0, "support": 679}, "street_music": {"precision": 0.17234525837592277, "recall": 0.75875, "f1-score": 0.2808884775566867, "support": 800}, "accuracy": 0.3148760330578512, "macro avg": {"precision": 0.40118001308443485, "recall": 0.2822725770138829, "f1-score": 0.2875939493598911, "support": 6050}, "weighted avg": {"precision": 0.38616348707919, "recall": 0.3148760330578512, "f1-score": 0.30139298914953, "support": 6050}}, "finalAcc": 0.28192347288131714, "finalVal": 0.23889246582984924, "finalAccData": [0.11911024898290634, 0.11269555240869522, 0.14209239184856415, 0.14430753886699677, 0.14569200575351715, 0.14726106822490692, 0.14998385310173035, 0.15556785464286804, 0.16050578653812408, 0.16599750518798828, 0.17139692604541779, 0.1791037917137146, 0.18547233939170837, 0.18851816654205322, 0.191979318857193, 0.19354838132858276, 0.19645576179027557, 0.20083990693092346, 0.20023997128009796, 0.2035626918077469, 0.21911486983299255, 0.23180580139160156, 0.2372513711452484, 0.24108172953128815, 0.24588121473789215, 0.24929623305797577, 0.25718769431114197, 0.27034011483192444, 0.2762933075428009, 0.28192347288131714], "finalValData": [0.20412105321884155, 0.14584675431251526, 0.15453960001468658, 0.15936896204948425, 0.15067611634731293, 0.1532517671585083, 0.15840308368206024, 0.15518350899219513, 0.15711526572704315, 0.17417900264263153, 0.17256921529769897, 0.19510625302791595, 0.20090147852897644, 0.18963296711444855, 0.19220863282680511, 0.18995492160320282, 0.21732130646705627, 0.20508693158626556, 0.20862846076488495, 0.21056020259857178, 0.217965230345726, 0.23309722542762756, 0.21828718483448029, 0.23213136196136475, 0.23309722542762756, 0.2282678633928299, 0.24243399500846863, 0.23245331645011902, 0.24565356969833374, 0.23889246582984924]}