{"parameters": [[128, 0.3, 50, 32]], "report": {"air_conditioner": {"precision": 0.3261734287987271, "recall": 0.5137844611528822, "f1-score": 0.39902676399026765, "support": 798}, "car_horn": {"precision": 0.3170731707317073, "recall": 0.08125, "f1-score": 0.1293532338308458, "support": 160}, "children_playing": {"precision": 0.40211019929660025, "recall": 0.43253467843631777, "f1-score": 0.4167679222357229, "support": 793}, "dog_bark": {"precision": 0.7962085308056872, "recall": 0.5894736842105263, "f1-score": 0.6774193548387097, "support": 570}, "drilling": {"precision": 0.799492385786802, "recall": 0.48536209553158705, "f1-score": 0.6040268456375839, "support": 649}, "engine_idling": {"precision": 0.5054545454545455, "recall": 0.5479632063074902, "f1-score": 0.5258511979823455, "support": 761}, "gun_shot": {"precision": 0.9142857142857143, "recall": 0.3855421686746988, "f1-score": 0.5423728813559322, "support": 83}, "jackhammer": {"precision": 0.4091580502215657, "recall": 0.36591809775429324, "f1-score": 0.38633193863319376, "support": 757}, "siren": {"precision": 0.44114411441144114, "recall": 0.5905743740795287, "f1-score": 0.5050377833753148, "support": 679}, "street_music": {"precision": 0.41601255886970173, "recall": 0.33125, "f1-score": 0.36882393876130826, "support": 800}, "accuracy": 0.46429752066115704, "macro avg": {"precision": 0.5327112698662492, "recall": 0.43236527661473245, "f1-score": 0.45550118606412243, "support": 6050}, "weighted avg": {"precision": 0.49673009597537465, "recall": 0.46429752066115704, "f1-score": 0.4666747250859958, "support": 6050}}, "finalAcc": 0.6129493713378906, "finalVal": 0.4072762429714203, "finalAccData": [0.13660067319869995, 0.12035626918077469, 0.12155614048242569, 0.15196825563907623, 0.201578289270401, 0.22243759036064148, 0.2482348084449768, 0.266279011964798, 0.28732290863990784, 0.30010613799095154, 0.3111818730831146, 0.3322257697582245, 0.34616270661354065, 0.3535003960132599, 0.36074575781822205, 0.3725137412548065, 0.38672757148742676, 0.3893580734729767, 0.402464359998703, 0.4080483615398407, 0.4162167012691498, 0.42456966638565063, 0.42766162753105164, 0.4413217008113861, 0.44307535886764526, 0.4566892683506012, 0.4610734283924103, 0.479856014251709, 0.48262494802474976, 0.48871660232543945, 0.49360838532447815, 0.5047764182090759, 0.5081914067268372, 0.5138216018676758, 0.5217592120170593, 0.5284969210624695, 0.5342655181884766, 0.542156994342804, 0.5475564002990723, 0.5515713691711426, 0.560431957244873, 0.5689694881439209, 0.5750150084495544, 0.5853984951972961, 0.5904748439788818, 0.5878905057907104, 0.5906133055686951, 0.6026581525802612, 0.6094881892204285, 0.6129493713378906], "finalValData": [0.19381842017173767, 0.13779781758785248, 0.1310366988182068, 0.18415969610214233, 0.1957501620054245, 0.19929169118404388, 0.24211204051971436, 0.24919509887695312, 0.24790728092193604, 0.26336124539375305, 0.29040566086769104, 0.2820347845554352, 0.29233741760253906, 0.310045063495636, 0.3197037875652313, 0.35415324568748474, 0.3290405571460724, 0.34288474917411804, 0.3593045771121979, 0.3773341774940491, 0.3670315444469452, 0.3432067036628723, 0.3358016610145569, 0.3399871289730072, 0.3502897620201111, 0.349001944065094, 0.36155828833580017, 0.3647778630256653, 0.3660656809806824, 0.3712170124053955, 0.3644558787345886, 0.3757244050502777, 0.3715389668941498, 0.35383129119873047, 0.37089502811431885, 0.3950418531894684, 0.3927881419658661, 0.38441726565361023, 0.3911783695220947, 0.3960077166557312, 0.3847392201423645, 0.40341275930404663, 0.40212491154670715, 0.4140373468399048, 0.4104958176612854, 0.4095299541950226, 0.40566644072532654, 0.40083709359169006, 0.4027688205242157, 0.4072762429714203]}