{"parameters": [[64, 0.3, 40, 16]], "report": {"air_conditioner": {"precision": 0.08482142857142858, "recall": 0.09523809523809523, "f1-score": 0.08972845336481701, "support": 798}, "car_horn": {"precision": 0.03225806451612903, "recall": 0.025, "f1-score": 0.028169014084507043, "support": 160}, "children_playing": {"precision": 0.41148325358851673, "recall": 0.4337957124842371, "f1-score": 0.4223449969306323, "support": 793}, "dog_bark": {"precision": 0.8020565552699229, "recall": 0.5473684210526316, "f1-score": 0.6506777893639207, "support": 570}, "drilling": {"precision": 0.6098901098901099, "recall": 0.3420647149460709, "f1-score": 0.4383020730503455, "support": 649}, "engine_idling": {"precision": 0.2777777777777778, "recall": 0.4533508541392904, "f1-score": 0.34448327508736887, "support": 761}, "gun_shot": {"precision": 0.9473684210526315, "recall": 0.21686746987951808, "f1-score": 0.35294117647058826, "support": 83}, "jackhammer": {"precision": 0.37876960193003617, "recall": 0.4147952443857332, "f1-score": 0.39596469104665827, "support": 757}, "siren": {"precision": 0.5722070844686649, "recall": 0.6185567010309279, "f1-score": 0.5944798301486199, "support": 679}, "street_music": {"precision": 0.3209076175040519, "recall": 0.2475, "f1-score": 0.2794636556104446, "support": 800}, "accuracy": 0.37239669421487603, "macro avg": {"precision": 0.44375399145692684, "recall": 0.33945372131565044, "f1-score": 0.35965549551579024, "support": 6050}, "weighted avg": {"precision": 0.40895036183397876, "recall": 0.37239669421487603, "f1-score": 0.3776509431771704, "support": 6050}}, "finalAcc": 0.5055148005485535, "finalVal": 0.38860270380973816, "finalAccData": [0.12192533165216446, 0.14961466193199158, 0.16050578653812408, 0.17513498663902283, 0.1900872141122818, 0.20513175427913666, 0.2076699435710907, 0.215976744890213, 0.2278369963169098, 0.23609764873981476, 0.2421431541442871, 0.2542341649532318, 0.2596335709095001, 0.26646360754966736, 0.27652406692504883, 0.29392218589782715, 0.305874764919281, 0.31168949604034424, 0.33337947726249695, 0.34279385209083557, 0.34648576378822327, 0.3540080189704895, 0.35525405406951904, 0.36305320262908936, 0.3653145134449005, 0.37814390659332275, 0.38414323329925537, 0.3921731412410736, 0.4040334224700928, 0.4238312840461731, 0.4382297396659851, 0.4613964557647705, 0.46753427386283875, 0.4734874665737152, 0.47962528467178345, 0.48940882086753845, 0.49190086126327515, 0.5022382140159607, 0.5008999109268188, 0.5055148005485535], "finalValData": [0.1500321924686432, 0.1609787493944168, 0.17643271386623383, 0.20959433913230896, 0.1925305873155594, 0.2070186734199524, 0.203477144241333, 0.21764327585697174, 0.23696072399616241, 0.24339987337589264, 0.26561492681503296, 0.2952350378036499, 0.30585962533950806, 0.2743077874183655, 0.30360591411590576, 0.3448164761066437, 0.31036701798439026, 0.29265937209129333, 0.32034772634506226, 0.34739214181900024, 0.33708950877189636, 0.3332260251045227, 0.32807469367980957, 0.34707018733024597, 0.3312942683696747, 0.35640695691108704, 0.34739214181900024, 0.34867995977401733, 0.327430784702301, 0.3715389668941498, 0.354475200176239, 0.3667095899581909, 0.3692852556705475, 0.3792659342288971, 0.391500324010849, 0.38441726565361023, 0.3679974377155304, 0.3705730736255646, 0.376046359539032, 0.38860270380973816]}