{"parameters": [[64, 0.3, 50, 32]], "report": {"air_conditioner": {"precision": 0.2872093023255814, "recall": 0.30952380952380953, "f1-score": 0.2979493365500603, "support": 798}, "car_horn": {"precision": 0.0, "recall": 0.0, "f1-score": 0.0, "support": 160}, "children_playing": {"precision": 0.3287128712871287, "recall": 0.41866330390920553, "f1-score": 0.3682750970604548, "support": 793}, "dog_bark": {"precision": 0.7620192307692307, "recall": 0.5561403508771929, "f1-score": 0.6430020283975659, "support": 570}, "drilling": {"precision": 0.7321428571428571, "recall": 0.3790446841294299, "f1-score": 0.49949238578680205, "support": 649}, "engine_idling": {"precision": 0.7791411042944786, "recall": 0.33377135348226017, "f1-score": 0.46734130634774607, "support": 761}, "gun_shot": {"precision": 0.9534883720930233, "recall": 0.4939759036144578, "f1-score": 0.6507936507936507, "support": 83}, "jackhammer": {"precision": 0.45734597156398105, "recall": 0.5099075297225891, "f1-score": 0.4821986258588382, "support": 757}, "siren": {"precision": 0.2982456140350877, "recall": 0.5758468335787923, "f1-score": 0.39296482412060296, "support": 679}, "street_music": {"precision": 0.2743362831858407, "recall": 0.31, "f1-score": 0.29107981220657275, "support": 800}, "accuracy": 0.4069421487603306, "macro avg": {"precision": 0.48726416066972095, "recall": 0.38868737688377375, "f1-score": 0.4093097067122294, "support": 6050}, "weighted avg": {"precision": 0.4693601025148649, "recall": 0.4069421487603306, "f1-score": 0.4123737800599887, "support": 6050}}, "finalAcc": 0.44505977630615234, "finalVal": 0.33161622285842896, "finalAccData": [0.12381743639707565, 0.15049149096012115, 0.14467673003673553, 0.1473533660173416, 0.14772255718708038, 0.1528450846672058, 0.1549217849969864, 0.16544371843338013, 0.17047394812107086, 0.17758087813854218, 0.1913793832063675, 0.20037841796875, 0.20674696564674377, 0.21763810515403748, 0.2242373824119568, 0.23249803483486176, 0.2351285219192505, 0.24195855855941772, 0.24749642610549927, 0.24491208791732788, 0.24906548857688904, 0.2561262547969818, 0.2608334422111511, 0.2624948024749756, 0.2649868428707123, 0.27324751019477844, 0.275877982378006, 0.29562970995903015, 0.30333656072616577, 0.3173196613788605, 0.32687249779701233, 0.34108635783195496, 0.34625500440597534, 0.3581152856349945, 0.36623749136924744, 0.3740828037261963, 0.37925148010253906, 0.37915918231010437, 0.3908809721469879, 0.39111173152923584, 0.39831095933914185, 0.40698695182800293, 0.4071253836154938, 0.41150954365730286, 0.413263201713562, 0.41958558559417725, 0.4253541827201843, 0.4340301752090454, 0.44224467873573303, 0.44505977630615234], "finalValData": [0.14842240512371063, 0.15164197981357574, 0.16387636959552765, 0.16741789877414703, 0.16934964060783386, 0.1777205467224121, 0.17546683549880981, 0.16613006591796875, 0.15808112919330597, 0.16162265837192535, 0.1722472608089447, 0.20444300770759583, 0.2205408811569214, 0.23180940747261047, 0.23245331645011902, 0.22086285054683685, 0.2205408811569214, 0.22665807604789734, 0.23213136196136475, 0.22569221258163452, 0.2337411493062973, 0.23985834419727325, 0.2305215746164322, 0.23470701277256012, 0.24436573684215546, 0.2282678633928299, 0.2662588655948639, 0.24339987337589264, 0.26336124539375305, 0.2652929723262787, 0.2772054076194763, 0.28815194964408875, 0.2762395441532135, 0.27784931659698486, 0.28332260251045227, 0.27462974190711975, 0.28815194964408875, 0.29008370637893677, 0.30135223269462585, 0.31584030389785767, 0.3341918885707855, 0.30811333656311035, 0.30457180738449097, 0.3019961416721344, 0.3151963949203491, 0.3151963949203491, 0.3174501061439514, 0.3209916353225708, 0.3222794532775879, 0.33161622285842896]}