{"parameters": [[256, 0.5, 30, 32]], "report": {"air_conditioner": {"precision": 0.17949929145016533, "recall": 0.47619047619047616, "f1-score": 0.2607204116638079, "support": 798}, "car_horn": {"precision": 0.0, "recall": 0.0, "f1-score": 0.0, "support": 160}, "children_playing": {"precision": 0.185, "recall": 0.04665825977301387, "f1-score": 0.07452165156092648, "support": 793}, "dog_bark": {"precision": 0.6992084432717678, "recall": 0.4649122807017544, "f1-score": 0.5584826132771339, "support": 570}, "drilling": {"precision": 0.8571428571428571, "recall": 0.3050847457627119, "f1-score": 0.45000000000000007, "support": 649}, "engine_idling": {"precision": 0.5281385281385281, "recall": 0.32063074901445465, "f1-score": 0.3990188062142273, "support": 761}, "gun_shot": {"precision": 0.967741935483871, "recall": 0.3614457831325301, "f1-score": 0.5263157894736842, "support": 83}, "jackhammer": {"precision": 0.3605051664753157, "recall": 0.4147952443857332, "f1-score": 0.3857493857493858, "support": 757}, "siren": {"precision": 0.4990859232175503, "recall": 0.4020618556701031, "f1-score": 0.4453507340946167, "support": 679}, "street_music": {"precision": 0.23514851485148514, "recall": 0.35625, "f1-score": 0.28330019880715707, "support": 800}, "accuracy": 0.33487603305785124, "macro avg": {"precision": 0.45114706600315396, "recall": 0.31480293946307775, "f1-score": 0.33834595908409393, "support": 6050}, "weighted avg": {"precision": 0.41767215319903367, "recall": 0.33487603305785124, "f1-score": 0.3381683904672889, "support": 6050}}, "finalAcc": 0.3211500346660614, "finalVal": 0.28461042046546936, "finalAccData": [0.1340624839067459, 0.1610134243965149, 0.15275278687477112, 0.15206055343151093, 0.15155291557312012, 0.15395265817642212, 0.1531219780445099, 0.1556140035390854, 0.1616133600473404, 0.1597212553024292, 0.1641054004430771, 0.17098158597946167, 0.17185841500759125, 0.18764133751392365, 0.18367253243923187, 0.19640961289405823, 0.2032857984304428, 0.21191564202308655, 0.2178688496351242, 0.22109927237033844, 0.22626793384552002, 0.23309797048568726, 0.2360514998435974, 0.24638885259628296, 0.24994231760501862, 0.25377267599105835, 0.27177074551582336, 0.2876920998096466, 0.2972910702228546, 0.3211500346660614], "finalValData": [0.1980038583278656, 0.1812620759010315, 0.17965228855609894, 0.17739857733249664, 0.17707662284374237, 0.17546683549880981, 0.17289118468761444, 0.16838377714157104, 0.1699935644865036, 0.1757887899875641, 0.18061815202236176, 0.1722472608089447, 0.16291049122810364, 0.16355441510677338, 0.1867353469133377, 0.17933033406734467, 0.18190598487854004, 0.18931101262569427, 0.19993561506271362, 0.1925305873155594, 0.19414037466049194, 0.19832582771778107, 0.19864778220653534, 0.2057308405637741, 0.20862846076488495, 0.2205408811569214, 0.20895041525363922, 0.2260141670703888, 0.24629749357700348, 0.28461042046546936]}