{"parameters": [[128, 0.5, 40, 32]], "report": {"air_conditioner": {"precision": 0.0022123893805309734, "recall": 0.0012531328320802004, "f1-score": 0.0016, "support": 798}, "car_horn": {"precision": 0.0, "recall": 0.0, "f1-score": 0.0, "support": 160}, "children_playing": {"precision": 0.3200836820083682, "recall": 0.3858764186633039, "f1-score": 0.34991423670668953, "support": 793}, "dog_bark": {"precision": 0.8154506437768241, "recall": 0.3333333333333333, "f1-score": 0.473225404732254, "support": 570}, "drilling": {"precision": 0.8190954773869347, "recall": 0.25115562403698, "f1-score": 0.38443396226415094, "support": 649}, "engine_idling": {"precision": 0.22846153846153847, "recall": 0.7805519053876478, "f1-score": 0.35346623028860463, "support": 761}, "gun_shot": {"precision": 0.0, "recall": 0.0, "f1-score": 0.0, "support": 83}, "jackhammer": {"precision": 0.3785377358490566, "recall": 0.4240422721268164, "f1-score": 0.4, "support": 757}, "siren": {"precision": 0.5616666666666666, "recall": 0.4963181148748159, "f1-score": 0.5269741985926506, "support": 679}, "street_music": {"precision": 0.25925925925925924, "recall": 0.0525, "f1-score": 0.08731808731808732, "support": 800}, "accuracy": 0.32297520661157025, "macro avg": {"precision": 0.33847673927891786, "recall": 0.2725030801254978, "f1-score": 0.2576932119902437, "support": 6050}, "weighted avg": {"precision": 0.3803608345811984, "recall": 0.32297520661157025, "f1-score": 0.2970996138617738, "support": 6050}}, "finalAcc": 0.3229498267173767, "finalVal": 0.2987765669822693, "finalAccData": [0.11971018463373184, 0.14901472628116608, 0.14172320067882538, 0.1409386694431305, 0.1383543312549591, 0.13950805366039276, 0.13581614196300507, 0.1422308385372162, 0.14190779626369476, 0.14596889913082123, 0.15090683102607727, 0.15035304427146912, 0.15247589349746704, 0.15266048908233643, 0.1562139391899109, 0.16087497770786285, 0.1632285714149475, 0.16027504205703735, 0.1663205474615097, 0.16848954558372498, 0.1707046926021576, 0.17208915948867798, 0.17555032670497894, 0.17836540937423706, 0.17887304723262787, 0.1838109791278839, 0.1838109791278839, 0.1845032125711441, 0.19207161664962769, 0.1937791258096695, 0.20471641421318054, 0.2137615978717804, 0.2272370606660843, 0.23309797048568726, 0.24325072765350342, 0.25515714287757874, 0.2656329274177551, 0.2868614196777344, 0.30619779229164124, 0.3229498267173767], "finalValData": [0.2205408811569214, 0.1957501620054245, 0.17031551897525787, 0.15679329633712769, 0.14971023797988892, 0.1477784961462021, 0.15067611634731293, 0.16613006591796875, 0.1609787493944168, 0.1699935644865036, 0.16645203530788422, 0.16645203530788422, 0.1732131391763687, 0.16613006591796875, 0.17804250121116638, 0.1835157722234726, 0.17256921529769897, 0.18609143793582916, 0.1857694834470749, 0.1822279393672943, 0.18705730140209198, 0.19188667833805084, 0.18995492160320282, 0.19414037466049194, 0.1947842836380005, 0.16387636959552765, 0.16806182265281677, 0.16645203530788422, 0.16484224796295166, 0.17836445569992065, 0.19639407098293304, 0.20218931138515472, 0.2057308405637741, 0.22858983278274536, 0.24629749357700348, 0.2817128002643585, 0.2894397974014282, 0.24661944806575775, 0.2852543592453003, 0.2987765669822693]}