{"parameters": [[512, 0.3, 30, 32]], "report": {"air_conditioner": {"precision": 0.49014084507042255, "recall": 0.43609022556390975, "f1-score": 0.46153846153846156, "support": 798}, "car_horn": {"precision": 0.04980842911877394, "recall": 0.08125, "f1-score": 0.06175771971496437, "support": 160}, "children_playing": {"precision": 0.43204868154158216, "recall": 0.5372005044136192, "f1-score": 0.478920741989882, "support": 793}, "dog_bark": {"precision": 0.7115384615384616, "recall": 0.6491228070175439, "f1-score": 0.6788990825688075, "support": 570}, "drilling": {"precision": 0.6688034188034188, "recall": 0.48228043143297383, "f1-score": 0.5604297224709042, "support": 649}, "engine_idling": {"precision": 0.5134854771784232, "recall": 0.6504599211563732, "f1-score": 0.5739130434782609, "support": 761}, "gun_shot": {"precision": 0.9148936170212766, "recall": 0.5180722891566265, "f1-score": 0.6615384615384615, "support": 83}, "jackhammer": {"precision": 0.41578947368421054, "recall": 0.3130779392338177, "f1-score": 0.35719668425018847, "support": 757}, "siren": {"precision": 0.6184012066365008, "recall": 0.6038291605301914, "f1-score": 0.6110283159463487, "support": 679}, "street_music": {"precision": 0.45063879210220675, "recall": 0.485, "f1-score": 0.4671884406983745, "support": 800}, "accuracy": 0.5029752066115702, "macro avg": {"precision": 0.5265548402695276, "recall": 0.4756383278505056, "f1-score": 0.49124106741946544, "support": 6050}, "weighted avg": {"precision": 0.5195377507901587, "recall": 0.5029752066115702, "f1-score": 0.5056788149200351, "support": 6050}}, "finalAcc": 0.7740551233291626, "finalVal": 0.4475209414958954, "finalAccData": [0.2008860558271408, 0.22626793384552002, 0.2601873576641083, 0.295768141746521, 0.31958097219467163, 0.34777793288230896, 0.3816511929035187, 0.4178319275379181, 0.45336654782295227, 0.48751673102378845, 0.5156214237213135, 0.5412801504135132, 0.5679080486297607, 0.5852600336074829, 0.6057040095329285, 0.6197794079780579, 0.6345931887626648, 0.6522682309150696, 0.6666666865348816, 0.682126522064209, 0.6932483911514282, 0.7039549350738525, 0.7142922878265381, 0.7267986536026001, 0.7362591624259949, 0.7457658648490906, 0.7492731809616089, 0.7640407681465149, 0.7708708047866821, 0.7740551233291626], "finalValData": [0.231487438082695, 0.2269800454378128, 0.23116548359394073, 0.2337411493062973, 0.2739858329296112, 0.28010302782058716, 0.36509981751441956, 0.3567289113998413, 0.3857050836086273, 0.418544739484787, 0.41886672377586365, 0.449452668428421, 0.4169349670410156, 0.44558918476104736, 0.41564714908599854, 0.4307791292667389, 0.4565357267856598, 0.42015454173088074, 0.43013522028923035, 0.42691564559936523, 0.4298132658004761, 0.449452668428421, 0.4539600908756256, 0.42884740233421326, 0.44462332129478455, 0.4410817623138428, 0.4426915645599365, 0.44784289598464966, 0.44140374660491943, 0.4475209414958954]}