{"parameters": [[256, 0.4, 40, 32]], "report": {"air_conditioner": {"precision": 0.3106469002695418, "recall": 0.5776942355889725, "f1-score": 0.4040315512708151, "support": 798}, "car_horn": {"precision": 0.04878048780487805, "recall": 0.0875, "f1-score": 0.06263982102908276, "support": 160}, "children_playing": {"precision": 0.4432194046306505, "recall": 0.5069356872635561, "f1-score": 0.47294117647058825, "support": 793}, "dog_bark": {"precision": 0.8054862842892768, "recall": 0.5666666666666667, "f1-score": 0.6652935118434603, "support": 570}, "drilling": {"precision": 0.7568807339449541, "recall": 0.5084745762711864, "f1-score": 0.6082949308755761, "support": 649}, "engine_idling": {"precision": 0.4753747323340471, "recall": 0.29172141918528255, "f1-score": 0.3615635179153095, "support": 761}, "gun_shot": {"precision": 0.8863636363636364, "recall": 0.46987951807228917, "f1-score": 0.6141732283464567, "support": 83}, "jackhammer": {"precision": 0.47706422018348627, "recall": 0.34346103038309117, "f1-score": 0.39938556067588327, "support": 757}, "siren": {"precision": 0.4646118721461187, "recall": 0.5994108983799705, "f1-score": 0.5234726688102894, "support": 679}, "street_music": {"precision": 0.46102819237147596, "recall": 0.3475, "f1-score": 0.3962936564504632, "support": 800}, "accuracy": 0.4522314049586777, "macro avg": {"precision": 0.5129456464338066, "recall": 0.4299244031811015, "f1-score": 0.4508089623687924, "support": 6050}, "weighted avg": {"precision": 0.5021945212560049, "recall": 0.4522314049586777, "f1-score": 0.4599035646131353, "support": 6050}}, "finalAcc": 0.6017351746559143, "finalVal": 0.41661301255226135, "finalAccData": [0.13567769527435303, 0.16719737648963928, 0.19525589048862457, 0.20563939213752747, 0.21763810515403748, 0.23157505691051483, 0.25128063559532166, 0.2708016037940979, 0.2826618552207947, 0.30070608854293823, 0.32050395011901855, 0.3389173448085785, 0.3594997525215149, 0.3720060884952545, 0.38686603307724, 0.3990493416786194, 0.4145553410053253, 0.4231390357017517, 0.44007569551467896, 0.44907471537590027, 0.4556278586387634, 0.47085699439048767, 0.4752872884273529, 0.48073285818099976, 0.4905625581741333, 0.48982417583465576, 0.5002076625823975, 0.5053302049636841, 0.5104988813400269, 0.5164982080459595, 0.5255895256996155, 0.5312197208404541, 0.5404956340789795, 0.5481101870536804, 0.5602012276649475, 0.5699847936630249, 0.581060528755188, 0.5850293040275574, 0.5939821600914001, 0.6017351746559143], "finalValData": [0.2730199694633484, 0.2215067595243454, 0.20862846076488495, 0.21603348851203918, 0.23245331645011902, 0.22891178727149963, 0.23116548359394073, 0.22987765073776245, 0.2359948456287384, 0.2530585825443268, 0.24307791888713837, 0.2717321217060089, 0.2775273621082306, 0.28911784291267395, 0.31487444043159485, 0.3068254888057709, 0.33612364530563354, 0.339021235704422, 0.34191885590553284, 0.34063103795051575, 0.35415324568748474, 0.3380553722381592, 0.37765616178512573, 0.36831939220428467, 0.34385061264038086, 0.3657437264919281, 0.36155828833580017, 0.35415324568748474, 0.38892465829849243, 0.37089502811431885, 0.3937540352344513, 0.3712170124053955, 0.3815196454524994, 0.38312941789627075, 0.3937540352344513, 0.41757887601852417, 0.40759819746017456, 0.4037347137928009, 0.3982614278793335, 0.41661301255226135]}