{"parameters": [[256, 0.3, 30, 16]], "report": {"air_conditioner": {"precision": 0.44272445820433437, "recall": 0.5375939849624061, "f1-score": 0.48556876061120546, "support": 798}, "car_horn": {"precision": 0.07886435331230283, "recall": 0.15625, "f1-score": 0.10482180293501048, "support": 160}, "children_playing": {"precision": 0.44095238095238093, "recall": 0.5838587641866331, "f1-score": 0.50244167118828, "support": 793}, "dog_bark": {"precision": 0.7468619246861925, "recall": 0.6263157894736842, "f1-score": 0.6812977099236641, "support": 570}, "drilling": {"precision": 0.63915857605178, "recall": 0.6086286594761171, "f1-score": 0.6235201262825573, "support": 649}, "engine_idling": {"precision": 0.41561181434599154, "recall": 0.2588699080157687, "f1-score": 0.3190283400809716, "support": 761}, "gun_shot": {"precision": 0.975609756097561, "recall": 0.4819277108433735, "f1-score": 0.6451612903225806, "support": 83}, "jackhammer": {"precision": 0.3851063829787234, "recall": 0.23910171730515192, "f1-score": 0.29502852485737574, "support": 757}, "siren": {"precision": 0.48166877370417194, "recall": 0.561119293078056, "f1-score": 0.5183673469387755, "support": 679}, "street_music": {"precision": 0.4821852731591449, "recall": 0.5075, "f1-score": 0.4945188794153471, "support": 800}, "accuracy": 0.4750413223140496, "macro avg": {"precision": 0.5088743693492582, "recall": 0.4561165827341191, "f1-score": 0.4669754452555768, "support": 6050}, "weighted avg": {"precision": 0.4888753575969818, "recall": 0.4750413223140496, "f1-score": 0.4732145356401076, "support": 6050}}, "finalAcc": 0.6987862586975098, "finalVal": 0.44558918476104736, "finalAccData": [0.17896534502506256, 0.21413078904151917, 0.270386278629303, 0.32807236909866333, 0.37034472823143005, 0.3985878527164459, 0.42618486285209656, 0.4534127116203308, 0.47764086723327637, 0.4924546480178833, 0.5070376992225647, 0.5279431343078613, 0.5397111177444458, 0.5507407188415527, 0.5633854866027832, 0.5770455598831177, 0.5875213146209717, 0.5961511731147766, 0.6080576181411743, 0.6183026432991028, 0.6300244331359863, 0.633762538433075, 0.6451151371002197, 0.6548987030982971, 0.6587752103805542, 0.6708661913871765, 0.6801421642303467, 0.6859568953514099, 0.6908025145530701, 0.6987862586975098], "finalValData": [0.24790728092193604, 0.23438505828380585, 0.2933032810688019, 0.3277527391910553, 0.34159690141677856, 0.3151963949203491, 0.30231809616088867, 0.38216355443000793, 0.34932389855384827, 0.3792659342288971, 0.39407598972320557, 0.3811976909637451, 0.3979394733905792, 0.3882807493209839, 0.3947198987007141, 0.39182227849960327, 0.38860270380973816, 0.4014810025691986, 0.38087573647499084, 0.37990984320640564, 0.40888601541519165, 0.3892466127872467, 0.43786218762397766, 0.41757887601852417, 0.4475209414958954, 0.43238893151283264, 0.4607211947441101, 0.4539600908756256, 0.42208629846572876, 0.44558918476104736]}