{"parameters": [[512, 0.3, 40, 16]], "report": {"air_conditioner": {"precision": 0.6324582338902148, "recall": 0.33208020050125314, "f1-score": 0.4354971240755957, "support": 798}, "car_horn": {"precision": 0.022508038585209004, "recall": 0.04375, "f1-score": 0.029723991507431, "support": 160}, "children_playing": {"precision": 0.3732824427480916, "recall": 0.6166456494325346, "f1-score": 0.46504992867332384, "support": 793}, "dog_bark": {"precision": 0.6815742397137746, "recall": 0.6684210526315789, "f1-score": 0.674933569530558, "support": 570}, "drilling": {"precision": 0.6072106261859582, "recall": 0.4930662557781202, "f1-score": 0.54421768707483, "support": 649}, "engine_idling": {"precision": 0.5435203094777563, "recall": 0.3692509855453351, "f1-score": 0.4397496087636933, "support": 761}, "gun_shot": {"precision": 0.8301886792452831, "recall": 0.5301204819277109, "f1-score": 0.6470588235294118, "support": 83}, "jackhammer": {"precision": 0.3821292775665399, "recall": 0.2655217965653897, "f1-score": 0.3133281371784879, "support": 757}, "siren": {"precision": 0.5530903328050714, "recall": 0.5139911634756995, "f1-score": 0.532824427480916, "support": 679}, "street_music": {"precision": 0.404344193817878, "recall": 0.605, "f1-score": 0.4847270906359539, "support": 800}, "accuracy": 0.46628099173553716, "macro avg": {"precision": 0.5030306374035777, "recall": 0.44378475858576216, "f1-score": 0.4567110388450201, "support": 6050}, "weighted avg": {"precision": 0.5054071267744706, "recall": 0.46628099173553716, "f1-score": 0.46844475105288846, "support": 6050}}, "finalAcc": 0.8425400257110596, "finalVal": 0.4497746229171753, "finalAccData": [0.22322212159633636, 0.2708939015865326, 0.3294568359851837, 0.395265132188797, 0.4457058608531952, 0.48022520542144775, 0.5212054252624512, 0.5529096722602844, 0.5775070190429688, 0.6062116622924805, 0.6297014355659485, 0.6488531827926636, 0.6627901792526245, 0.680742084980011, 0.6948174834251404, 0.709538996219635, 0.7213992476463318, 0.7350593209266663, 0.7414278388023376, 0.7542572617530823, 0.7620564103126526, 0.7667174339294434, 0.7743781208992004, 0.7785776853561401, 0.7882689833641052, 0.7973141074180603, 0.796714186668396, 0.8047441244125366, 0.8080668449401855, 0.8124048113822937, 0.817804217338562, 0.8214961290359497, 0.8270339965820312, 0.8310489654541016, 0.8329871892929077, 0.8367252945899963, 0.840324878692627, 0.8412478566169739, 0.8457242846488953, 0.8425400257110596], "finalValData": [0.2620733976364136, 0.26786863803863525, 0.3222794532775879, 0.3766902685165405, 0.4018029570579529, 0.43560850620269775, 0.43560850620269775, 0.4597553014755249, 0.46361881494522095, 0.4584674835205078, 0.46039924025535583, 0.455569863319397, 0.4723116457462311, 0.4517063796520233, 0.42916935682296753, 0.42208629846572876, 0.4542820453643799, 0.45009657740592957, 0.46909207105636597, 0.45943334698677063, 0.4426915645599365, 0.43464261293411255, 0.4610431492328644, 0.44687700271606445, 0.4517063796520233, 0.43238893151283264, 0.46039924025535583, 0.4571796655654907, 0.4465550482273102, 0.4597553014755249, 0.4410817623138428, 0.4439793825149536, 0.4397939443588257, 0.4430135190486908, 0.4298132658004761, 0.449452668428421, 0.4410817623138428, 0.44236961007118225, 0.4565357267856598, 0.4497746229171753]}