{"parameters": [[128, 0.3, 30, 32]], "report": {"air_conditioner": {"precision": 0.3020954598370198, "recall": 0.650375939849624, "f1-score": 0.4125596184419714, "support": 798}, "car_horn": {"precision": 0.13333333333333333, "recall": 0.0125, "f1-score": 0.022857142857142857, "support": 160}, "children_playing": {"precision": 0.3657957244655582, "recall": 0.3883984867591425, "f1-score": 0.3767584097859328, "support": 793}, "dog_bark": {"precision": 0.7358916478555305, "recall": 0.5719298245614035, "f1-score": 0.6436327739387956, "support": 570}, "drilling": {"precision": 0.7870967741935484, "recall": 0.37596302003081666, "f1-score": 0.5088633993743483, "support": 649}, "engine_idling": {"precision": 0.4239520958083832, "recall": 0.4651773981603154, "f1-score": 0.44360902255639095, "support": 761}, "gun_shot": {"precision": 0.9310344827586207, "recall": 0.3253012048192771, "f1-score": 0.4821428571428571, "support": 83}, "jackhammer": {"precision": 0.4024896265560166, "recall": 0.3844121532364597, "f1-score": 0.3932432432432432, "support": 757}, "siren": {"precision": 0.6581196581196581, "recall": 0.5670103092783505, "f1-score": 0.6091772151898733, "support": 679}, "street_music": {"precision": 0.3618181818181818, "recall": 0.24875, "f1-score": 0.2948148148148148, "support": 800}, "accuracy": 0.4388429752066116, "macro avg": {"precision": 0.5101626984745851, "recall": 0.3989818336695389, "f1-score": 0.418765849734537, "support": 6050}, "weighted avg": {"precision": 0.48325147324191264, "recall": 0.4388429752066116, "f1-score": 0.4386024469557567, "support": 6050}}, "finalAcc": 0.507637619972229, "finalVal": 0.36831939220428467, "finalAccData": [0.1395542025566101, 0.1761964112520218, 0.19710184633731842, 0.20780839025974274, 0.21223868429660797, 0.23102127015590668, 0.24874244630336761, 0.278969943523407, 0.30162906646728516, 0.32221144437789917, 0.3433015048503876, 0.3528081476688385, 0.37052932381629944, 0.3818819522857666, 0.39812636375427246, 0.3978494703769684, 0.41150954365730286, 0.42170843482017517, 0.42664635181427, 0.4344455301761627, 0.44625964760780334, 0.4499976933002472, 0.4609811305999756, 0.46651899814605713, 0.4698878526687622, 0.4811481833457947, 0.4861783981323242, 0.4934699237346649, 0.504361093044281, 0.507637619972229], "finalValData": [0.17482292652130127, 0.21603348851203918, 0.20605279505252838, 0.19414037466049194, 0.21635544300079346, 0.21860913932323456, 0.26336124539375305, 0.2717321217060089, 0.2865421772003174, 0.29137152433395386, 0.27784931659698486, 0.27559563517570496, 0.28686413168907166, 0.3168061673641205, 0.3522215187549591, 0.3567289113998413, 0.35833871364593506, 0.33032840490341187, 0.36960721015930176, 0.354475200176239, 0.39890533685684204, 0.391500324010849, 0.33837732672691345, 0.36960721015930176, 0.3689633011817932, 0.383451372385025, 0.3531873822212219, 0.34739214181900024, 0.3531873822212219, 0.36831939220428467]}