{"parameters": [[256, 0.3, 30, 32]], "report": {"air_conditioner": {"precision": 0.32175925925925924, "recall": 0.3483709273182957, "f1-score": 0.33453670276774966, "support": 798}, "car_horn": {"precision": 0.14084507042253522, "recall": 0.0625, "f1-score": 0.08658008658008658, "support": 160}, "children_playing": {"precision": 0.41275465013286095, "recall": 0.587641866330391, "f1-score": 0.4849115504682622, "support": 793}, "dog_bark": {"precision": 0.7239263803680982, "recall": 0.6210526315789474, "f1-score": 0.6685552407932012, "support": 570}, "drilling": {"precision": 0.725050916496945, "recall": 0.5485362095531587, "f1-score": 0.6245614035087719, "support": 649}, "engine_idling": {"precision": 0.5463687150837989, "recall": 0.6425755584756899, "f1-score": 0.5905797101449275, "support": 761}, "gun_shot": {"precision": 0.9032258064516129, "recall": 0.3373493975903614, "f1-score": 0.49122807017543857, "support": 83}, "jackhammer": {"precision": 0.4522096608427544, "recall": 0.5812417437252312, "f1-score": 0.5086705202312138, "support": 757}, "siren": {"precision": 0.6457242582897034, "recall": 0.5449189985272459, "f1-score": 0.5910543130990416, "support": 679}, "street_music": {"precision": 0.5056179775280899, "recall": 0.3375, "f1-score": 0.40479760119940034, "support": 800}, "accuracy": 0.5059504132231405, "macro avg": {"precision": 0.5377482694875658, "recall": 0.46116873330993224, "f1-score": 0.4785475198968093, "support": 6050}, "weighted avg": {"precision": 0.5232773256366259, "recall": 0.5059504132231405, "f1-score": 0.5044951128802938, "support": 6050}}, "finalAcc": 0.6454381942749023, "finalVal": 0.4230521619319916, "finalAccData": [0.17762702703475952, 0.22091467678546906, 0.25335732102394104, 0.30333656072616577, 0.33928653597831726, 0.3701139986515045, 0.39323458075523376, 0.4175088703632355, 0.4339378774166107, 0.4523974359035492, 0.46384236216545105, 0.4848862290382385, 0.5019151568412781, 0.5099450945854187, 0.5195901989936829, 0.5312658548355103, 0.5428031086921692, 0.5510637164115906, 0.5630624294281006, 0.5748304128646851, 0.5823526978492737, 0.5922746658325195, 0.5897826552391052, 0.6038119196891785, 0.6113803386688232, 0.6161798238754272, 0.6261941194534302, 0.635654628276825, 0.6368083357810974, 0.6454381942749023], "finalValData": [0.2627173066139221, 0.2698003947734833, 0.31358659267425537, 0.3151963949203491, 0.3547971546649933, 0.3622021973133087, 0.3197037875652313, 0.3766902685165405, 0.3647778630256653, 0.36542177200317383, 0.38892465829849243, 0.38892465829849243, 0.3770122230052948, 0.3937540352344513, 0.38441726565361023, 0.3982614278793335, 0.4108177721500397, 0.40115904808044434, 0.3995492458343506, 0.4114616811275482, 0.3995492458343506, 0.4150032103061676, 0.4108177721500397, 0.4117836356163025, 0.4024468660354614, 0.41661301255226135, 0.4059883952140808, 0.4262717366218567, 0.42433997988700867, 0.4230521619319916]}