{"parameters": [[128, 0.3, 30, 16]], "report": {"air_conditioner": {"precision": 0.39888535031847133, "recall": 0.6278195488721805, "f1-score": 0.4878286270691335, "support": 798}, "car_horn": {"precision": 0.043859649122807015, "recall": 0.0625, "f1-score": 0.05154639175257732, "support": 160}, "children_playing": {"precision": 0.4008810572687225, "recall": 0.45901639344262296, "f1-score": 0.4279835390946502, "support": 793}, "dog_bark": {"precision": 0.8674351585014409, "recall": 0.5280701754385965, "f1-score": 0.6564885496183206, "support": 570}, "drilling": {"precision": 0.8167539267015707, "recall": 0.48073959938366717, "f1-score": 0.6052376333656644, "support": 649}, "engine_idling": {"precision": 0.5796045785639958, "recall": 0.7319316688567674, "f1-score": 0.6469221835075494, "support": 761}, "gun_shot": {"precision": 0.8918918918918919, "recall": 0.39759036144578314, "f1-score": 0.55, "support": 83}, "jackhammer": {"precision": 0.4411302982731554, "recall": 0.3712021136063408, "f1-score": 0.4031563845050215, "support": 757}, "siren": {"precision": 0.6261538461538462, "recall": 0.5994108983799705, "f1-score": 0.6124905944319037, "support": 679}, "street_music": {"precision": 0.4440993788819876, "recall": 0.3575, "f1-score": 0.3961218836565097, "support": 800}, "accuracy": 0.5044628099173554, "macro avg": {"precision": 0.551069513567789, "recall": 0.4615780759425928, "f1-score": 0.48377757870013305, "support": 6050}, "weighted avg": {"precision": 0.5449946747692702, "recall": 0.5044628099173554, "f1-score": 0.5090659663114734, "support": 6050}}, "finalAcc": 0.58535236120224, "finalVal": 0.3960077166557312, "finalAccData": [0.13009367883205414, 0.15870597958564758, 0.18625687062740326, 0.246527299284935, 0.2910609543323517, 0.31810420751571655, 0.34417831897735596, 0.3594074547290802, 0.37754395604133606, 0.38972726464271545, 0.4058332145214081, 0.41940099000930786, 0.42816928029060364, 0.4379066824913025, 0.4501822888851166, 0.4614887535572052, 0.4709954261779785, 0.4757949113845825, 0.4898703098297119, 0.4980386793613434, 0.5092528462409973, 0.5184826254844666, 0.532650351524353, 0.5379112958908081, 0.5511099100112915, 0.5566015839576721, 0.5611703395843506, 0.5716922879219055, 0.5799529552459717, 0.58535236120224], "finalValData": [0.14037346839904785, 0.19446232914924622, 0.21056020259857178, 0.28010302782058716, 0.3010302782058716, 0.28364455699920654, 0.33161622285842896, 0.33741146326065063, 0.3358016610145569, 0.35608500242233276, 0.3837733566761017, 0.3602704405784607, 0.3448164761066437, 0.32485511898994446, 0.3570508658885956, 0.3634900152683258, 0.3647778630256653, 0.3412749469280243, 0.36735349893569946, 0.3657437264919281, 0.3847392201423645, 0.3805537521839142, 0.3535093367099762, 0.39439794421195984, 0.38441726565361023, 0.38731488585472107, 0.40534448623657227, 0.4027688205242157, 0.3950418531894684, 0.3960077166557312]}