{"parameters": [[256, 0.4, 50, 32]], "report": {"air_conditioner": {"precision": 0.3947119924457035, "recall": 0.5238095238095238, "f1-score": 0.45018847603661816, "support": 798}, "car_horn": {"precision": 0.05, "recall": 0.1, "f1-score": 0.06666666666666667, "support": 160}, "children_playing": {"precision": 0.45537757437070936, "recall": 0.501891551071879, "f1-score": 0.47750449910017995, "support": 793}, "dog_bark": {"precision": 0.7787610619469026, "recall": 0.6175438596491228, "f1-score": 0.6888454011741683, "support": 570}, "drilling": {"precision": 0.7821782178217822, "recall": 0.4869029275808937, "f1-score": 0.6001899335232669, "support": 649}, "engine_idling": {"precision": 0.5609167671893848, "recall": 0.6110381077529566, "f1-score": 0.5849056603773585, "support": 761}, "gun_shot": {"precision": 0.9459459459459459, "recall": 0.42168674698795183, "f1-score": 0.5833333333333334, "support": 83}, "jackhammer": {"precision": 0.4370629370629371, "recall": 0.33025099075297226, "f1-score": 0.3762227238525207, "support": 757}, "siren": {"precision": 0.56, "recall": 0.6597938144329897, "f1-score": 0.6058147396889791, "support": 679}, "street_music": {"precision": 0.4665718349928876, "recall": 0.41, "f1-score": 0.4364604125083167, "support": 800}, "accuracy": 0.5001652892561983, "macro avg": {"precision": 0.5431526331776253, "recall": 0.466291752203829, "f1-score": 0.48701318462614085, "support": 6050}, "weighted avg": {"precision": 0.5331152627800502, "recall": 0.5001652892561983, "f1-score": 0.507370297236673, "support": 6050}}, "finalAcc": 0.6568831205368042, "finalVal": 0.44236961007118225, "finalAccData": [0.1352623552083969, 0.1725967973470688, 0.1862107217311859, 0.19354838132858276, 0.20522405207157135, 0.2179611474275589, 0.23208269476890564, 0.24837325513362885, 0.2778623700141907, 0.2966911196708679, 0.313258558511734, 0.324057400226593, 0.3351331353187561, 0.3450089991092682, 0.3583921790122986, 0.36665281653404236, 0.37454429268836975, 0.3922654390335083, 0.39521896839141846, 0.407263845205307, 0.413955420255661, 0.4316304326057434, 0.4404910206794739, 0.44718262553215027, 0.45991969108581543, 0.46282708644866943, 0.47394895553588867, 0.4751026928424835, 0.49670034646987915, 0.5045456886291504, 0.5169597268104553, 0.5265125036239624, 0.5392957925796509, 0.5448336601257324, 0.5537865161895752, 0.557939887046814, 0.5729844570159912, 0.5784761905670166, 0.584337055683136, 0.5930591821670532, 0.6010429859161377, 0.6015967726707458, 0.617425799369812, 0.6172412037849426, 0.6242558360099792, 0.6338548064231873, 0.6383312344551086, 0.6417924165725708, 0.649037778377533, 0.6568831205368042], "finalValData": [0.22987765073776245, 0.24468770623207092, 0.24661944806575775, 0.2327752709388733, 0.21860913932323456, 0.23406310379505157, 0.2517707645893097, 0.25016099214553833, 0.28106889128685, 0.28332260251045227, 0.267546683549881, 0.3084352910518646, 0.3052157163619995, 0.3129426836967468, 0.3087572455406189, 0.339021235704422, 0.3644558787345886, 0.3341918885707855, 0.35286542773246765, 0.3725048303604126, 0.3403090834617615, 0.3403090834617615, 0.34610432386398315, 0.35383129119873047, 0.3531873822212219, 0.35833871364593506, 0.3522215187549591, 0.3850611746311188, 0.39536380767822266, 0.3705730736255646, 0.39665165543556213, 0.3927881419658661, 0.3879587948322296, 0.3972955644130707, 0.406954288482666, 0.4249838888645172, 0.3850611746311188, 0.3963296711444855, 0.40534448623657227, 0.41339343786239624, 0.42659369111061096, 0.42530587315559387, 0.4104958176612854, 0.44558918476104736, 0.4294913113117218, 0.43915003538131714, 0.4124275743961334, 0.4207984507083893, 0.4259497821331024, 0.44236961007118225]}