{"parameters": [[128, 0.5, 50, 16]], "report": {"air_conditioner": {"precision": 0.28978893325727323, "recall": 0.6365914786967418, "f1-score": 0.39827518620148955, "support": 798}, "car_horn": {"precision": 0.021739130434782608, "recall": 0.0125, "f1-score": 0.015873015873015876, "support": 160}, "children_playing": {"precision": 0.3940520446096654, "recall": 0.4010088272383354, "f1-score": 0.3975, "support": 793}, "dog_bark": {"precision": 0.8170731707317073, "recall": 0.5877192982456141, "f1-score": 0.6836734693877551, "support": 570}, "drilling": {"precision": 0.7690217391304348, "recall": 0.43605546995377503, "f1-score": 0.5565388397246804, "support": 649}, "engine_idling": {"precision": 0.5943396226415094, "recall": 0.5795006570302234, "f1-score": 0.5868263473053893, "support": 761}, "gun_shot": {"precision": 0.9705882352941176, "recall": 0.39759036144578314, "f1-score": 0.5641025641025641, "support": 83}, "jackhammer": {"precision": 0.4421965317919075, "recall": 0.404227212681638, "f1-score": 0.42236024844720493, "support": 757}, "siren": {"precision": 0.6478076379066479, "recall": 0.6745213549337261, "f1-score": 0.6608946608946609, "support": 679}, "street_music": {"precision": 0.36629213483146067, "recall": 0.20375, "f1-score": 0.26184738955823295, "support": 800}, "accuracy": 0.47057851239669424, "macro avg": {"precision": 0.5312899180629506, "recall": 0.4333464660225837, "f1-score": 0.4547891721494993, "support": 6050}, "weighted avg": {"precision": 0.5144676135416391, "recall": 0.47057851239669424, "f1-score": 0.4723662517767469, "support": 6050}}, "finalAcc": 0.526835560798645, "finalVal": 0.3705730736255646, "finalAccData": [0.1325395703315735, 0.14306151866912842, 0.14200009405612946, 0.14370760321617126, 0.14070792496204376, 0.14439983665943146, 0.1456458568572998, 0.1482301950454712, 0.1524297446012497, 0.152337446808815, 0.153537318110466, 0.1553371101617813, 0.15736766159534454, 0.16096727550029755, 0.16299782693386078, 0.15727536380290985, 0.1644284427165985, 0.16968941688537598, 0.1771193891763687, 0.18574923276901245, 0.21422308683395386, 0.2509114444255829, 0.26757118105888367, 0.2852923572063446, 0.29290691018104553, 0.29950621724128723, 0.31321242451667786, 0.3256264626979828, 0.35317733883857727, 0.38949650526046753, 0.40163367986679077, 0.41806265711784363, 0.4337071478366852, 0.4466288387775421, 0.45382803678512573, 0.4625963270664215, 0.466657429933548, 0.4734874665737152, 0.4771793782711029, 0.4799483120441437, 0.4902856647968292, 0.4984540045261383, 0.4989616572856903, 0.5005768537521362, 0.5070838332176208, 0.5143753886222839, 0.5127601623535156, 0.5198670625686646, 0.5176057815551758, 0.526835560798645], "finalValData": [0.18287186324596405, 0.15453960001468658, 0.15389569103717804, 0.1777205467224121, 0.17095942795276642, 0.16258853673934937, 0.16613006591796875, 0.1609787493944168, 0.1677398532629013, 0.1645202785730362, 0.1699935644865036, 0.17095942795276642, 0.1622665822505951, 0.17031551897525787, 0.16741789877414703, 0.16870573163032532, 0.1699935644865036, 0.21571151912212372, 0.21538956463336945, 0.22730199992656708, 0.23406310379505157, 0.24179008603096008, 0.2247263342142105, 0.2514488101005554, 0.23985834419727325, 0.23309722542762756, 0.24533161520957947, 0.22665807604789734, 0.3245331645011902, 0.3290405571460724, 0.3358016610145569, 0.32517707347869873, 0.3467482328414917, 0.37282678484916687, 0.36316806077957153, 0.3679974377155304, 0.3589826226234436, 0.3647778630256653, 0.35737282037734985, 0.3432067036628723, 0.3522215187549591, 0.36767545342445374, 0.34964585304260254, 0.349001944065094, 0.34707018733024597, 0.34964585304260254, 0.3689633011817932, 0.33515775203704834, 0.37797811627388, 0.3705730736255646]}