{"parameters": [[512, 0.5, 30, 16]], "report": {"air_conditioner": {"precision": 0.38289205702647655, "recall": 0.47117794486215536, "f1-score": 0.4224719101123595, "support": 798}, "car_horn": {"precision": 0.0528169014084507, "recall": 0.09375, "f1-score": 0.06756756756756759, "support": 160}, "children_playing": {"precision": 0.40232974910394265, "recall": 0.5662042875157629, "f1-score": 0.4704033525405972, "support": 793}, "dog_bark": {"precision": 0.8488063660477454, "recall": 0.5614035087719298, "f1-score": 0.675818373812038, "support": 570}, "drilling": {"precision": 0.7473233404710921, "recall": 0.5377503852080123, "f1-score": 0.625448028673835, "support": 649}, "engine_idling": {"precision": 0.49626467449306294, "recall": 0.6110381077529566, "f1-score": 0.5477031802120141, "support": 761}, "gun_shot": {"precision": 0.9130434782608695, "recall": 0.5060240963855421, "f1-score": 0.6511627906976744, "support": 83}, "jackhammer": {"precision": 0.38485804416403785, "recall": 0.32232496697490093, "f1-score": 0.35082674335010783, "support": 757}, "siren": {"precision": 0.6505636070853462, "recall": 0.5949926362297496, "f1-score": 0.6215384615384616, "support": 679}, "street_music": {"precision": 0.4863481228668942, "recall": 0.35625, "f1-score": 0.41125541125541126, "support": 800}, "accuracy": 0.4874380165289256, "macro avg": {"precision": 0.5365246340927918, "recall": 0.462091593370101, "f1-score": 0.4844195819760067, "support": 6050}, "weighted avg": {"precision": 0.5252012043481612, "recall": 0.4874380165289256, "f1-score": 0.4957948625126568, "support": 6050}}, "finalAcc": 0.6274862885475159, "finalVal": 0.4249838888645172, "finalAccData": [0.16369006037712097, 0.20259356498718262, 0.20660851895809174, 0.22377590835094452, 0.24888089299201965, 0.27006322145462036, 0.2968757152557373, 0.30481332540512085, 0.32687249779701233, 0.3406248688697815, 0.34883934259414673, 0.36845263838768005, 0.382758766412735, 0.3949882388114929, 0.4231390357017517, 0.44985923171043396, 0.4701647460460663, 0.4898703098297119, 0.511560320854187, 0.5282200574874878, 0.5352346897125244, 0.5461719632148743, 0.5592782497406006, 0.5691540837287903, 0.5835064053535461, 0.5982740521430969, 0.6060732007026672, 0.6187641620635986, 0.6260556578636169, 0.6274862885475159], "finalValData": [0.22633612155914307, 0.23180940747261047, 0.24468770623207092, 0.2382485568523407, 0.24565356969833374, 0.2517707645893097, 0.2662588655948639, 0.25788795948028564, 0.28010302782058716, 0.2920154631137848, 0.2974887192249298, 0.2807469367980957, 0.28364455699920654, 0.29684481024742126, 0.3287186026573181, 0.34191885590553284, 0.36767545342445374, 0.35383129119873047, 0.3679974377155304, 0.3638119697570801, 0.39987123012542725, 0.3828074634075165, 0.39311009645462036, 0.383451372385025, 0.3892466127872467, 0.41113972663879395, 0.3847392201423645, 0.41983258724212646, 0.43915003538131714, 0.4249838888645172]}