{"parameters": [[512, 0.4, 40, 32]], "report": {"air_conditioner": {"precision": 0.3864337101747174, "recall": 0.47117794486215536, "f1-score": 0.4246188594014681, "support": 798}, "car_horn": {"precision": 0.08633093525179857, "recall": 0.075, "f1-score": 0.0802675585284281, "support": 160}, "children_playing": {"precision": 0.4140550807217474, "recall": 0.5498108448928121, "f1-score": 0.4723726977248104, "support": 793}, "dog_bark": {"precision": 0.7586206896551724, "recall": 0.5789473684210527, "f1-score": 0.6567164179104478, "support": 570}, "drilling": {"precision": 0.7048054919908466, "recall": 0.4745762711864407, "f1-score": 0.567219152854512, "support": 649}, "engine_idling": {"precision": 0.5175936435868331, "recall": 0.5992115637319316, "f1-score": 0.5554202192448234, "support": 761}, "gun_shot": {"precision": 0.9555555555555556, "recall": 0.5180722891566265, "f1-score": 0.6718750000000001, "support": 83}, "jackhammer": {"precision": 0.4250343878954608, "recall": 0.4081902245706737, "f1-score": 0.41644204851752026, "support": 757}, "siren": {"precision": 0.5611038107752957, "recall": 0.6288659793814433, "f1-score": 0.5930555555555556, "support": 679}, "street_music": {"precision": 0.5258764607679466, "recall": 0.39375, "f1-score": 0.4503216583273767, "support": 800}, "accuracy": 0.49785123966942146, "macro avg": {"precision": 0.5335409766375375, "recall": 0.4697602486203135, "f1-score": 0.4888309168064942, "support": 6050}, "weighted avg": {"precision": 0.5185135286654386, "recall": 0.49785123966942146, "f1-score": 0.5000599815423844, "support": 6050}}, "finalAcc": 0.7252757549285889, "finalVal": 0.4484868049621582, "finalAccData": [0.18062670528888702, 0.22428353130817413, 0.2678942382335663, 0.30532097816467285, 0.34487053751945496, 0.37883612513542175, 0.4011721909046173, 0.4162167012691498, 0.4412294030189514, 0.4584890902042389, 0.48170197010040283, 0.4902395009994507, 0.5048225522041321, 0.5144215226173401, 0.5309889912605286, 0.5476487278938293, 0.5611242055892944, 0.5710461735725403, 0.5764456391334534, 0.5913978219032288, 0.6011813879013062, 0.6137338876724243, 0.6195948123931885, 0.6280862092971802, 0.6402695178985596, 0.643315315246582, 0.6490839719772339, 0.6588674783706665, 0.6661590337753296, 0.6713738441467285, 0.6773732304573059, 0.6784346103668213, 0.6909871101379395, 0.6973556876182556, 0.7017397880554199, 0.704739511013031, 0.7136000990867615, 0.7191841006278992, 0.7235220670700073, 0.7252757549285889], "finalValData": [0.2929813265800476, 0.3019961416721344, 0.2897617518901825, 0.2720540761947632, 0.3068254888057709, 0.35962653160095215, 0.3705730736255646, 0.3770122230052948, 0.3580167293548584, 0.3892466127872467, 0.33708950877189636, 0.37508049607276917, 0.38087573647499084, 0.39085641503334045, 0.40792015194892883, 0.3911783695220947, 0.418544739484787, 0.4362524151802063, 0.42691564559936523, 0.43013522028923035, 0.4240180253982544, 0.40663233399391174, 0.4153251647949219, 0.42208629846572876, 0.4162910580635071, 0.45041853189468384, 0.4343206584453583, 0.433998703956604, 0.40566644072532654, 0.4407598078250885, 0.43689632415771484, 0.44043785333633423, 0.4304571747779846, 0.45106247067451477, 0.4488087594509125, 0.4584674835205078, 0.4610431492328644, 0.4407598078250885, 0.44236961007118225, 0.4484868049621582]}