{"parameters": [[512, 0.5, 50, 16]], "report": {"air_conditioner": {"precision": 0.4507897934386391, "recall": 0.4649122807017544, "f1-score": 0.4577421344848859, "support": 798}, "car_horn": {"precision": 0.04390243902439024, "recall": 0.05625, "f1-score": 0.049315068493150684, "support": 160}, "children_playing": {"precision": 0.3882532418001526, "recall": 0.6418663303909206, "f1-score": 0.4838403041825095, "support": 793}, "dog_bark": {"precision": 0.8057553956834532, "recall": 0.5894736842105263, "f1-score": 0.6808510638297872, "support": 570}, "drilling": {"precision": 0.6973094170403588, "recall": 0.47919876733436056, "f1-score": 0.5680365296803653, "support": 649}, "engine_idling": {"precision": 0.44174265450861194, "recall": 0.5729303547963206, "f1-score": 0.49885583524027455, "support": 761}, "gun_shot": {"precision": 0.95, "recall": 0.4578313253012048, "f1-score": 0.6178861788617885, "support": 83}, "jackhammer": {"precision": 0.3972809667673716, "recall": 0.3474240422721268, "f1-score": 0.37068357998590556, "support": 757}, "siren": {"precision": 0.6354166666666666, "recall": 0.5390279823269514, "f1-score": 0.5832669322709163, "support": 679}, "street_music": {"precision": 0.5214408233276158, "recall": 0.38, "f1-score": 0.43962400578452643, "support": 800}, "accuracy": 0.48644628099173554, "macro avg": {"precision": 0.533189139825726, "recall": 0.45289147673341656, "f1-score": 0.47501016328141094, "support": 6050}, "weighted avg": {"precision": 0.5207987240672615, "recall": 0.48644628099173554, "f1-score": 0.4913807561640314, "support": 6050}}, "finalAcc": 0.7226914167404175, "finalVal": 0.4507405161857605, "finalAccData": [0.1542295515537262, 0.19724029302597046, 0.21869952976703644, 0.24025104939937592, 0.26544833183288574, 0.2872767448425293, 0.30361345410346985, 0.324057400226593, 0.34339380264282227, 0.3606996238231659, 0.3746827244758606, 0.3927730917930603, 0.40131062269210815, 0.4209238886833191, 0.4426138699054718, 0.45244356989860535, 0.47524112462997437, 0.500946044921875, 0.5185287594795227, 0.5320042371749878, 0.5507868528366089, 0.562324047088623, 0.5716461539268494, 0.5909824967384338, 0.6024735569953918, 0.6054732799530029, 0.617425799369812, 0.624117374420166, 0.6327933669090271, 0.6369467973709106, 0.6458996534347534, 0.646222710609436, 0.6599289178848267, 0.664451539516449, 0.6679126620292664, 0.6712353825569153, 0.6760810613632202, 0.680234432220459, 0.6870183348655701, 0.6915408968925476, 0.6955558657646179, 0.698417067527771, 0.6992477774620056, 0.7041395306587219, 0.7076468467712402, 0.7091698050498962, 0.7125386595726013, 0.7147538065910339, 0.718122661113739, 0.7226914167404175], "finalValData": [0.274951696395874, 0.24565356969833374, 0.24758531153202057, 0.23470701277256012, 0.25563424825668335, 0.259497731924057, 0.26915648579597473, 0.2640051543712616, 0.3168061673641205, 0.34513843059539795, 0.32356730103492737, 0.36091434955596924, 0.3213135898113251, 0.33290407061576843, 0.35737282037734985, 0.36188024282455444, 0.3454603850841522, 0.36638763546943665, 0.36735349893569946, 0.35833871364593506, 0.39568576216697693, 0.3789439797401428, 0.3815196454524994, 0.4137153923511505, 0.39439794421195984, 0.4001931846141815, 0.41983258724212646, 0.42466193437576294, 0.41113972663879395, 0.41757887601852417, 0.3995492458343506, 0.41790083050727844, 0.42015454173088074, 0.43367674946784973, 0.3992272913455963, 0.4249838888645172, 0.4249838888645172, 0.43464261293411255, 0.4327108860015869, 0.44333547353744507, 0.42788150906562805, 0.4352865517139435, 0.44365742802619934, 0.44140374660491943, 0.4327108860015869, 0.4372182786464691, 0.46265292167663574, 0.4571796655654907, 0.4462330937385559, 0.4507405161857605]}