{"parameters": [[256, 0.5, 40, 16]], "report": {"air_conditioner": {"precision": 0.3063973063973064, "recall": 0.5701754385964912, "f1-score": 0.39859833552343404, "support": 798}, "car_horn": {"precision": 0.014285714285714285, "recall": 0.01875, "f1-score": 0.016216216216216214, "support": 160}, "children_playing": {"precision": 0.4199288256227758, "recall": 0.5952080706179067, "f1-score": 0.49243609806990085, "support": 793}, "dog_bark": {"precision": 0.825136612021858, "recall": 0.5298245614035088, "f1-score": 0.6452991452991452, "support": 570}, "drilling": {"precision": 0.7969151670951157, "recall": 0.4776579352850539, "f1-score": 0.5973025048169556, "support": 649}, "engine_idling": {"precision": 0.594896331738437, "recall": 0.49014454664914586, "f1-score": 0.537463976945245, "support": 761}, "gun_shot": {"precision": 0.9318181818181818, "recall": 0.4939759036144578, "f1-score": 0.6456692913385826, "support": 83}, "jackhammer": {"precision": 0.38461538461538464, "recall": 0.31704095112285335, "f1-score": 0.34757422157856627, "support": 757}, "siren": {"precision": 0.5596590909090909, "recall": 0.5802650957290133, "f1-score": 0.5697758496023139, "support": 679}, "street_music": {"precision": 0.44654088050314467, "recall": 0.26625, "f1-score": 0.3335943617854346, "support": 800}, "accuracy": 0.4633057851239669, "macro avg": {"precision": 0.528019349500701, "recall": 0.4339292503018431, "f1-score": 0.45839300011757933, "support": 6050}, "weighted avg": {"precision": 0.5166565663858362, "recall": 0.4633057851239669, "f1-score": 0.4704322884691191, "support": 6050}}, "finalAcc": 0.6027043461799622, "finalVal": 0.38763684034347534, "finalAccData": [0.14061562716960907, 0.15155291557312012, 0.14855323731899261, 0.1531219780445099, 0.1559370458126068, 0.16133646667003632, 0.16798190772533417, 0.17753472924232483, 0.19013336300849915, 0.19562508165836334, 0.201578289270401, 0.20753149688243866, 0.21574600040912628, 0.236928328871727, 0.25118833780288696, 0.2798006236553192, 0.3036596179008484, 0.31321242451667786, 0.3292260766029358, 0.3557155430316925, 0.39420369267463684, 0.4100327789783478, 0.41538602113723755, 0.4404910206794739, 0.45945820212364197, 0.47681018710136414, 0.48502469062805176, 0.4983617067337036, 0.5047302842140198, 0.5188979506492615, 0.5293737649917603, 0.5427107810974121, 0.5482025146484375, 0.5507407188415527, 0.5620933175086975, 0.5732151865959167, 0.5802759528160095, 0.5843832492828369, 0.5945359468460083, 0.6027043461799622], "finalValData": [0.22086285054683685, 0.18512555956840515, 0.1835157722234726, 0.16838377714157104, 0.16934964060783386, 0.18737927079200745, 0.18641339242458344, 0.16484224796295166, 0.16130070388317108, 0.17160335183143616, 0.18415969610214233, 0.188023179769516, 0.1989697366952896, 0.21893109381198883, 0.21732130646705627, 0.25209271907806396, 0.24790728092193604, 0.25209271907806396, 0.27012234926223755, 0.31487444043159485, 0.35415324568748474, 0.33032840490341187, 0.34964585304260254, 0.3432067036628723, 0.35383129119873047, 0.35608500242233276, 0.3644558787345886, 0.34964585304260254, 0.35286542773246765, 0.37540245056152344, 0.3847392201423645, 0.376046359539032, 0.3660656809806824, 0.3995492458343506, 0.3589826226234436, 0.3828074634075165, 0.4037347137928009, 0.3979394733905792, 0.40663233399391174, 0.38763684034347534]}