{"parameters": [[256, 0.4, 30, 32]], "report": {"air_conditioner": {"precision": 0.31989389920424405, "recall": 0.7556390977443609, "f1-score": 0.44949683190458445, "support": 798}, "car_horn": {"precision": 0.006024096385542169, "recall": 0.00625, "f1-score": 0.006134969325153374, "support": 160}, "children_playing": {"precision": 0.36038394415357766, "recall": 0.5208070617906684, "f1-score": 0.42599277978339356, "support": 793}, "dog_bark": {"precision": 0.7512437810945274, "recall": 0.5298245614035088, "f1-score": 0.6213991769547326, "support": 570}, "drilling": {"precision": 0.7538461538461538, "recall": 0.37750385208012327, "f1-score": 0.5030800821355236, "support": 649}, "engine_idling": {"precision": 0.6827794561933535, "recall": 0.29697766097240474, "f1-score": 0.4139194139194139, "support": 761}, "gun_shot": {"precision": 0.925, "recall": 0.4457831325301205, "f1-score": 0.6016260162601625, "support": 83}, "jackhammer": {"precision": 0.5048275862068966, "recall": 0.48348745046235136, "f1-score": 0.49392712550607293, "support": 757}, "siren": {"precision": 0.6747663551401869, "recall": 0.5316642120765832, "f1-score": 0.5947281713344317, "support": 679}, "street_music": {"precision": 0.4222222222222222, "recall": 0.26125, "f1-score": 0.32277992277992273, "support": 800}, "accuracy": 0.45669421487603307, "macro avg": {"precision": 0.5400987494446704, "recall": 0.42091870290601213, "f1-score": 0.44330844899033917, "support": 6050}, "weighted avg": {"precision": 0.5345367843983838, "recall": 0.45669421487603307, "f1-score": 0.4593493684959749, "support": 6050}}, "finalAcc": 0.5122525095939636, "finalVal": 0.35093367099761963, "finalAccData": [0.15589089691638947, 0.20434722304344177, 0.21999169886112213, 0.23106741905212402, 0.24135862290859222, 0.2518344223499298, 0.26434075832366943, 0.28233882784843445, 0.2896764874458313, 0.3033827245235443, 0.31921178102493286, 0.331256628036499, 0.3438091278076172, 0.36416077613830566, 0.37532880902290344, 0.3901887536048889, 0.39780330657958984, 0.41529372334480286, 0.4185241460800171, 0.433845579624176, 0.43347638845443726, 0.4439983367919922, 0.45636624097824097, 0.45756611227989197, 0.4675804078578949, 0.47741013765335083, 0.4911624789237976, 0.49351608753204346, 0.5061608552932739, 0.5122525095939636], "finalValData": [0.25338056683540344, 0.22279459238052368, 0.24114616215229034, 0.21410173177719116, 0.21506761014461517, 0.25338056683540344, 0.25563424825668335, 0.23180940747261047, 0.23535093665122986, 0.274951696395874, 0.2955569922924042, 0.29813265800476074, 0.3267868757247925, 0.3364455997943878, 0.3364455997943878, 0.3454603850841522, 0.3567289113998413, 0.333547979593277, 0.36155828833580017, 0.3725048303604126, 0.3705730736255646, 0.36831939220428467, 0.38538312911987305, 0.36992916464805603, 0.354475200176239, 0.3448164761066437, 0.3580167293548584, 0.3454603850841522, 0.3435286581516266, 0.35093367099761963]}