{"parameters": [[128, 0.5, 30, 32]], "report": {"air_conditioner": {"precision": 0.10130246020260492, "recall": 0.5263157894736842, "f1-score": 0.1699029126213592, "support": 798}, "car_horn": {"precision": 0.0, "recall": 0.0, "f1-score": 0.0, "support": 160}, "children_playing": {"precision": 0.3333333333333333, "recall": 0.0012610340479192938, "f1-score": 0.0025125628140703522, "support": 793}, "dog_bark": {"precision": 0.0, "recall": 0.0, "f1-score": 0.0, "support": 570}, "drilling": {"precision": 0.8352272727272727, "recall": 0.22650231124807396, "f1-score": 0.3563636363636363, "support": 649}, "engine_idling": {"precision": 0.8833333333333333, "recall": 0.1392904073587385, "f1-score": 0.24063564131668558, "support": 761}, "gun_shot": {"precision": 0.0, "recall": 0.0, "f1-score": 0.0, "support": 83}, "jackhammer": {"precision": 0.39317953861584753, "recall": 0.5178335535006605, "f1-score": 0.4469783352337514, "support": 757}, "siren": {"precision": 0.0, "recall": 0.0, "f1-score": 0.0, "support": 679}, "street_music": {"precision": 0.08717105263157894, "recall": 0.06625, "f1-score": 0.0752840909090909, "support": 800}, "accuracy": 0.18495867768595042, "macro avg": {"precision": 0.26335469908439707, "recall": 0.14774530956290766, "f1-score": 0.12916771792585938, "support": 6050}, "weighted avg": {"precision": 0.3184835729056427, "recall": 0.18495867768595042, "f1-score": 0.15711877390489631, "support": 6050}}, "finalAcc": 0.21574600040912628, "finalVal": 0.19703799486160278, "finalAccData": [0.1172642931342125, 0.1134800836443901, 0.1330472081899643, 0.14098481833934784, 0.13743135333061218, 0.13867737352848053, 0.13983109593391418, 0.14061562716960907, 0.14061562716960907, 0.1426461786031723, 0.14901472628116608, 0.1504453420639038, 0.1568138748407364, 0.16027504205703735, 0.1639208048582077, 0.16465918719768524, 0.16355161368846893, 0.1653052717447281, 0.1665051430463791, 0.1737966686487198, 0.1731967329978943, 0.1730121374130249, 0.17633485794067383, 0.1809958964586258, 0.1913793832063675, 0.20360884070396423, 0.2106696218252182, 0.21288476884365082, 0.21214638650417328, 0.21574600040912628], "finalValData": [0.11493882536888123, 0.11204121261835098, 0.14520283043384552, 0.14906632900238037, 0.14133934676647186, 0.1464906632900238, 0.14971023797988892, 0.15486155450344086, 0.15453960001468658, 0.16870573163032532, 0.16838377714157104, 0.16355441510677338, 0.1667739897966385, 0.16806182265281677, 0.16870573163032532, 0.16645203530788422, 0.16709594428539276, 0.1699935644865036, 0.17095942795276642, 0.1690276861190796, 0.17256921529769897, 0.1722472608089447, 0.18383772671222687, 0.18995492160320282, 0.19220863282680511, 0.17514488101005554, 0.18770122528076172, 0.19220863282680511, 0.19381842017173767, 0.19703799486160278]}