{"parameters": [[256, 0.5, 50, 32]], "report": {"air_conditioner": {"precision": 0.368609865470852, "recall": 0.5150375939849624, "f1-score": 0.4296915838996341, "support": 798}, "car_horn": {"precision": 0.043689320388349516, "recall": 0.05625, "f1-score": 0.049180327868852465, "support": 160}, "children_playing": {"precision": 0.4, "recall": 0.6406052963430012, "f1-score": 0.49248666989820655, "support": 793}, "dog_bark": {"precision": 0.8706896551724138, "recall": 0.531578947368421, "f1-score": 0.6601307189542484, "support": 570}, "drilling": {"precision": 0.7915492957746478, "recall": 0.43297380585516176, "f1-score": 0.5597609561752989, "support": 649}, "engine_idling": {"precision": 0.5876712328767123, "recall": 0.5637319316688568, "f1-score": 0.5754527162977867, "support": 761}, "gun_shot": {"precision": 0.8297872340425532, "recall": 0.46987951807228917, "f1-score": 0.6, "support": 83}, "jackhammer": {"precision": 0.4461538461538462, "recall": 0.34478203434610305, "f1-score": 0.3889716840536513, "support": 757}, "siren": {"precision": 0.5147420147420148, "recall": 0.6170839469808542, "f1-score": 0.5612860013395847, "support": 679}, "street_music": {"precision": 0.3568965517241379, "recall": 0.25875, "f1-score": 0.3, "support": 800}, "accuracy": 0.47388429752066114, "macro avg": {"precision": 0.5209789016345528, "recall": 0.443067307461965, "f1-score": 0.46169606584872624, "support": 6050}, "weighted avg": {"precision": 0.5152405355183816, "recall": 0.47388429752066114, "f1-score": 0.4767187293954877, "support": 6050}}, "finalAcc": 0.55946284532547, "finalVal": 0.4014810025691986, "finalAccData": [0.1361391842365265, 0.1608288288116455, 0.156629279255867, 0.15081453323364258, 0.15298353135585785, 0.15390650928020477, 0.1596289575099945, 0.16170565783977509, 0.1634131669998169, 0.167428120970726, 0.1705200970172882, 0.1826111078262329, 0.18676450848579407, 0.18861046433448792, 0.19645576179027557, 0.19820941984653473, 0.2186533808708191, 0.23152890801429749, 0.23826664686203003, 0.2360514998435974, 0.24749642610549927, 0.24851170182228088, 0.2558955252170563, 0.27186304330825806, 0.27246296405792236, 0.2792930006980896, 0.2836771309375763, 0.28815358877182007, 0.3084591031074524, 0.3406248688697815, 0.36236098408699036, 0.38003599643707275, 0.3961419463157654, 0.4149245321750641, 0.41640129685401917, 0.4344455301761627, 0.4440906345844269, 0.4578891396522522, 0.47002631425857544, 0.486547589302063, 0.4981309771537781, 0.5078684091567993, 0.5159444212913513, 0.5218053460121155, 0.5305274724960327, 0.5323734283447266, 0.5390188694000244, 0.5451566576957703, 0.5571553707122803, 0.55946284532547], "finalValData": [0.22440437972545624, 0.20315518975257874, 0.1812620759010315, 0.1690276861190796, 0.16516420245170593, 0.17546683549880981, 0.17546683549880981, 0.1777205467224121, 0.18254990875720978, 0.18737927079200745, 0.18609143793582916, 0.18609143793582916, 0.16419832408428192, 0.1812620759010315, 0.17514488101005554, 0.18898905813694, 0.19188667833805084, 0.19768190383911133, 0.19864778220653534, 0.2147456556558609, 0.21281391382217407, 0.21828718483448029, 0.216999351978302, 0.2237604707479477, 0.2224726378917694, 0.2205408811569214, 0.22118480503559113, 0.22504828870296478, 0.21957501769065857, 0.30231809616088867, 0.27688345313072205, 0.3019961416721344, 0.3187379240989685, 0.3145524859428406, 0.32034772634506226, 0.3068254888057709, 0.333547979593277, 0.3725048303604126, 0.3377334177494049, 0.3567289113998413, 0.3692852556705475, 0.37862202525138855, 0.3593045771121979, 0.3747585415840149, 0.36767545342445374, 0.389568567276001, 0.40759819746017456, 0.40083709359169006, 0.39890533685684204, 0.4014810025691986]}