{"parameters": [[64, 0.5, 40, 32]], "report": {"air_conditioner": {"precision": 0.0, "recall": 0.0, "f1-score": 0.0, "support": 798}, "car_horn": {"precision": 0.0, "recall": 0.0, "f1-score": 0.0, "support": 160}, "children_playing": {"precision": 0.13829229963331588, "recall": 0.9987389659520807, "f1-score": 0.24294478527607366, "support": 793}, "dog_bark": {"precision": 0.0, "recall": 0.0, "f1-score": 0.0, "support": 570}, "drilling": {"precision": 0.8256410256410256, "recall": 0.24807395993836673, "f1-score": 0.3815165876777251, "support": 649}, "engine_idling": {"precision": 0.0, "recall": 0.0, "f1-score": 0.0, "support": 761}, "gun_shot": {"precision": 0.0, "recall": 0.0, "f1-score": 0.0, "support": 83}, "jackhammer": {"precision": 0.0, "recall": 0.0, "f1-score": 0.0, "support": 757}, "siren": {"precision": 0.0, "recall": 0.0, "f1-score": 0.0, "support": 679}, "street_music": {"precision": 0.0, "recall": 0.0, "f1-score": 0.0, "support": 800}, "accuracy": 0.1575206611570248, "macro avg": {"precision": 0.09639333252743415, "recall": 0.12468129258904474, "f1-score": 0.06244613729537988, "support": 6050}, "weighted avg": {"precision": 0.10669534202483388, "recall": 0.1575206611570248, "f1-score": 0.0727701620044248, "support": 6050}}, "finalAcc": 0.1616133600473404, "finalVal": 0.16645203530788422, "finalAccData": [0.08957497030496597, 0.09478979557752609, 0.12681710720062256, 0.12760163843631744, 0.12474041432142258, 0.12672480940818787, 0.12801697850227356, 0.13161659240722656, 0.13027827441692352, 0.1334625482559204, 0.13050901889801025, 0.13170889019966125, 0.12787853181362152, 0.13212423026561737, 0.12870921194553375, 0.1299552321434021, 0.13258571922779083, 0.13129355013370514, 0.13050901889801025, 0.13470856845378876, 0.12880150973796844, 0.13193963468074799, 0.13632377982139587, 0.13429322838783264, 0.14176934957504272, 0.14412294328212738, 0.14481517672538757, 0.14407679438591003, 0.14352300763130188, 0.1481378972530365, 0.1474456638097763, 0.14979925751686096, 0.15136831998825073, 0.1524297446012497, 0.15584474802017212, 0.1540449559688568, 0.15459874272346497, 0.16009044647216797, 0.16175180673599243, 0.1616133600473404], "finalValData": [0.05215711519122124, 0.12588538229465485, 0.12427559494972229, 0.12330972403287888, 0.12266580760478973, 0.12813907861709595, 0.12910495698451996, 0.1284610480070114, 0.12878300249576569, 0.12878300249576569, 0.13232453167438507, 0.13039278984069824, 0.13071474432945251, 0.13232453167438507, 0.1310366988182068, 0.13039278984069824, 0.13232453167438507, 0.13554410636425018, 0.13811977207660675, 0.137475848197937, 0.14005151391029358, 0.15969091653823853, 0.14971023797988892, 0.15357372164726257, 0.16162265837192535, 0.15743722021579742, 0.1609787493944168, 0.1609787493944168, 0.15904700756072998, 0.15969091653823853, 0.1622665822505951, 0.15614938735961914, 0.16033484041690826, 0.1600128710269928, 0.16065679490566254, 0.16130070388317108, 0.16291049122810364, 0.1632324606180191, 0.16516420245170593, 0.16645203530788422]}