{"parameters": [[64, 0.3, 40, 32]], "report": {"air_conditioner": {"precision": 0.258681785967399, "recall": 0.4573934837092732, "f1-score": 0.33046627433227704, "support": 798}, "car_horn": {"precision": 0.0, "recall": 0.0, "f1-score": 0.0, "support": 160}, "children_playing": {"precision": 0.3157894736842105, "recall": 0.2421185372005044, "f1-score": 0.27408993576017127, "support": 793}, "dog_bark": {"precision": 0.6194174757281553, "recall": 0.5596491228070175, "f1-score": 0.5880184331797235, "support": 570}, "drilling": {"precision": 0.7190635451505016, "recall": 0.3312788906009245, "f1-score": 0.4535864978902954, "support": 649}, "engine_idling": {"precision": 0.49498997995991983, "recall": 0.32457293035479634, "f1-score": 0.3920634920634921, "support": 761}, "gun_shot": {"precision": 0.0, "recall": 0.0, "f1-score": 0.0, "support": 83}, "jackhammer": {"precision": 0.4324853228962818, "recall": 0.2919418758256275, "f1-score": 0.3485804416403785, "support": 757}, "siren": {"precision": 0.3214556482183472, "recall": 0.6244477172312224, "f1-score": 0.42442442442442435, "support": 679}, "street_music": {"precision": 0.2882882882882883, "recall": 0.32, "f1-score": 0.3033175355450237, "support": 800}, "accuracy": 0.3700826446280992, "macro avg": {"precision": 0.3450171519893104, "recall": 0.3151402557729366, "f1-score": 0.31145470348357857, "support": 6050}, "weighted avg": {"precision": 0.4015813388023404, "recall": 0.3700826446280992, "f1-score": 0.3642458635405792, "support": 6050}}, "finalAcc": 0.3877890110015869, "finalVal": 0.3052157163619995, "finalAccData": [0.11629516631364822, 0.13807743787765503, 0.13840048015117645, 0.140338733792305, 0.14366145431995392, 0.14767640829086304, 0.152337446808815, 0.1583367884159088, 0.16133646667003632, 0.17042779922485352, 0.18247266113758087, 0.1923946589231491, 0.2032857984304428, 0.20840832591056824, 0.21182334423065186, 0.21851493418216705, 0.2191610187292099, 0.2327287793159485, 0.23540541529655457, 0.24122017621994019, 0.24500438570976257, 0.25197285413742065, 0.2543264627456665, 0.2557109296321869, 0.25954127311706543, 0.26364853978157043, 0.2665097713470459, 0.27273985743522644, 0.2922608256340027, 0.3161197900772095, 0.32788777351379395, 0.3346255123615265, 0.3398403227329254, 0.34357839822769165, 0.3439014256000519, 0.3532235026359558, 0.3792976140975952, 0.38460472226142883, 0.3869583308696747, 0.3877890110015869], "finalValData": [0.11719252914190292, 0.1274951696395874, 0.13683193922042847, 0.13908563554286957, 0.15582743287086487, 0.16130070388317108, 0.16258853673934937, 0.15936896204948425, 0.15518350899219513, 0.16258853673934937, 0.15969091653823853, 0.16516420245170593, 0.16516420245170593, 0.17707662284374237, 0.18061815202236176, 0.18287186324596405, 0.18415969610214233, 0.18609143793582916, 0.19414037466049194, 0.18834513425827026, 0.19446232914924622, 0.19285254180431366, 0.20540888607501984, 0.1967160403728485, 0.20734062790870667, 0.20895041525363922, 0.2079845517873764, 0.22858983278274536, 0.24855118989944458, 0.2472633570432663, 0.2569220960140228, 0.2495170682668686, 0.25466838479042053, 0.2704443037509918, 0.2649710178375244, 0.2640051543712616, 0.29684481024742126, 0.30392786860466003, 0.3087572455406189, 0.3052157163619995]}