{"parameters": [[512, 0.5, 40, 16]], "report": {"air_conditioner": {"precision": 0.3653007846556234, "recall": 0.525062656641604, "f1-score": 0.4308483290488431, "support": 798}, "car_horn": {"precision": 0.0903954802259887, "recall": 0.1, "f1-score": 0.09495548961424333, "support": 160}, "children_playing": {"precision": 0.3873355263157895, "recall": 0.5939470365699874, "f1-score": 0.4688899950223992, "support": 793}, "dog_bark": {"precision": 0.8621621621621621, "recall": 0.5596491228070175, "f1-score": 0.6787234042553191, "support": 570}, "drilling": {"precision": 0.6885964912280702, "recall": 0.48382126348228044, "f1-score": 0.5683257918552036, "support": 649}, "engine_idling": {"precision": 0.47071583514099785, "recall": 0.5703022339027596, "f1-score": 0.5157456922162805, "support": 761}, "gun_shot": {"precision": 0.9318181818181818, "recall": 0.4939759036144578, "f1-score": 0.6456692913385826, "support": 83}, "jackhammer": {"precision": 0.4665271966527197, "recall": 0.29458388375165123, "f1-score": 0.3611336032388664, "support": 757}, "siren": {"precision": 0.6172006745362564, "recall": 0.5390279823269514, "f1-score": 0.5754716981132075, "support": 679}, "street_music": {"precision": 0.5023183925811437, "recall": 0.40625, "f1-score": 0.44920525224602625, "support": 800}, "accuracy": 0.48396694214876035, "macro avg": {"precision": 0.5382370725316934, "recall": 0.45666200830967096, "f1-score": 0.4788968546948971, "support": 6050}, "weighted avg": {"precision": 0.5224979587063747, "recall": 0.48396694214876035, "f1-score": 0.48861422078293887, "support": 6050}}, "finalAcc": 0.6805113554000854, "finalVal": 0.43110108375549316, "finalAccData": [0.15699847042560577, 0.1845955103635788, 0.19760948419570923, 0.22160691022872925, 0.2514190673828125, 0.2847847044467926, 0.3032442629337311, 0.31718122959136963, 0.3332410454750061, 0.3491162359714508, 0.3554386496543884, 0.36845263838768005, 0.3943882882595062, 0.41658589243888855, 0.4375374913215637, 0.4593197703361511, 0.4763948619365692, 0.4988231956958771, 0.5219438076019287, 0.5344039797782898, 0.5498177409172058, 0.5574322938919067, 0.5727998614311218, 0.5825834274291992, 0.5889519453048706, 0.6007660627365112, 0.6076422333717346, 0.6194563508033752, 0.6335317492485046, 0.6314089298248291, 0.640038788318634, 0.6468226313591003, 0.6546218395233154, 0.6541141867637634, 0.668328046798706, 0.6636669635772705, 0.673542857170105, 0.6794960498809814, 0.6792191863059998, 0.6805113554000854], "finalValData": [0.22118480503559113, 0.2382485568523407, 0.22569221258163452, 0.22118480503559113, 0.2517707645893097, 0.25434643030166626, 0.26142948865890503, 0.2630392909049988, 0.31809401512145996, 0.3068254888057709, 0.3557630479335785, 0.2942691445350647, 0.3232453167438507, 0.33966517448425293, 0.354475200176239, 0.33032840490341187, 0.36767545342445374, 0.38216355443000793, 0.36155828833580017, 0.3689633011817932, 0.4005151391029358, 0.3770122230052948, 0.38216355443000793, 0.3815196454524994, 0.3902125060558319, 0.4059883952140808, 0.3950418531894684, 0.4162910580635071, 0.42562782764434814, 0.42916935682296753, 0.3972955644130707, 0.4240180253982544, 0.41564714908599854, 0.4114616811275482, 0.4172569215297699, 0.41113972663879395, 0.42466193437576294, 0.4137153923511505, 0.4140373468399048, 0.43110108375549316]}