{"parameters": [[64, 0.4, 40, 16]], "report": {"air_conditioner": {"precision": 0.28532853285328535, "recall": 0.39724310776942356, "f1-score": 0.3321110529072813, "support": 798}, "car_horn": {"precision": 0.0, "recall": 0.0, "f1-score": 0.0, "support": 160}, "children_playing": {"precision": 0.2684596577017115, "recall": 0.6923076923076923, "f1-score": 0.38689217758985195, "support": 793}, "dog_bark": {"precision": 0.5978835978835979, "recall": 0.5947368421052631, "f1-score": 0.5963060686015831, "support": 570}, "drilling": {"precision": 0.7950530035335689, "recall": 0.34668721109399075, "f1-score": 0.482832618025751, "support": 649}, "engine_idling": {"precision": 0.768595041322314, "recall": 0.12220762155059132, "f1-score": 0.2108843537414966, "support": 761}, "gun_shot": {"precision": 0.0, "recall": 0.0, "f1-score": 0.0, "support": 83}, "jackhammer": {"precision": 0.4675925925925926, "recall": 0.5336856010568032, "f1-score": 0.4984577421344849, "support": 757}, "siren": {"precision": 0.7045454545454546, "recall": 0.36524300441826213, "f1-score": 0.4810863239573229, "support": 679}, "street_music": {"precision": 0.26449787835926447, "recall": 0.23375, "f1-score": 0.24817518248175183, "support": 800}, "accuracy": 0.39041322314049587, "macro avg": {"precision": 0.41519557587917894, "recall": 0.3285861080302027, "f1-score": 0.32367455194395234, "support": 6050}, "weighted avg": {"precision": 0.4836722005328867, "recall": 0.39041322314049587, "f1-score": 0.3781977205282456, "support": 6050}}, "finalAcc": 0.41557061672210693, "finalVal": 0.34707018733024597, "finalAccData": [0.13987724483013153, 0.14190779626369476, 0.13927730917930603, 0.14010798931121826, 0.141538605093956, 0.14366145431995392, 0.14979925751686096, 0.15030689537525177, 0.15727536380290985, 0.1553371101617813, 0.15995199978351593, 0.16096727550029755, 0.16885873675346375, 0.17476579546928406, 0.17204301059246063, 0.17984217405319214, 0.18616457283496857, 0.1899949163198471, 0.20213207602500916, 0.21842263638973236, 0.2355438619852066, 0.23808205127716064, 0.25737228989601135, 0.2697863280773163, 0.2828926146030426, 0.28893810510635376, 0.2881997227668762, 0.30282893776893616, 0.3270109295845032, 0.33845585584640503, 0.3535926938056946, 0.35756149888038635, 0.3655914068222046, 0.38072821497917175, 0.3831741213798523, 0.3894503712654114, 0.39789560437202454, 0.40241819620132446, 0.41247865557670593, 0.41557061672210693], "finalValData": [0.16967160999774933, 0.14810045063495636, 0.1555054783821106, 0.14455892145633698, 0.15260785818099976, 0.1600128710269928, 0.16065679490566254, 0.15936896204948425, 0.16419832408428192, 0.16967160999774933, 0.16645203530788422, 0.18190598487854004, 0.1699935644865036, 0.17643271386623383, 0.17707662284374237, 0.18609143793582916, 0.21345782279968262, 0.21345782279968262, 0.21828718483448029, 0.2260141670703888, 0.2137797772884369, 0.19059884548187256, 0.20830650627613068, 0.25338056683540344, 0.2852543592453003, 0.2916935086250305, 0.2878299951553345, 0.2884739339351654, 0.3155183494091034, 0.3042498528957367, 0.3213135898113251, 0.2929813265800476, 0.3197037875652313, 0.3522215187549591, 0.33934321999549866, 0.34095299243927, 0.3464262783527374, 0.33934321999549866, 0.3557630479335785, 0.34707018733024597]}